frame,t,state,A,Ap,Ab,dA_dt,osc,risk,ttc_risk,traj_conf,transition
1,1.057,CRUISE,0.225,0.5,0.0,0.0,0.0,0.0,0.0,0.0,
2,1.937,CRUISE,0.1688,0.375,0.0,0.0,0.0,0.0,0.0,0.0,
3,2.173,CRUISE,0.2058,0.4573,0.0,0.0,0.0,0.0661,0.1889,0.0,
4,2.419,CRUISE,0.3384,0.7521,0.0,0.0,0.0,0.006,0.0172,0.0,
5,2.647,CRUISE,0.33,0.7333,0.0,0.038,0.0047,0.0216,0.0616,0.0,
6,2.916,CRUISE,0.3434,0.7631,0.0,0.0345,0.005,0.2474,0.707,0.0,
7,3.165,CRUISE,0.33,0.7333,0.0,0.0282,0.0048,0.3042,0.8692,0.0,
8,3.425,CRUISE,0.3189,0.7086,0.0,0.0222,0.0043,0.3219,0.9198,0.0,
9,3.684,CRUISE,0.3122,0.6939,0.0,0.0175,0.004,0.329,0.9401,0.0,
10,3.942,CRUISE,0.3059,0.6798,0.0,0.0139,0.0036,0.3351,0.9575,0.0,
11,4.182,CRUISE,0.3022,0.6715,0.0,0.011,0.0033,0.3393,0.9693,0.0,
12,4.452,CRUISE,0.2983,0.6629,0.0,0.0088,0.003,0.3415,0.9757,0.0,
13,4.711,CRUISE,0.2935,0.6521,0.0,0.0071,0.0028,0.3418,0.9764,0.0,
14,4.946,CRUISE,0.2935,0.6522,0.0,0.0057,0.0026,0.3413,0.9752,0.0,
15,5.223,CRUISE,0.2902,0.6449,0.0,0.0047,0.0024,0.3415,0.9756,0.0,
16,5.434,CRUISE,0.2882,0.6404,0.0,0.0038,0.0023,0.3424,0.9782,0.0,
17,5.672,CRUISE,0.2847,0.6326,0.0,0.0031,0.0021,0.3427,0.979,0.0,
18,5.901,CRUISE,0.2837,0.6303,0.0,0.0025,0.002,0.3431,0.9803,0.0,
19,6.124,CRUISE,0.2774,0.6165,0.0,0.0019,0.0019,0.3429,0.9797,0.0,
20,6.312,CRUISE,0.2727,0.6059,0.0,0.0014,0.0018,0.3427,0.979,0.0,
21,6.464,CRUISE,0.2673,0.594,0.0,0.0009,0.0018,0.3421,0.9775,0.0,
22,6.614,CRUISE,0.2748,0.6106,0.0,0.0007,0.0017,0.3416,0.9761,0.0,
23,6.809,CRUISE,0.3461,0.6033,0.1357,0.0012,0.0018,0.3416,0.9761,0.0,
24,6.98,PROBE,0.3648,0.5998,0.1725,0.0018,0.0019,0.3409,0.974,0.0,G1
25,7.173,PROBE,0.4091,0.5924,0.2591,0.0027,0.0024,0.341,0.9744,0.0,
26,7.366,PROBE,0.4174,0.5832,0.2819,0.0034,0.0028,0.3415,0.9758,0.0,
27,7.554,PROBE,0.449,0.576,0.3451,0.0042,0.0035,0.3426,0.9789,0.0,
28,7.711,PROBE,0.4624,0.5861,0.3611,0.0049,0.0042,0.3424,0.9784,0.0,
29,7.903,PROBE,0.472,0.6042,0.3638,0.0055,0.0049,0.3419,0.9768,0.0,
30,8.078,PROBE,0.4667,0.5965,0.3605,0.006,0.0054,0.3408,0.9737,0.0,
31,8.244,PROBE,0.4476,0.5619,0.3541,0.0061,0.0056,0.3406,0.973,0.0,
32,8.383,PROBE,0.2644,0.5876,0.0,0.0046,0.0048,0.2726,0.7787,0.0,
33,8.509,PROBE,0.2589,0.5753,0.0,0.0032,0.0045,0.0,0.0,0.0,
34,8.643,PROBE,0.2727,0.6061,0.0,0.0028,0.0046,0.3271,0.9345,0.0,
35,8.775,PROBE,0.282,0.6266,0.0,0.0025,0.0047,0.3377,0.9647,0.0,
36,8.906,PROBE,0.2816,0.6257,0.0,0.0022,0.0048,0.0001,0.0003,0.0,
37,9.029,PROBE,0.2798,0.6217,0.0,0.0019,0.0048,0.0001,0.0003,0.0,
38,9.157,PROBE,0.2817,0.6259,0.0,0.0015,0.0049,0.0037,0.0106,0.0,
39,9.286,PROBE,0.2932,0.6516,0.0,0.0012,0.0049,0.0,0.0,0.0,
40,9.409,PROBE,0.3019,0.6709,0.0,0.0009,0.005,0.0,0.0,0.0,
41,9.533,PROBE,0.3106,0.6902,0.0,0.0007,0.0049,0.0,0.0,0.0,
42,9.659,PROBE,0.3168,0.7041,0.0,0.0004,0.0049,0.0,0.0,0.0,
43,9.806,PROBE,0.3181,0.707,0.0,0.0001,0.0049,0.0,0.0,0.0,
44,9.991,HOLD,0.3251,0.7224,0.0,-0.0001,0.0048,0.0,0.0,0.0,G2
45,10.124,HOLD,0.3249,0.7219,0.0,-0.0004,0.0048,0.0,0.0,0.0,
46,10.256,HOLD,0.3252,0.7227,0.0,-0.0007,0.0047,0.0,0.0,0.0,
47,10.38,HOLD,0.3244,0.7209,0.0,-0.0011,0.0047,0.0,0.0,0.0,
48,10.508,PROBE,0.3291,0.7314,0.0,-0.0015,0.0046,0.0,0.0,0.0,G5
49,10.633,PROBE,0.328,0.7288,0.0,-0.0019,0.0045,0.0,0.0,0.0,
50,10.768,PROBE,0.3205,0.7122,0.0,-0.0024,0.0043,0.0,0.0,0.0,
51,10.9,PROBE,0.3146,0.6992,0.0,-0.003,0.0042,0.0,0.0,0.0,
52,11.027,PROBE,0.3174,0.7054,0.0,-0.0036,0.0041,0.0,0.0,0.0,
53,11.147,PROBE,0.3171,0.7048,0.0,-0.0037,0.0041,0.0,0.0,0.0,
54,11.282,PROBE,0.3177,0.7061,0.0,-0.0037,0.0041,0.0,0.0,0.0,
55,11.407,PROBE,0.3185,0.7079,0.0,-0.0033,0.0039,0.3453,0.9866,0.0,
56,11.534,COMMIT,0.3094,0.6876,0.0,-0.0029,0.0037,0.0,0.0,0.0,G3
57,11.661,COMMIT,0.3073,0.6829,0.0,-0.0023,0.0032,0.345,0.9858,0.0,
58,11.786,COMMIT,0.308,0.6844,0.0,-0.0014,0.0026,0.1,0.0,0.0,
59,11.91,CRUISE,0.3089,0.6865,0.0,-0.0005,0.0018,0.05,0.0,0.0,G7_from_commit
60,12.06,CRUISE,0.2982,0.6626,0.0,0.0004,0.001,0.0333,0.0,0.0,
61,12.187,CRUISE,0.2918,0.6486,0.0,0.0013,0.0004,0.025,0.0,0.0,
62,12.32,CRUISE,0.2876,0.639,0.0,0.0009,0.0003,0.02,0.0,0.0,
63,12.448,CRUISE,0.2878,0.6396,0.0,0.0005,0.0003,0.377,0.9819,0.0,
64,12.585,CRUISE,0.2917,0.6482,0.0,0.0001,0.0002,0.3851,0.9777,0.0,
65,12.717,CRUISE,0.2921,0.6492,0.0,-0.0002,0.0002,0.05,0.0,0.0,
66,12.847,CRUISE,0.2596,0.5768,0.0,-0.0006,0.0003,0.0444,0.0,0.0,
67,12.982,CRUISE,0.2199,0.4887,0.0,-0.0014,0.0005,0.3978,0.9937,0.0,
68,13.125,CRUISE,0.2082,0.4627,0.0,-0.0022,0.0008,0.0,0.0,0.0,
69,13.258,CRUISE,0.2126,0.4725,0.0,-0.0028,0.0011,0.3483,0.995,0.0,
70,13.384,CRUISE,0.2126,0.4725,0.0,-0.0034,0.0013,0.0,0.0,0.0,
71,13.51,CRUISE,0.2138,0.475,0.0,-0.0038,0.0015,0.3482,0.9948,0.0,
72,13.639,CRUISE,0.2138,0.475,0.0,-0.0042,0.0017,0.0,0.0,0.0,
73,13.771,CRUISE,0.2166,0.4813,0.0,-0.0044,0.0018,0.346,0.9884,0.0,
74,13.905,CRUISE,0.2166,0.4813,0.0,-0.0046,0.0019,0.0,0.0,0.0,
75,14.039,CRUISE,0.2166,0.4813,0.0,-0.0048,0.002,0.0,0.0,0.0,
76,14.169,CRUISE,0.2166,0.4813,0.0,-0.0049,0.0021,0.0,0.0,0.0,
77,14.326,CRUISE,0.2166,0.4813,0.0,-0.0049,0.0021,0.0,0.0,0.0,
78,14.488,CRUISE,0.2166,0.4813,0.0,-0.0049,0.0021,0.0,0.0,0.0,
79,14.641,CRUISE,0.2166,0.4813,0.0,-0.0048,0.002,0.0,0.0,0.0,
80,14.783,CRUISE,0.2589,0.5754,0.0,-0.0045,0.0019,0.3484,0.9953,0.0,
81,14.92,CRUISE,0.2745,0.61,0.0,-0.004,0.0018,0.0661,0.1889,0.0,
82,15.053,CRUISE,0.29,0.6446,0.0,-0.0035,0.0018,0.0661,0.1889,0.0,
83,15.181,CRUISE,0.303,0.6733,0.0,-0.0028,0.0017,0.0661,0.1889,0.0,
84,15.313,CRUISE,0.3113,0.6917,0.0,-0.0021,0.0017,0.0661,0.1889,0.0,
85,15.436,CRUISE,0.3151,0.7003,0.0,-0.0013,0.0017,0.0661,0.1889,0.0,
86,15.566,CRUISE,0.3215,0.7144,0.0,-0.0006,0.0017,0.0661,0.1889,0.0,
87,15.693,CRUISE,0.3175,0.7056,0.0,0.0001,0.0018,0.0,0.0,0.0,
88,15.819,CRUISE,0.3175,0.7056,0.0,0.0008,0.0018,0.0,0.0,0.0,
89,15.948,CRUISE,0.3175,0.7056,0.0,0.0015,0.0018,0.0,0.0,0.0,
90,16.087,CRUISE,0.3203,0.7118,0.0,0.0022,0.0019,0.3411,0.9745,0.0,
91,16.217,CRUISE,0.3203,0.7118,0.0,0.0027,0.002,0.0,0.0,0.0,
92,16.356,CRUISE,0.3203,0.7118,0.0,0.0033,0.0021,0.0,0.0,0.0,
93,16.505,CRUISE,0.32,0.7111,0.0,0.0038,0.0021,0.0,0.0,0.0,
94,16.643,CRUISE,0.3162,0.7028,0.0,0.0043,0.0022,0.0,0.0,0.0,
95,16.786,CRUISE,0.3162,0.7028,0.0,0.0048,0.0023,0.0,0.0,0.0,
96,16.917,CRUISE,0.3162,0.7028,0.0,0.0051,0.0023,0.0,0.0,0.0,
97,17.05,CRUISE,0.3128,0.6951,0.0,0.0051,0.0023,0.0,0.0,0.0,
98,17.189,CRUISE,0.3128,0.6951,0.0,0.0049,0.0022,0.0,0.0,0.0,
99,17.369,CRUISE,0.309,0.6866,0.0,0.0047,0.0021,0.0,0.0,0.0,
100,17.524,CRUISE,0.309,0.6866,0.0,0.0044,0.002,0.0,0.0,0.0,
101,17.664,CRUISE,0.3134,0.6964,0.0,0.0042,0.0019,0.3439,0.9825,0.0,
102,17.83,CRUISE,0.3134,0.6964,0.0,0.0039,0.0017,0.0,0.0,0.0,
103,18.011,CRUISE,0.3103,0.6895,0.0,0.0035,0.0016,0.0,0.0,0.0,
104,18.166,CRUISE,0.3103,0.6895,0.0,0.0031,0.0014,0.0,0.0,0.0,
105,18.344,CRUISE,0.3103,0.6895,0.0,0.0027,0.0012,0.0,0.0,0.0,
106,18.519,CRUISE,0.3103,0.6895,0.0,0.0022,0.001,0.0,0.0,0.0,
107,18.706,CRUISE,0.3103,0.6895,0.0,0.0017,0.0007,0.0,0.0,0.0,
108,18.862,CRUISE,0.3103,0.6895,0.0,0.0011,0.0005,0.0,0.0,0.0,
109,19.05,CRUISE,0.3103,0.6895,0.0,0.0005,0.0002,0.0,0.0,0.0,
110,19.183,CRUISE,0.3019,0.6709,0.0,0.0001,0.0001,0.0,0.0,0.0,
111,19.303,CRUISE,0.2969,0.6597,0.0,-0.0002,0.0,0.0,0.0,0.0,
112,19.432,CRUISE,0.2874,0.6386,0.0,-0.0005,0.0001,0.0,0.0,0.0,
113,19.566,CRUISE,0.2741,0.609,0.0,-0.0008,0.0001,0.0,0.0,0.0,
114,19.696,CRUISE,0.2597,0.577,0.0,-0.0012,0.0002,0.0,0.0,0.0,
115,19.833,CRUISE,0.24,0.5332,0.0,-0.0016,0.0003,0.0,0.0,0.0,
116,19.96,CRUISE,0.1942,0.4314,0.0,-0.0022,0.0007,0.0,0.0,0.0,
117,20.085,CRUISE,0.1942,0.4314,0.0,-0.0028,0.0011,0.0,0.0,0.0,
118,20.213,CRUISE,0.1942,0.4314,0.0,-0.0033,0.0014,0.0,0.0,0.0,
119,20.374,CRUISE,0.1942,0.4314,0.0,-0.0038,0.0017,0.0,0.0,0.0,
120,20.527,CRUISE,0.1877,0.4171,0.0,-0.0043,0.002,0.0,0.0,0.0,
121,20.662,CRUISE,0.1877,0.4171,0.0,-0.0047,0.0023,0.0,0.0,0.0,
122,20.794,CRUISE,0.1877,0.4171,0.0,-0.005,0.0025,0.0,0.0,0.0,
123,20.922,CRUISE,0.1877,0.4171,0.0,-0.0053,0.0027,0.0,0.0,0.0,
124,21.06,CRUISE,0.1877,0.4171,0.0,-0.0055,0.0029,0.0,0.0,0.0,
125,21.188,CRUISE,0.1877,0.4171,0.0,-0.0057,0.003,0.0,0.0,0.0,
126,21.316,CRUISE,0.1877,0.4171,0.0,-0.0059,0.0031,0.0,0.0,0.0,
127,21.442,CRUISE,0.1877,0.4171,0.0,-0.006,0.0031,0.0,0.0,0.0,
128,21.573,CRUISE,0.1877,0.4171,0.0,-0.006,0.0032,0.0,0.0,0.0,
129,21.712,CRUISE,0.1877,0.4171,0.0,-0.006,0.0032,0.0,0.0,0.0,
130,21.836,CRUISE,0.1877,0.4171,0.0,-0.006,0.0031,0.0,0.0,0.0,
131,21.968,CRUISE,0.1688,0.375,0.0,-0.006,0.0031,0.0,0.0,0.0,
132,22.1,CRUISE,0.1688,0.375,0.0,-0.0059,0.0031,0.0,0.0,0.0,
133,22.227,CRUISE,0.1688,0.375,0.0,-0.0058,0.003,0.0,0.0,0.0,
134,22.349,CRUISE,0.1688,0.375,0.0,-0.0056,0.0029,0.0,0.0,0.0,
135,22.482,CRUISE,0.1688,0.375,0.0,-0.0054,0.0027,0.0,0.0,0.0,
136,22.603,CRUISE,0.1688,0.375,0.0,-0.0051,0.0025,0.0,0.0,0.0,
137,22.733,CRUISE,0.1688,0.375,0.0,-0.0047,0.0023,0.0,0.0,0.0,
138,22.866,CRUISE,0.1688,0.375,0.0,-0.0043,0.002,0.0,0.0,0.0,
139,22.994,CRUISE,0.1688,0.375,0.0,-0.0038,0.0016,0.0,0.0,0.0,
140,23.126,CRUISE,0.1688,0.375,0.0,-0.0033,0.0013,0.0,0.0,0.0,
141,23.272,CRUISE,0.1688,0.375,0.0,-0.0028,0.001,0.0,0.0,0.0,
142,23.4,CRUISE,0.1688,0.375,0.0,-0.0023,0.0007,0.0,0.0,0.0,
143,23.538,CRUISE,0.1688,0.375,0.0,-0.0018,0.0004,0.0,0.0,0.0,
144,23.667,CRUISE,0.1688,0.375,0.0,-0.0014,0.0002,0.0,0.0,0.0,
145,23.799,CRUISE,0.1688,0.375,0.0,-0.0011,0.0001,0.0,0.0,0.0,
146,23.922,CRUISE,0.1688,0.375,0.0,-0.0011,0.0001,0.0,0.0,0.0,
147,24.051,CRUISE,0.1688,0.375,0.0,-0.001,0.0001,0.0,0.0,0.0,
148,24.182,CRUISE,0.1688,0.375,0.0,-0.001,0.0001,0.0,0.0,0.0,
149,24.303,CRUISE,0.1688,0.375,0.0,-0.0009,0.0001,0.0,0.0,0.0,
150,24.43,CRUISE,0.1688,0.375,0.0,-0.0008,0.0001,0.0,0.0,0.0,
151,24.554,CRUISE,0.1688,0.375,0.0,-0.0008,0.0001,0.0,0.0,0.0,
152,24.683,CRUISE,0.1689,0.3753,0.0,-0.0007,0.0001,0.0073,0.0208,0.0,
153,24.81,CRUISE,0.1689,0.3753,0.0,-0.0007,0.0001,0.0,0.0,0.0,
154,24.936,CRUISE,0.1689,0.3753,0.0,-0.0006,0.0001,0.0,0.0,0.0,
155,25.066,CRUISE,0.1689,0.3753,0.0,-0.0005,0.0,0.0,0.0,0.0,
156,25.188,CRUISE,0.1689,0.3753,0.0,-0.0004,0.0,0.0,0.0,0.0,
157,25.315,CRUISE,0.1689,0.3753,0.0,-0.0003,0.0,0.0,0.0,0.0,
158,25.464,CRUISE,0.1695,0.3767,0.0,-0.0002,0.0,0.0073,0.0208,0.0,
159,25.591,CRUISE,0.1695,0.3767,0.0,-0.0001,0.0,0.0,0.0,0.0,
160,25.724,CRUISE,0.1695,0.3767,0.0,0.0,0.0,0.0,0.0,0.0,
161,25.858,CRUISE,0.1695,0.3767,0.0,0.0,0.0,0.0,0.0,0.0,
162,25.996,CRUISE,0.1695,0.3767,0.0,0.0,0.0,0.0,0.0,0.0,
163,26.132,CRUISE,0.1695,0.3767,0.0,0.0,0.0,0.0,0.0,0.0,
164,26.266,CRUISE,0.1695,0.3767,0.0,0.0,0.0,0.0,0.0,0.0,
165,26.395,CRUISE,0.1695,0.3767,0.0,0.0,0.0,0.0,0.0,0.0,
166,26.524,CRUISE,0.1695,0.3767,0.0,0.0,0.0,0.0,0.0,0.0,
167,26.668,CRUISE,0.1695,0.3767,0.0,0.0,0.0,0.0,0.0,0.0,
168,26.795,CRUISE,0.1695,0.3767,0.0,0.0,0.0,0.0,0.0,0.0,
169,26.932,CRUISE,0.1695,0.3767,0.0,0.0,0.0,0.0,0.0,0.0,
170,27.066,CRUISE,0.1695,0.3767,0.0,0.0,0.0,0.0,0.0,0.0,
171,27.189,CRUISE,0.1695,0.3767,0.0,0.0,0.0,0.0,0.0,0.0,
172,27.315,CRUISE,0.1695,0.3767,0.0,0.0,0.0,0.0,0.0,0.0,
173,27.441,CRUISE,0.1695,0.3767,0.0,0.0,0.0,0.0,0.0,0.0,
174,27.566,CRUISE,0.1695,0.3767,0.0,0.0,0.0,0.0,0.0,0.0,
175,27.709,CRUISE,0.1695,0.3767,0.0,0.0,0.0,0.0,0.0,0.0,
176,27.848,CRUISE,0.1695,0.3767,0.0,0.0,0.0,0.0,0.0,0.0,
177,27.989,CRUISE,0.1695,0.3767,0.0,0.0,0.0,0.0,0.0,0.0,
178,28.125,CRUISE,0.1695,0.3767,0.0,0.0,0.0,0.0,0.0,0.0,
179,28.268,CRUISE,0.1695,0.3767,0.0,0.0,0.0,0.0,0.0,0.0,
180,28.465,CRUISE,0.1695,0.3767,0.0,0.0,0.0,0.0,0.0,0.0,
181,28.61,CRUISE,0.1695,0.3767,0.0,0.0,0.0,0.0,0.0,0.0,
182,28.737,CRUISE,0.1695,0.3767,0.0,0.0,0.0,0.0,0.0,0.0,
183,28.864,CRUISE,0.1695,0.3767,0.0,0.0,0.0,0.0,0.0,0.0,
184,28.988,CRUISE,0.1695,0.3767,0.0,0.0,0.0,0.0,0.0,0.0,
185,29.11,CRUISE,0.1695,0.3767,0.0,0.0,0.0,0.0,0.0,0.0,
186,29.24,CRUISE,0.1695,0.3767,0.0,0.0,0.0,0.0,0.0,0.0,
187,29.365,CRUISE,0.1695,0.3767,0.0,0.0,0.0,0.0,0.0,0.0,
188,29.49,CRUISE,0.1688,0.375,0.0,-0.0,0.0,0.0,0.0,0.0,
189,29.616,CRUISE,0.1688,0.375,0.0,-0.0,0.0,0.0,0.0,0.0,
190,29.753,CRUISE,0.1688,0.375,0.0,-0.0,0.0,0.0,0.0,0.0,
191,29.894,CRUISE,0.1688,0.375,0.0,-0.0,0.0,0.0,0.0,0.0,
192,30.038,CRUISE,0.1688,0.375,0.0,-0.0,0.0,0.0,0.0,0.0,
193,30.179,CRUISE,0.1688,0.375,0.0,-0.0,0.0,0.0,0.0,0.0,
194,30.321,CRUISE,0.1688,0.375,0.0,-0.0,0.0,0.0,0.0,0.0,
195,30.47,CRUISE,0.1688,0.375,0.0,-0.0,0.0,0.0,0.0,0.0,
196,30.596,CRUISE,0.1688,0.375,0.0,-0.0,0.0,0.0,0.0,0.0,
197,30.731,CRUISE,0.1688,0.375,0.0,-0.0,0.0,0.0,0.0,0.0,
198,30.859,CRUISE,0.1688,0.375,0.0,-0.0,0.0,0.0,0.0,0.0,
199,30.991,CRUISE,0.1688,0.375,0.0,-0.0,0.0,0.0,0.0,0.0,
200,31.114,CRUISE,0.1688,0.375,0.0,-0.0,0.0,0.0,0.0,0.0,
201,31.244,CRUISE,0.1688,0.375,0.0,-0.0,0.0,0.0,0.0,0.0,
202,31.368,CRUISE,0.1688,0.375,0.0,-0.0,0.0,0.0,0.0,0.0,
203,31.492,CRUISE,0.1688,0.375,0.0,-0.0,0.0,0.0,0.0,0.0,
204,31.614,CRUISE,0.1688,0.375,0.0,-0.0,0.0,0.0,0.0,0.0,
205,31.734,CRUISE,0.1688,0.375,0.0,-0.0,0.0,0.0,0.0,0.0,
206,31.859,CRUISE,0.1688,0.375,0.0,-0.0,0.0,0.0,0.0,0.0,
207,31.984,CRUISE,0.1688,0.375,0.0,-0.0,0.0,0.0,0.0,0.0,
208,32.129,CRUISE,0.1688,0.375,0.0,-0.0,0.0,0.0,0.0,0.0,
209,32.272,CRUISE,0.1688,0.375,0.0,-0.0,0.0,0.0,0.0,0.0,
210,32.418,CRUISE,0.1688,0.375,0.0,-0.0,0.0,0.0,0.0,0.0,
211,32.545,CRUISE,0.1688,0.375,0.0,-0.0,0.0,0.0,0.0,0.0,
212,32.682,CRUISE,0.1688,0.375,0.0,-0.0,0.0,0.0,0.0,0.0,
213,32.814,CRUISE,0.1688,0.375,0.0,-0.0,0.0,0.0,0.0,0.0,
214,32.948,CRUISE,0.1688,0.375,0.0,-0.0,0.0,0.0,0.0,0.0,
215,33.083,CRUISE,0.1688,0.375,0.0,-0.0,0.0,0.0,0.0,0.0,
216,33.214,CRUISE,0.1688,0.375,0.0,-0.0,0.0,0.0,0.0,0.0,
217,33.345,CRUISE,0.1688,0.375,0.0,-0.0,0.0,0.0,0.0,0.0,
218,33.471,CRUISE,0.1688,0.375,0.0,-0.0,0.0,0.0,0.0,0.0,
219,33.597,CRUISE,0.1688,0.375,0.0,-0.0,0.0,0.0,0.0,0.0,
220,33.73,CRUISE,0.1688,0.375,0.0,-0.0,0.0,0.0,0.0,0.0,
221,33.858,CRUISE,0.1688,0.375,0.0,-0.0,0.0,0.0,0.0,0.0,
222,33.989,CRUISE,0.1688,0.375,0.0,-0.0,0.0,0.0,0.0,0.0,
223,34.121,CRUISE,0.1688,0.375,0.0,-0.0,0.0,0.0,0.0,0.0,
224,34.247,CRUISE,0.1688,0.375,0.0,-0.0,0.0,0.0,0.0,0.0,
225,34.412,CRUISE,0.1688,0.375,0.0,-0.0,0.0,0.0,0.0,0.0,
226,34.56,CRUISE,0.1688,0.375,0.0,-0.0,0.0,0.0,0.0,0.0,
227,34.69,CRUISE,0.1688,0.375,0.0,-0.0,0.0,0.0,0.0,0.0,
228,34.818,CRUISE,0.1688,0.375,0.0,-0.0,0.0,0.0,0.0,0.0,
229,34.944,CRUISE,0.1688,0.375,0.0,-0.0,0.0,0.0,0.0,0.0,
230,35.069,CRUISE,0.1688,0.375,0.0,-0.0,0.0,0.0,0.0,0.0,
231,35.199,CRUISE,0.1688,0.375,0.0,-0.0,0.0,0.0,0.0,0.0,
232,35.319,CRUISE,0.1688,0.375,0.0,-0.0,0.0,0.0,0.0,0.0,
233,35.454,CRUISE,0.1688,0.375,0.0,-0.0,0.0,0.0,0.0,0.0,
234,35.587,CRUISE,0.1688,0.375,0.0,-0.0,0.0,0.0,0.0,0.0,
235,35.715,CRUISE,0.1688,0.375,0.0,-0.0,0.0,0.0,0.0,0.0,
236,35.856,CRUISE,0.1688,0.375,0.0,-0.0,0.0,0.0,0.0,0.0,
237,35.987,CRUISE,0.1688,0.375,0.0,-0.0,0.0,0.0,0.0,0.0,
238,36.115,CRUISE,0.1688,0.375,0.0,-0.0,0.0,0.0,0.0,0.0,
239,36.245,CRUISE,0.1688,0.375,0.0,-0.0,0.0,0.0,0.0,0.0,
240,36.368,CRUISE,0.1688,0.375,0.0,-0.0,0.0,0.0,0.0,0.0,
241,36.494,CRUISE,0.1688,0.375,0.0,-0.0,0.0,0.0,0.0,0.0,
242,36.638,CRUISE,0.1688,0.375,0.0,-0.0,0.0,0.0,0.0,0.0,
243,36.767,CRUISE,0.1688,0.375,0.0,-0.0,0.0,0.0,0.0,0.0,
244,36.897,CRUISE,0.1688,0.375,0.0,-0.0,0.0,0.0,0.0,0.0,
245,37.016,CRUISE,0.1688,0.375,0.0,-0.0,0.0,0.0,0.0,0.0,
246,37.141,CRUISE,0.1688,0.375,0.0,-0.0,0.0,0.0,0.0,0.0,
247,37.265,CRUISE,0.1688,0.375,0.0,-0.0,0.0,0.0,0.0,0.0,
248,37.397,CRUISE,0.1688,0.375,0.0,-0.0,0.0,0.0,0.0,0.0,
249,37.525,CRUISE,0.1688,0.375,0.0,-0.0,0.0,0.0,0.0,0.0,
250,37.66,CRUISE,0.1688,0.375,0.0,-0.0,0.0,0.0,0.0,0.0,
251,37.786,CRUISE,0.1688,0.375,0.0,-0.0,0.0,0.0,0.0,0.0,
252,37.908,CRUISE,0.1688,0.375,0.0,-0.0,0.0,0.0,0.0,0.0,
253,38.045,CRUISE,0.1688,0.375,0.0,-0.0,0.0,0.0,0.0,0.0,
254,38.17,CRUISE,0.1688,0.375,0.0,-0.0,0.0,0.0,0.0,0.0,
255,38.298,CRUISE,0.1688,0.375,0.0,-0.0,0.0,0.0,0.0,0.0,
256,38.432,CRUISE,0.1688,0.375,0.0,-0.0,0.0,0.0,0.0,0.0,
257,38.562,CRUISE,0.1688,0.375,0.0,-0.0,0.0,0.0,0.0,0.0,
258,38.685,CRUISE,0.1688,0.375,0.0,-0.0,0.0,0.0,0.0,0.0,
259,38.83,CRUISE,0.1688,0.375,0.0,-0.0,0.0,0.0,0.0,0.0,
260,38.968,CRUISE,0.1688,0.375,0.0,-0.0,0.0,0.0,0.0,0.0,
261,39.107,CRUISE,0.1688,0.375,0.0,-0.0,0.0,0.0,0.0,0.0,
262,39.249,CRUISE,0.1688,0.375,0.0,-0.0,0.0,0.0,0.0,0.0,
263,39.383,CRUISE,0.1688,0.375,0.0,-0.0,0.0,0.0,0.0,0.0,
264,39.516,CRUISE,0.1688,0.375,0.0,-0.0,0.0,0.0,0.0,0.0,
265,39.643,CRUISE,0.1688,0.375,0.0,-0.0,0.0,0.0,0.0,0.0,
266,39.768,CRUISE,0.1688,0.375,0.0,-0.0,0.0,0.0,0.0,0.0,
267,39.902,CRUISE,0.1688,0.375,0.0,-0.0,0.0,0.0,0.0,0.0,
268,40.036,CRUISE,0.1688,0.375,0.0,-0.0,0.0,0.0,0.0,0.0,
269,40.167,CRUISE,0.1688,0.375,0.0,-0.0,0.0,0.0,0.0,0.0,
270,40.294,CRUISE,0.1688,0.375,0.0,-0.0,0.0,0.0,0.0,0.0,
271,40.423,CRUISE,0.1688,0.375,0.0,-0.0,0.0,0.0,0.0,0.0,
272,40.564,CRUISE,0.1688,0.375,0.0,-0.0,0.0,0.0,0.0,0.0,
273,40.709,CRUISE,0.1688,0.375,0.0,-0.0,0.0,0.0,0.0,0.0,
274,40.856,CRUISE,0.1688,0.375,0.0,-0.0,0.0,0.0,0.0,0.0,
275,41.077,CRUISE,0.1688,0.375,0.0,-0.0,0.0,0.0,0.0,0.0,
276,41.212,CRUISE,0.1688,0.375,0.0,-0.0,0.0,0.0,0.0,0.0,
277,41.367,CRUISE,0.1688,0.375,0.0,-0.0,0.0,0.0,0.0,0.0,
278,41.522,CRUISE,0.1688,0.375,0.0,-0.0,0.0,0.0,0.0,0.0,
279,41.713,CRUISE,0.1688,0.375,0.0,-0.0,0.0,0.0,0.0,0.0,
280,41.886,CRUISE,0.1688,0.375,0.0,-0.0,0.0,0.0,0.0,0.0,
281,42.104,CRUISE,0.1688,0.375,0.0,-0.0,0.0,0.0,0.0,0.0,
282,42.314,CRUISE,0.1688,0.375,0.0,-0.0,0.0,0.0,0.0,0.0,
283,42.537,CRUISE,0.1688,0.375,0.0,-0.0,0.0,0.0,0.0,0.0,
284,42.701,CRUISE,0.1688,0.375,0.0,-0.0,0.0,0.0,0.0,0.0,
285,42.858,CRUISE,0.1688,0.375,0.0,-0.0,0.0,0.0,0.0,0.0,
286,43.003,CRUISE,0.1688,0.375,0.0,-0.0,0.0,0.0,0.0,0.0,
287,43.136,CRUISE,0.1688,0.375,0.0,-0.0,0.0,0.0,0.0,0.0,
288,43.282,CRUISE,0.1688,0.375,0.0,-0.0,0.0,0.0,0.0,0.0,
289,43.44,CRUISE,0.1688,0.375,0.0,-0.0,0.0,0.0,0.0,0.0,
290,43.593,CRUISE,0.1688,0.375,0.0,-0.0,0.0,0.0,0.0,0.0,
291,43.736,CRUISE,0.1688,0.375,0.0,-0.0,0.0,0.0,0.0,0.0,
292,43.864,CRUISE,0.1688,0.375,0.0,-0.0,0.0,0.0,0.0,0.0,
293,43.995,CRUISE,0.1939,0.431,0.0,0.0002,0.0,0.0086,0.0245,0.0,
294,44.115,CRUISE,0.1939,0.431,0.0,0.0003,0.0,0.0,0.0,0.0,
295,44.241,CRUISE,0.1939,0.431,0.0,0.0005,0.0001,0.0,0.0,0.0,
296,44.374,CRUISE,0.1939,0.431,0.0,0.0006,0.0001,0.0,0.0,0.0,
297,44.504,CRUISE,0.1939,0.431,0.0,0.0007,0.0001,0.0,0.0,0.0,
298,44.635,CRUISE,0.1939,0.431,0.0,0.0008,0.0001,0.0,0.0,0.0,
299,44.765,CRUISE,0.1939,0.431,0.0,0.0009,0.0001,0.0,0.0,0.0,
300,44.898,CRUISE,0.1939,0.431,0.0,0.001,0.0001,0.0,0.0,0.0,
301,45.037,CRUISE,0.1939,0.431,0.0,0.0011,0.0001,0.0,0.0,0.0,
302,45.165,CRUISE,0.1939,0.431,0.0,0.0011,0.0001,0.0,0.0,0.0,
303,45.296,CRUISE,0.1939,0.431,0.0,0.0012,0.0001,0.0,0.0,0.0,
304,45.423,CRUISE,0.1939,0.431,0.0,0.0012,0.0002,0.0,0.0,0.0,
305,45.567,CRUISE,0.1939,0.431,0.0,0.0012,0.0002,0.0,0.0,0.0,
306,45.698,CRUISE,0.1939,0.431,0.0,0.0013,0.0002,0.0,0.0,0.0,
307,45.846,CRUISE,0.1939,0.431,0.0,0.0013,0.0002,0.0,0.0,0.0,
308,45.989,CRUISE,0.1939,0.431,0.0,0.0013,0.0002,0.0,0.0,0.0,
309,46.123,CRUISE,0.1939,0.431,0.0,0.0012,0.0002,0.0,0.0,0.0,
310,46.25,CRUISE,0.1939,0.431,0.0,0.0012,0.0002,0.0,0.0,0.0,
311,46.381,CRUISE,0.1939,0.431,0.0,0.0012,0.0001,0.0,0.0,0.0,
312,46.51,CRUISE,0.1939,0.431,0.0,0.0011,0.0001,0.0,0.0,0.0,
313,46.639,CRUISE,0.1939,0.431,0.0,0.0011,0.0001,0.0,0.0,0.0,
314,46.768,CRUISE,0.1939,0.431,0.0,0.001,0.0001,0.0,0.0,0.0,
315,46.898,CRUISE,0.1939,0.431,0.0,0.0009,0.0001,0.0,0.0,0.0,
316,47.031,CRUISE,0.1939,0.431,0.0,0.0008,0.0001,0.0,0.0,0.0,
317,47.154,CRUISE,0.1939,0.431,0.0,0.0007,0.0001,0.0,0.0,0.0,
318,47.324,CRUISE,0.1939,0.431,0.0,0.0006,0.0001,0.0,0.0,0.0,
319,47.458,CRUISE,0.1945,0.4323,0.0,0.0005,0.0001,0.2093,0.5979,0.0,
320,47.602,CRUISE,0.1945,0.4323,0.0,0.0003,0.0,0.0,0.0,0.0,
321,47.736,CRUISE,0.1945,0.4323,0.0,0.0002,0.0,0.0,0.0,0.0,
322,47.889,CRUISE,0.1945,0.4323,0.0,0.0,0.0,0.0,0.0,0.0,
323,48.02,CRUISE,0.1766,0.3924,0.0,-0.0001,0.0,0.2691,0.769,0.0,
324,48.169,CRUISE,0.1766,0.3924,0.0,-0.0002,0.0,0.0,0.0,0.0,
325,48.313,CRUISE,0.1766,0.3924,0.0,-0.0003,0.0,0.0,0.0,0.0,
326,48.451,CRUISE,0.1766,0.3924,0.0,-0.0004,0.0,0.0,0.0,0.0,
327,48.58,CRUISE,0.1766,0.3924,0.0,-0.0005,0.0,0.0,0.0,0.0,
328,48.708,CRUISE,0.1766,0.3924,0.0,-0.0005,0.0,0.0,0.0,0.0,
329,48.843,CRUISE,0.1766,0.3924,0.0,-0.0006,0.0001,0.0,0.0,0.0,
330,48.976,CRUISE,0.1766,0.3924,0.0,-0.0007,0.0001,0.0,0.0,0.0,
331,49.113,CRUISE,0.1766,0.3924,0.0,-0.0007,0.0001,0.0,0.0,0.0,
332,49.25,CRUISE,0.1766,0.3924,0.0,-0.0008,0.0001,0.2913,0.8323,0.0,
333,49.381,CRUISE,0.1766,0.3924,0.0,-0.0008,0.0001,0.0,0.0,0.0,
334,49.504,CRUISE,0.1766,0.3924,0.0,-0.0008,0.0001,0.0,0.0,0.0,
335,49.629,CRUISE,0.1766,0.3924,0.0,-0.0009,0.0001,0.0,0.0,0.0,
336,49.753,CRUISE,0.1766,0.3924,0.0,-0.0009,0.0001,0.0,0.0,0.0,
337,49.88,CRUISE,0.1766,0.3924,0.0,-0.0009,0.0001,0.0,0.0,0.0,
338,50.018,CRUISE,0.177,0.3933,0.0,-0.0009,0.0001,0.3026,0.8647,0.0,
339,50.148,CRUISE,0.177,0.3933,0.0,-0.0009,0.0001,0.0,0.0,0.0,
340,50.274,CRUISE,0.177,0.3933,0.0,-0.0008,0.0001,0.0,0.0,0.0,
341,50.397,CRUISE,0.1797,0.3994,0.0,-0.0008,0.0001,0.3096,0.8846,0.0,
342,50.53,CRUISE,0.1797,0.3994,0.0,-0.0007,0.0001,0.0,0.0,0.0,
343,50.657,CRUISE,0.1797,0.3994,0.0,-0.0007,0.0001,0.0,0.0,0.0,
344,50.791,CRUISE,0.1838,0.4085,0.0,-0.0006,0.0001,0.314,0.8971,0.0,
345,50.92,CRUISE,0.1838,0.4085,0.0,-0.0005,0.0001,0.0,0.0,0.0,
346,51.057,CRUISE,0.1838,0.4085,0.0,-0.0004,0.0,0.0,0.0,0.0,
347,51.198,CRUISE,0.1838,0.4085,0.0,-0.0003,0.0,0.0,0.0,0.0,
348,51.332,CRUISE,0.1838,0.4085,0.0,-0.0002,0.0,0.0,0.0,0.0,
349,51.463,CRUISE,0.1825,0.4055,0.0,-0.0001,0.0,0.3168,0.9052,0.0,
350,51.588,CRUISE,0.1825,0.4055,0.0,0.0,0.0,0.0,0.0,0.0,
351,51.716,CRUISE,0.1825,0.4055,0.0,0.0002,0.0,0.0,0.0,0.0,
352,51.841,CRUISE,0.1825,0.4055,0.0,0.0003,0.0,0.0,0.0,0.0,
353,51.96,CRUISE,0.1825,0.4055,0.0,0.0003,0.0,0.0,0.0,0.0,
354,52.088,CRUISE,0.1825,0.4055,0.0,0.0003,0.0,0.0,0.0,0.0,
355,52.224,CRUISE,0.183,0.4066,0.0,0.0003,0.0,0.3181,0.9088,0.0,
356,52.349,CRUISE,0.183,0.4066,0.0,0.0003,0.0,0.0,0.0,0.0,
357,52.494,CRUISE,0.183,0.4066,0.0,0.0003,0.0,0.0,0.0,0.0,
358,52.678,CRUISE,0.183,0.4066,0.0,0.0003,0.0,0.0,0.0,0.0,
359,52.824,CRUISE,0.1834,0.4076,0.0,0.0003,0.0,0.3194,0.9124,0.0,
360,52.965,CRUISE,0.1834,0.4076,0.0,0.0003,0.0,0.0,0.0,0.0,
361,53.099,CRUISE,0.1834,0.4076,0.0,0.0003,0.0,0.0,0.0,0.0,
362,53.248,CRUISE,0.1835,0.4077,0.0,0.0003,0.0,0.0,0.0,0.0,
363,53.377,CRUISE,0.1835,0.4077,0.0,0.0003,0.0,0.0,0.0,0.0,
364,53.504,CRUISE,0.1835,0.4077,0.0,0.0002,0.0,0.0,0.0,0.0,
365,53.632,CRUISE,0.184,0.4089,0.0,0.0002,0.0,0.32,0.9144,0.0,
366,53.761,CRUISE,0.184,0.4089,0.0,0.0002,0.0,0.0,0.0,0.0,
367,53.89,CRUISE,0.184,0.4089,0.0,0.0002,0.0,0.0,0.0,0.0,
368,54.023,CRUISE,0.1841,0.4091,0.0,0.0001,0.0,0.0,0.0,0.0,
369,54.152,CRUISE,0.1841,0.4091,0.0,0.0001,0.0,0.0,0.0,0.0,
370,54.291,CRUISE,0.1841,0.4091,0.0,0.0001,0.0,0.0,0.0,0.0,
371,54.422,CRUISE,0.1828,0.4062,0.0,0.0001,0.0,0.3201,0.9145,0.0,
372,54.559,CRUISE,0.1828,0.4062,0.0,0.0,0.0,0.0,0.0,0.0,
373,54.7,CRUISE,0.1827,0.406,0.0,0.0,0.0,0.3204,0.9154,0.0,
374,54.849,CRUISE,0.1783,0.3961,0.0,-0.0,0.0,0.0,0.0,0.0,
375,54.99,CRUISE,0.1783,0.3961,0.0,-0.0,0.0,0.0,0.0,0.0,
376,55.119,CRUISE,0.1782,0.396,0.0,-0.0001,0.0,0.3203,0.9152,0.0,
377,55.246,CRUISE,0.1782,0.396,0.0,-0.0001,0.0,0.0,0.0,0.0,
378,55.373,CRUISE,0.1799,0.3997,0.0,-0.0001,0.0,0.3202,0.9148,0.0,
379,55.504,CRUISE,0.1799,0.3998,0.0,-0.0001,0.0,0.0,0.0,0.0,
380,55.632,CRUISE,0.1799,0.3998,0.0,-0.0001,0.0,0.0,0.0,0.0,
381,55.761,CRUISE,0.1799,0.3998,0.0,-0.0001,0.0,0.0,0.0,0.0,
382,55.891,CRUISE,0.1799,0.3998,0.0,-0.0002,0.0,0.0,0.0,0.0,
383,56.022,CRUISE,0.1799,0.3998,0.0,-0.0002,0.0,0.0,0.0,0.0,
384,56.147,PROBE,0.399,0.3995,0.3985,0.0012,0.0015,0.3199,0.9141,0.0,G1
385,56.281,PROBE,0.1792,0.3982,0.0,0.0011,0.0015,0.0,0.0,0.0,
386,56.404,PROBE,0.4065,0.3981,0.4133,0.0025,0.003,0.3197,0.9133,0.0,
387,56.531,PROBE,0.1791,0.3981,0.0,0.0023,0.003,0.0,0.0,0.0,
388,56.665,PROBE,0.1791,0.3981,0.0,0.0021,0.003,0.0,0.0,0.0,
389,56.8,PROBE,0.1782,0.396,0.0,0.0019,0.0031,0.0,0.0,0.0,
390,56.947,PROBE,0.1782,0.396,0.0,0.0017,0.0031,0.0,0.0,0.0,
391,57.097,PROBE,0.1782,0.396,0.0,0.0015,0.0031,0.0,0.0,0.0,
392,57.235,PROBE,0.4127,0.4056,0.4185,0.0028,0.0046,0.3195,0.9128,0.0,
393,57.375,PROBE,0.1825,0.4056,0.0,0.0025,0.0046,0.0,0.0,0.0,
394,57.505,PROBE,0.1825,0.4056,0.0,0.0022,0.0046,0.0,0.0,0.0,
395,57.633,PROBE,0.1817,0.4038,0.0,0.002,0.0046,0.0,0.0,0.0,
396,57.775,PROBE,0.1817,0.4038,0.0,0.0017,0.0046,0.0,0.0,0.0,
397,57.924,PROBE,0.4134,0.407,0.4187,0.0029,0.006,0.3187,0.9107,0.0,
398,58.055,PROBE,0.4124,0.4081,0.4159,0.004,0.0073,0.3179,0.9083,0.0,
399,58.179,PROBE,0.414,0.4173,0.4113,0.0051,0.0084,0.317,0.9058,0.0,
400,58.31,PROBE,0.1878,0.4173,0.0,0.0045,0.0084,0.0,0.0,0.0,
401,58.442,PROBE,0.188,0.4178,0.0,0.004,0.0084,0.0,0.0,0.0,
402,58.567,PROBE,0.188,0.4178,0.0,0.0034,0.0084,0.0,0.0,0.0,
403,58.694,PROBE,0.1881,0.4181,0.0,0.0029,0.0084,0.0,0.0,0.0,
404,58.814,PROBE,0.1881,0.4181,0.0,0.0023,0.0083,0.0,0.0,0.0,
405,58.957,PROBE,0.413,0.422,0.4057,0.0032,0.0094,0.3164,0.9041,0.0,
406,59.098,PROBE,0.1901,0.4224,0.0,0.0025,0.0093,0.0,0.0,0.0,
407,59.247,HOLD,0.1901,0.4224,0.0,0.0018,0.0093,0.0,0.0,0.0,G2
408,59.384,HOLD,0.41,0.4231,0.3993,0.0025,0.0101,0.3157,0.9021,0.0,
409,59.503,HOLD,0.1904,0.4231,0.0,0.0018,0.0101,0.0,0.0,0.0,
410,59.634,HOLD,0.1904,0.4231,0.0,0.001,0.01,0.0,0.0,0.0,
411,59.764,HOLD,0.1904,0.4231,0.0,0.0002,0.01,0.0,0.0,0.0,
412,59.89,HOLD,0.4064,0.4233,0.3926,0.0008,0.0107,0.3152,0.9005,0.0,
413,60.013,PROBE,0.1905,0.4233,0.0,-0.0001,0.0106,0.0,0.0,0.0,G5
414,60.141,PROBE,0.4029,0.4238,0.3857,0.0019,0.0107,0.3142,0.8977,0.0,
415,60.27,PROBE,0.3988,0.4233,0.3787,0.0023,0.0112,0.3136,0.8959,0.0,
416,60.41,PROBE,0.3948,0.423,0.3718,0.0042,0.011,0.3125,0.8928,0.0,
417,60.548,PROBE,0.1903,0.423,0.0,0.0032,0.011,0.0,0.0,0.0,
418,60.67,PROBE,0.1903,0.423,0.0,0.0022,0.0109,0.0,0.0,0.0,
419,60.793,PROBE,0.1903,0.423,0.0,0.0012,0.0109,0.0,0.0,0.0,
420,60.926,PROBE,0.3908,0.4225,0.3649,0.0014,0.0112,0.3115,0.89,0.0,
421,61.064,PROBE,0.1901,0.4225,0.0,0.0003,0.0111,0.0,0.0,0.0,
422,61.213,PROBE,0.3861,0.4202,0.3582,0.0021,0.0109,0.3105,0.8871,0.0,
423,61.341,PROBE,0.1891,0.4202,0.0,0.001,0.0108,0.0,0.0,0.0,
424,61.461,COMMIT,0.1891,0.4202,0.0,-0.0001,0.0108,0.0,0.0,0.0,G3
425,61.595,COMMIT,0.3853,0.4265,0.3516,0.0001,0.011,0.3098,0.8851,0.0,
426,61.731,COMMIT,0.1919,0.4265,0.0,-0.0011,0.0109,0.1,0.0,0.0,
427,61.854,COMMIT,0.3839,0.4312,0.3452,0.0006,0.0107,0.4084,0.8813,0.0,
428,61.987,COMMIT,0.1944,0.4321,0.0,0.001,0.0102,0.1,0.0,0.0,
429,62.116,COMMIT,0.3857,0.4429,0.3389,0.0028,0.0099,0.4073,0.8779,0.0,
430,62.247,COMMIT,0.1993,0.4429,0.0,0.0018,0.0099,0.1,0.0,0.0,
431,62.38,COMMIT,0.3773,0.4419,0.3243,0.002,0.01,0.4055,0.8727,0.0,
432,62.509,COMMIT,0.1989,0.4419,0.0,0.001,0.01,0.1,0.0,0.0,
433,62.638,CRUISE,0.1989,0.4419,0.0,-0.0001,0.0099,0.0875,0.0,0.0,G7_from_commit
434,62.796,CRUISE,0.1989,0.4419,0.0,-0.0012,0.0099,0.0778,0.0,0.0,
435,62.944,CRUISE,0.3667,0.4406,0.3062,0.0004,0.0095,0.3848,0.871,0.0,
436,63.088,CRUISE,0.3581,0.4501,0.2828,0.0004,0.0095,0.3048,0.8709,0.0,
437,63.226,CRUISE,0.2025,0.4501,0.0,-0.0007,0.0094,0.0,0.0,0.0,
438,63.396,CRUISE,0.203,0.4511,0.0,-0.0003,0.009,0.0,0.0,0.0,
439,63.608,CRUISE,0.3387,0.4513,0.2465,-0.0004,0.0089,0.3025,0.8642,0.0,
440,63.812,CRUISE,0.2031,0.4513,0.0,-0.0014,0.0088,0.0,0.0,0.0,
441,63.984,CRUISE,0.2031,0.4513,0.0,-0.0025,0.0088,0.0,0.0,0.0,
442,64.14,CRUISE,0.2036,0.4525,0.0,-0.0021,0.0083,0.0,0.0,0.0,
443,64.346,CRUISE,0.3256,0.4518,0.2223,-0.0023,0.0082,0.3014,0.861,0.0,
444,64.527,CRUISE,0.3052,0.452,0.1851,-0.0012,0.0077,0.3006,0.8587,0.0,
445,64.676,CRUISE,0.2039,0.4531,0.0,-0.0007,0.0072,0.0,0.0,0.0,
446,64.819,CRUISE,0.3016,0.4622,0.1702,0.0004,0.0067,0.2991,0.8547,0.0,
447,64.978,CRUISE,0.208,0.4622,0.0,-0.0004,0.0066,0.0,0.0,0.0,
448,65.105,CRUISE,0.208,0.4622,0.0,-0.0013,0.0066,0.0,0.0,0.0,
449,65.231,CRUISE,0.208,0.4622,0.0,-0.0021,0.0065,0.0,0.0,0.0,
450,65.352,CRUISE,0.2082,0.4627,0.0,-0.0016,0.006,0.0,0.0,0.0,
451,65.479,CRUISE,0.2921,0.4626,0.1525,-0.0018,0.0059,0.2971,0.8487,0.0,
452,65.622,CRUISE,0.2087,0.4638,0.0,-0.0013,0.0054,0.0,0.0,0.0,
453,65.757,CRUISE,0.2779,0.4627,0.1268,-0.0016,0.0053,0.2952,0.8434,0.0,
454,65.896,CRUISE,0.258,0.4656,0.0881,-0.0021,0.0051,0.294,0.84,0.0,
455,66.03,CRUISE,0.2091,0.4647,0.0,-0.0015,0.0047,0.0,0.0,0.0,
456,66.169,CRUISE,0.2091,0.4647,0.0,-0.0023,0.0046,0.0,0.0,0.0,
457,66.298,CRUISE,0.2086,0.4636,0.0,-0.0017,0.0041,0.0,0.0,0.0,
458,66.43,CRUISE,0.2455,0.4645,0.0664,-0.0021,0.004,0.2906,0.8304,0.0,
459,66.567,CRUISE,0.2054,0.4564,0.0,-0.0014,0.0034,0.0,0.0,0.0,
460,66.72,CRUISE,0.2054,0.4564,0.0,-0.002,0.0034,0.0,0.0,0.0,
461,66.865,CRUISE,0.2058,0.4573,0.0,-0.0013,0.0028,0.0,0.0,0.0,
462,66.995,CRUISE,0.2273,0.4566,0.0396,-0.0017,0.0028,0.2884,0.8241,0.0,
463,67.123,CRUISE,0.2052,0.456,-0.0,-0.0022,0.0027,0.2873,0.821,0.0,
464,67.259,CRUISE,0.2052,0.456,0.0,-0.0027,0.0027,0.0,0.0,0.0,
465,67.391,CRUISE,0.2056,0.457,0.0,-0.002,0.0022,0.0,0.0,0.0,
466,67.524,CRUISE,0.2013,0.4473,0.0,-0.0014,0.0017,0.0,0.0,0.0,
467,67.654,CRUISE,0.2013,0.4473,0.0,-0.0018,0.0017,0.0,0.0,0.0,
468,67.787,CRUISE,0.2082,0.4627,-0.0,-0.0021,0.0017,0.2862,0.8177,0.0,
469,67.922,CRUISE,0.2326,0.4686,0.0396,-0.0013,0.0013,0.2842,0.812,0.0,
470,68.055,CRUISE,0.2469,0.4674,0.0664,-0.0014,0.0013,0.2826,0.8075,0.0,
471,68.181,CRUISE,0.2583,0.4664,0.0881,-0.0013,0.0013,0.2829,0.8082,0.0,
472,68.313,CRUISE,0.2099,0.4664,0.0,-0.0016,0.0013,0.0,0.0,0.0,
473,68.437,CRUISE,0.2686,0.4667,0.1064,-0.0007,0.001,0.2816,0.8047,0.0,
474,68.565,CRUISE,0.2105,0.4678,0.0,-0.0003,0.0008,0.0,0.0,0.0,
475,68.698,CRUISE,0.2105,0.4678,0.0,-0.0006,0.0008,0.0,0.0,0.0,
476,68.822,CRUISE,0.274,0.4597,0.1221,0.0003,0.0007,0.2781,0.7946,0.0,
477,68.947,CRUISE,0.2068,0.4597,0.0,0.0001,0.0007,0.0,0.0,0.0,
478,69.079,CRUISE,0.2068,0.4597,0.0,-0.0002,0.0007,0.0,0.0,0.0,
479,69.207,CRUISE,0.2068,0.4597,0.0,-0.0004,0.0007,0.0,0.0,0.0,
480,69.342,CRUISE,0.2809,0.4584,0.1357,-0.0001,0.0008,0.2745,0.7843,0.0,
481,69.479,CRUISE,0.2871,0.4579,0.1473,0.0007,0.0008,0.2737,0.782,0.0,
482,69.606,CRUISE,0.2921,0.4569,0.1572,0.001,0.0009,0.272,0.7771,0.0,
483,69.734,CRUISE,0.2062,0.4582,0.0,0.0012,0.0008,0.0,0.0,0.0,
484,69.862,CRUISE,0.2045,0.4545,0.0,0.0013,0.0008,0.0,0.0,0.0,
485,69.989,CRUISE,0.2045,0.4545,0.0,0.0011,0.0008,0.0,0.0,0.0,
486,70.139,CRUISE,0.2045,0.4545,0.0,0.0008,0.0008,0.0,0.0,0.0,
487,70.287,CRUISE,0.2045,0.4545,0.0,0.0006,0.0008,0.0,0.0,0.0,
488,70.423,CRUISE,0.2947,0.4526,0.1656,0.0012,0.001,0.2667,0.7619,0.0,
489,70.576,CRUISE,0.3155,0.4902,0.1725,0.0016,0.0012,0.2649,0.7569,0.0,
490,70.704,CRUISE,0.318,0.4889,0.1781,0.002,0.0015,0.2591,0.7402,0.0,
491,70.847,CRUISE,0.22,0.4889,0.0,0.0017,0.0014,0.0,0.0,0.0,
492,71.003,CRUISE,0.321,0.4902,0.1824,0.0023,0.0017,0.259,0.7401,0.0,
493,71.138,CRUISE,0.3218,0.4922,0.1824,0.0026,0.0019,0.2602,0.7433,0.0,
494,71.281,CRUISE,0.3211,0.4906,0.1824,0.0029,0.002,0.2578,0.7365,0.0,
495,71.416,CRUISE,0.2208,0.4906,0.0,0.0024,0.002,0.0,0.0,0.0,
496,71.544,CRUISE,0.3203,0.4889,0.1824,0.0026,0.0021,0.2562,0.7321,0.0,
497,71.697,CRUISE,0.3203,0.4888,0.1824,0.0027,0.0022,0.2567,0.7334,0.0,
498,71.831,CRUISE,0.2176,0.4836,0.0,0.0022,0.0021,0.0,0.0,0.0,
499,71.963,CRUISE,0.3162,0.4796,0.1824,0.0025,0.0023,0.251,0.7173,0.0,
500,72.088,CRUISE,0.3216,0.4916,0.1824,0.0028,0.0024,0.2499,0.7139,0.0,
501,72.217,CRUISE,0.3221,0.4927,0.1824,0.0032,0.0025,0.2471,0.7059,0.0,
502,72.373,CRUISE,0.3247,0.4985,0.1824,0.0033,0.0025,0.2446,0.6989,0.0,
503,72.509,CRUISE,0.3253,0.4999,0.1824,0.0037,0.0027,0.2434,0.6953,0.0,
504,72.646,CRUISE,0.3247,0.4985,0.1824,0.0037,0.0027,0.2394,0.684,0.0,
505,72.782,CRUISE,0.2243,0.4985,0.0,0.003,0.0026,0.0,0.0,0.0,
506,72.914,CRUISE,0.2254,0.5009,0.0,0.0027,0.0027,0.0,0.0,0.0,
507,73.042,CRUISE,0.2254,0.5009,0.0,0.002,0.0026,0.0,0.0,0.0,
508,73.169,CRUISE,0.2254,0.5009,0.0,0.0013,0.0025,0.0,0.0,0.0,
509,73.298,CRUISE,0.3263,0.4985,0.1855,0.0012,0.0025,0.2319,0.6627,0.0,
510,73.425,CRUISE,0.2253,0.5007,0.0,0.0009,0.0026,0.0,0.0,0.0,
511,73.549,CRUISE,0.3309,0.5064,0.1873,0.0014,0.0027,0.2308,0.6595,0.0,
512,73.682,CRUISE,0.3317,0.5075,0.1879,0.0019,0.0028,0.2256,0.6445,0.0,
513,73.812,CRUISE,0.3407,0.5282,0.1873,0.0018,0.0027,0.2271,0.6488,0.0,
514,73.946,CRUISE,0.2377,0.5282,0.0,0.001,0.0026,0.0,0.0,0.0,
515,74.08,CRUISE,0.3416,0.5324,0.1855,0.0009,0.0025,0.2268,0.6481,0.0,
516,74.208,CRUISE,0.2396,0.5324,0.0,0.0,0.0024,0.0,0.0,0.0,
517,74.334,CRUISE,0.3381,0.5284,0.1824,-0.0002,0.0022,0.223,0.6372,0.0,
518,74.464,CRUISE,0.3342,0.525,0.1781,0.0001,0.0023,0.2111,0.6031,0.0,
519,74.606,CRUISE,0.3259,0.5133,0.1725,0.0005,0.0023,0.2119,0.6053,0.0,
520,74.756,CRUISE,0.2321,0.5159,0.0,0.0002,0.0024,0.0,0.0,0.0,
521,74.903,CRUISE,0.2321,0.5159,0.0,-0.0006,0.0023,0.0,0.0,0.0,
522,75.042,CRUISE,0.3271,0.5161,0.1725,-0.0002,0.0023,0.2126,0.6074,0.0,
523,75.173,CRUISE,0.3274,0.5166,0.1725,0.0003,0.0023,0.2067,0.5906,0.0,
524,75.295,CRUISE,0.2336,0.519,0.0,0.0001,0.0024,0.0,0.0,0.0,
525,75.417,CRUISE,0.3268,0.5153,0.1725,-0.0001,0.0023,0.1947,0.5564,0.0,
526,75.543,CRUISE,0.3271,0.5159,0.1725,0.0003,0.0023,0.1764,0.5039,0.0,
527,75.674,CRUISE,0.3276,0.5171,0.1725,0.0008,0.0023,0.1571,0.4488,0.0,
528,75.82,CRUISE,0.326,0.5135,0.1725,0.0005,0.0022,0.1595,0.4559,0.0,
529,75.949,CRUISE,0.2324,0.5165,0.0,0.0002,0.0023,0.0,0.0,0.0,
530,76.089,CRUISE,0.325,0.5114,0.1725,0.0006,0.0023,0.1683,0.4809,0.0,
531,76.215,CRUISE,0.3262,0.5139,0.1725,0.001,0.0023,0.1738,0.4965,0.0,
532,76.348,CRUISE,0.2305,0.5122,0.0,0.0008,0.0024,0.0,0.0,0.0,
533,76.473,CRUISE,0.3251,0.5115,0.1725,0.0013,0.0024,0.1759,0.5027,0.0,
534,76.607,CRUISE,0.2308,0.5129,0.0,0.0012,0.0025,0.0,0.0,0.0,
535,76.744,CRUISE,0.3244,0.5101,0.1725,0.001,0.0024,0.1671,0.4773,0.0,
536,76.883,CRUISE,0.2295,0.5101,0.0,0.0001,0.0023,0.0,0.0,0.0,
537,77.014,CRUISE,0.2295,0.5101,0.0,-0.0007,0.0023,0.0,0.0,0.0,
538,77.156,CRUISE,0.2295,0.5101,0.0,-0.0015,0.0023,0.0,0.0,0.0,
539,77.285,CRUISE,0.3245,0.5103,0.1725,-0.0011,0.0023,0.1518,0.4339,0.0,
540,77.422,CRUISE,0.3295,0.5214,0.1725,-0.0013,0.0022,0.1589,0.454,0.0,
541,77.554,CRUISE,0.2344,0.5209,0.0,-0.0014,0.0023,0.0,0.0,0.0,
542,77.698,CRUISE,0.3242,0.5181,0.1656,-0.0009,0.0022,0.1619,0.4625,0.0,
543,77.838,CRUISE,0.2229,0.4952,0.0,-0.001,0.0023,0.0,0.0,0.0,
544,77.98,CRUISE,0.3084,0.4933,0.1572,-0.0012,0.0022,0.158,0.4515,0.0,
545,78.105,CRUISE,0.2968,0.4797,0.1473,-0.0008,0.0021,0.158,0.4514,0.0,
546,78.243,CRUISE,0.2894,0.4773,0.1357,-0.0011,0.0021,0.1482,0.4234,0.0,
547,78.372,CRUISE,0.2832,0.4801,0.1221,-0.0008,0.002,0.1357,0.3878,0.0,
548,78.503,CRUISE,0.275,0.4811,0.1064,-0.0005,0.0019,0.1409,0.4027,0.0,
549,78.693,CRUISE,0.2646,0.4803,0.0881,-0.0004,0.0019,0.1442,0.4121,0.0,
550,78.974,CRUISE,0.2513,0.4773,0.0664,-0.0009,0.0018,0.1542,0.4405,0.0,
551,79.167,CRUISE,0.2148,0.4773,0.0,-0.0017,0.0019,0.0,0.0,0.0,
552,79.357,CRUISE,0.2159,0.4798,0.0,-0.0019,0.0019,0.0,0.0,0.0,
553,79.519,CRUISE,0.2172,0.4827,0.0,-0.0019,0.002,0.0,0.0,0.0,
554,79.66,CRUISE,0.2172,0.4827,0.0,-0.0026,0.002,0.0,0.0,0.0,
555,79.789,CRUISE,0.2184,0.4854,0.0,-0.0026,0.0021,0.0,0.0,0.0,
556,79.923,CRUISE,0.2409,0.4869,0.0396,-0.0024,0.002,0.1582,0.452,0.0,
557,80.06,CRUISE,0.22,0.4888,0.0,-0.0024,0.0019,0.0,0.0,0.0,
558,80.188,CRUISE,0.22,0.4889,-0.0,-0.0022,0.0019,0.1589,0.454,0.0,
559,80.318,CRUISE,0.2192,0.487,-0.0,-0.0027,0.0019,0.148,0.423,0.0,
560,80.455,CRUISE,0.2481,0.503,0.0396,-0.0024,0.0018,0.3426,0.9788,0.0,
561,80.593,CRUISE,0.2246,0.4992,0.0,-0.0021,0.0016,0.0,0.0,0.0,
562,80.732,CRUISE,0.2797,0.525,0.0789,-0.0021,0.0016,0.336,0.9601,0.0,
563,80.883,CRUISE,0.2467,0.5483,0.0,-0.0017,0.0015,0.0001,0.0003,0.0,
564,81.024,CRUISE,0.2655,0.59,0.0,-0.0018,0.0015,0.0457,0.1305,0.0,
565,81.187,CRUISE,0.2954,0.6565,0.0,-0.0011,0.0013,0.1832,0.5233,0.0,
566,81.354,CRUISE,0.3141,0.698,0.0,-0.0009,0.0014,0.2572,0.7349,0.0,
567,81.515,CRUISE,0.3243,0.7208,0.0,-0.0006,0.0015,0.3106,0.8875,0.0,
568,81.701,CRUISE,0.3334,0.7408,0.0,-0.0004,0.0017,0.3274,0.9353,0.0,
569,81.882,CRUISE,0.3417,0.7594,0.0,0.0006,0.0018,0.3337,0.9534,0.0,
570,82.069,CRUISE,0.3494,0.7764,0.0,0.0015,0.0019,0.3368,0.9622,0.0,
571,82.258,CRUISE,0.3452,0.7671,0.0,0.0019,0.002,0.3388,0.968,0.0,
572,82.393,CRUISE,0.3417,0.7592,0.0,0.0027,0.0021,0.3399,0.9711,0.0,
573,82.527,CRUISE,0.3371,0.7491,0.0,0.0028,0.0022,0.3403,0.9722,0.0,
574,82.664,CRUISE,0.3335,0.7412,0.0,0.0034,0.0022,0.3404,0.9727,0.0,
575,82.808,CRUISE,0.3298,0.7329,0.0,0.004,0.0023,0.3403,0.9724,0.0,
576,82.943,CRUISE,0.3256,0.7235,0.0,0.0044,0.0024,0.3398,0.9707,0.0,
577,83.073,CRUISE,0.3221,0.7159,0.0,0.0047,0.0025,0.3393,0.9694,0.0,
578,83.216,PROBE,0.3835,0.708,0.1179,0.0054,0.0028,0.3389,0.9683,0.0,G1
579,83.353,PROBE,0.4008,0.6994,0.1566,0.006,0.0033,0.3388,0.968,0.0,
580,83.492,PROBE,0.4109,0.6902,0.1823,0.0066,0.0037,0.338,0.9656,0.0,
581,83.657,PROBE,0.4177,0.6801,0.203,0.0069,0.004,0.3372,0.9634,0.0,
582,83.812,PROBE,0.4226,0.6699,0.2203,0.0071,0.0043,0.3374,0.964,0.0,
583,83.974,PROBE,0.426,0.6597,0.2348,0.0073,0.0045,0.3376,0.9645,0.0,
584,84.175,PROBE,0.4283,0.6498,0.2471,0.0074,0.0046,0.3379,0.9655,0.0,
585,84.386,PROBE,0.4234,0.6262,0.2575,0.0074,0.0045,0.3384,0.9669,0.0,
586,84.612,PROBE,0.4111,0.5882,0.2662,0.0074,0.0045,0.3387,0.9678,0.0,
587,84.805,PROBE,0.3941,0.542,0.2732,0.007,0.0042,0.3383,0.9666,0.0,
588,84.972,PROBE,0.3761,0.495,0.2787,0.0064,0.0038,0.338,0.9658,0.0,
589,85.147,PROBE,0.3606,0.4556,0.2828,0.0057,0.0032,0.3369,0.9626,0.0,
590,85.326,PROBE,0.3125,0.3454,0.2855,0.0048,0.0029,0.3369,0.9624,0.0,
591,85.491,PROBE,0.2581,0.223,0.2869,0.0034,0.0027,0.3372,0.9634,0.0,
592,85.65,PROBE,0.2403,0.1833,0.2869,0.0022,0.0029,0.3377,0.9648,0.0,
593,85.801,PROBE,0.2138,0.1262,0.2855,0.0006,0.0032,0.3358,0.9595,0.0,
594,85.959,COMMIT,0.2041,0.108,0.2828,-0.0009,0.0037,0.3356,0.9588,0.0,G3
595,86.132,COMMIT,0.1985,0.1004,0.2787,-0.0022,0.0043,0.3359,0.9597,0.0,
596,86.263,COMMIT,0.1939,0.0969,0.2732,-0.0034,0.005,0.4359,0.9598,0.0,
597,86.388,COMMIT,0.203,0.0978,0.289,-0.0043,0.0056,0.4351,0.9573,0.0,
598,86.531,COMMIT,0.2175,0.0967,0.3163,-0.0051,0.006,0.4327,0.9506,0.0,
599,86.668,COMMIT,0.2244,0.0956,0.3297,-0.0057,0.0064,0.4304,0.9439,0.0,
600,86.812,COMMIT,0.238,0.096,0.3541,-0.0061,0.0066,0.4272,0.9349,0.0,
601,86.959,COMMIT,0.243,0.0948,0.3642,-0.0065,0.0068,0.4246,0.9276,0.0,
602,87.097,COMMIT,0.2447,0.0948,0.3673,-0.0068,0.007,0.421,0.9171,0.0,
603,87.228,COMMIT,0.2429,0.0946,0.3642,-0.0072,0.0071,0.4213,0.918,0.0,
604,87.376,COMMIT,0.2375,0.0949,0.3541,-0.0075,0.0073,0.425,0.9285,0.0,
605,87.533,COMMIT,0.224,0.0949,0.3297,-0.0079,0.0075,0.3251,0.9288,0.0,
606,87.722,COMMIT,0.222,0.0963,0.325,-0.0084,0.0077,0.3254,0.9298,0.0,
607,87.895,COMMIT,0.2087,0.0983,0.299,-0.0088,0.008,0.3259,0.9313,0.0,
608,88.065,COMMIT,0.1937,0.0983,0.2718,-0.0089,0.0081,0.3281,0.9374,0.0,
609,88.239,COMMIT,0.1974,0.0985,0.2783,-0.0088,0.008,0.3274,0.9354,0.0,
610,88.396,COMMIT,0.2052,0.0986,0.2924,-0.0085,0.0076,0.3267,0.9334,0.0,
611,88.57,COMMIT,0.2076,0.0985,0.2968,-0.008,0.0071,0.3254,0.9297,0.0,
612,88.728,COMMIT,0.2092,0.0986,0.2997,-0.0074,0.0064,0.3215,0.9187,0.0,
613,88.887,COMMIT,0.2353,0.1443,0.3096,-0.0064,0.0056,0.3232,0.9235,0.0,
614,89.046,COMMIT,0.2357,0.1444,0.3104,-0.0054,0.0046,0.3222,0.9204,0.0,
615,89.221,CRUISE,0.2539,0.1469,0.3415,-0.0042,0.0036,0.1993,0.5693,0.0,G7_from_commit
616,89.38,CRUISE,0.2716,0.1491,0.3718,-0.0029,0.0027,0.3209,0.9169,0.0,
617,89.551,CRUISE,0.2891,0.1522,0.4012,-0.0016,0.002,0.3345,0.9557,0.0,
618,89.725,CRUISE,0.2987,0.1541,0.417,-0.0003,0.0014,0.3384,0.9669,0.0,
619,89.915,CRUISE,0.3311,0.1927,0.4442,0.0012,0.0012,0.3398,0.9708,0.0,
620,90.103,CRUISE,0.3453,0.1927,0.4702,0.0025,0.0014,0.3355,0.9587,0.0,
621,90.273,PROBE,0.359,0.1933,0.4946,0.0034,0.0019,0.3328,0.9508,0.0,G1
622,90.463,PROBE,0.3645,0.1931,0.5047,0.0042,0.0024,0.3298,0.9423,0.0,
623,90.652,PROBE,0.3662,0.1933,0.5078,0.0048,0.0029,0.3277,0.9364,0.0,
624,90.858,PROBE,0.3649,0.194,0.5047,0.0052,0.0032,0.3239,0.9254,0.0,
625,91.064,PROBE,0.3593,0.194,0.4946,0.0055,0.0034,0.3249,0.9283,0.0,
626,91.285,PROBE,0.3457,0.1937,0.4702,0.0056,0.0035,0.3251,0.9288,0.0,
627,91.474,PROBE,0.3314,0.1936,0.4442,0.0056,0.0035,0.3246,0.9275,0.0,
628,91.663,PROBE,0.3291,0.1941,0.4396,0.0057,0.0035,0.3203,0.9152,0.0,
629,91.898,PROBE,0.3408,0.1953,0.4599,0.0058,0.0036,0.2236,0.6388,0.0,
630,92.089,PROBE,0.3583,0.196,0.491,0.006,0.0038,0.3054,0.8725,0.0,
631,92.279,PROBE,0.3588,0.1971,0.491,0.0063,0.0039,0.3267,0.9335,0.0,
632,92.453,PROBE,0.3589,0.1974,0.491,0.0065,0.004,0.3321,0.9488,0.0,
633,92.657,PROBE,0.3757,0.1977,0.5213,0.0067,0.0042,0.3335,0.9528,0.0,
634,92.847,PROBE,0.3851,0.1979,0.5382,0.007,0.0044,0.3348,0.9566,0.0,
635,93.037,PROBE,0.3895,0.1979,0.5462,0.007,0.0044,0.3326,0.9502,0.0,
636,93.196,PROBE,0.4005,0.1975,0.5665,0.0071,0.0045,0.3066,0.876,0.0,
637,93.355,HOLD,0.4155,0.1975,0.5938,0.0071,0.0045,0.3079,0.8798,0.0,G2
638,93.545,HOLD,0.423,0.1978,0.6072,0.007,0.0043,0.3332,0.9519,0.0,
639,93.751,HOLD,0.4271,0.1982,0.6144,0.0068,0.0041,0.3374,0.9641,0.0,
640,93.925,HOLD,0.4273,0.1986,0.6144,0.0065,0.0038,0.3304,0.9439,0.0,
641,94.115,HOLD,0.4331,0.1993,0.6244,0.0062,0.0035,0.2838,0.811,0.0,
642,94.29,HOLD,0.4376,0.1996,0.6322,0.0059,0.0031,0.2986,0.8532,0.0,
643,94.464,HOLD,0.4279,0.1781,0.6322,0.0055,0.0027,0.3262,0.932,0.0,
644,94.639,HOLD,0.4279,0.1781,0.6322,0.0051,0.0023,0.3328,0.9509,0.0,
645,94.812,HOLD,0.4188,0.179,0.615,0.0047,0.002,0.3354,0.9583,0.0,
646,94.969,HOLD,0.4175,0.1799,0.6119,0.0043,0.0017,0.3367,0.962,0.0,
647,95.129,HOLD,0.4144,0.1795,0.6066,0.0039,0.0015,0.3375,0.9644,0.0,
648,95.288,HOLD,0.4082,0.1802,0.5947,0.0035,0.0012,0.3379,0.9654,0.0,
649,95.463,HOLD,0.3852,0.1292,0.5947,0.0031,0.0011,0.3384,0.9669,0.0,
650,95.652,HOLD,0.3777,0.1278,0.5821,0.0028,0.0011,0.3373,0.9637,0.0,
651,95.828,HOLD,0.3811,0.1232,0.5921,0.0025,0.0011,0.3364,0.9612,0.0,
652,96.001,HOLD,0.3832,0.121,0.5977,0.0024,0.001,0.3345,0.9557,0.0,
653,96.159,HOLD,0.3851,0.1166,0.6049,0.0022,0.001,0.333,0.9515,0.0,
654,96.318,HOLD,0.3832,0.1094,0.6072,0.002,0.001,0.3326,0.9503,0.0,
655,96.636,HOLD,0.3833,0.1097,0.6072,0.0017,0.001,0.333,0.9515,0.0,
656,96.812,HOLD,0.3801,0.109,0.6018,0.0013,0.0009,0.3328,0.951,0.0,
657,96.997,HOLD,0.3743,0.1085,0.5918,0.0008,0.0008,0.3327,0.9507,0.0,
658,97.169,HOLD,0.3585,0.1032,0.5673,0.0001,0.0007,0.3308,0.9451,0.0,
659,97.375,PROBE,0.3447,0.1043,0.5414,-0.0006,0.0007,0.3302,0.9434,0.0,G5
660,97.549,PROBE,0.3299,0.1046,0.5141,-0.0013,0.0008,0.3293,0.9408,0.0,
661,97.723,PROBE,0.3274,0.1062,0.5084,-0.0019,0.0009,0.3283,0.9381,0.0,
662,97.913,PROBE,0.3228,0.107,0.4993,-0.0026,0.001,0.327,0.9342,0.0,
663,98.072,PROBE,0.3197,0.1073,0.4935,-0.0032,0.0012,0.3246,0.9273,0.0,
664,98.231,PROBE,0.3332,0.1097,0.5161,-0.0036,0.0013,0.2985,0.8528,0.0,
665,98.406,PROBE,0.3434,0.1107,0.5338,-0.0038,0.0013,0.2314,0.6611,0.0,
666,98.58,PROBE,0.3521,0.1146,0.5464,-0.004,0.0014,0.1159,0.331,0.0,
667,98.769,PROBE,0.3509,0.1178,0.5416,-0.004,0.0014,0.1636,0.4675,0.0,
668,98.943,PROBE,0.3474,0.1196,0.5338,-0.0039,0.0013,0.1606,0.4587,0.0,
669,99.115,PROBE,0.3477,0.1201,0.5338,-0.0038,0.0013,0.2588,0.7395,0.0,
670,99.303,PROBE,0.3422,0.1232,0.5213,-0.0037,0.0012,0.2879,0.8225,0.0,
671,99.462,PROBE,0.3428,0.1245,0.5213,-0.0035,0.0012,0.3159,0.9026,0.0,
672,99.636,PROBE,0.3341,0.1263,0.5041,-0.0033,0.001,0.3059,0.874,0.0,
673,99.795,PROBE,0.339,0.1263,0.5131,-0.0031,0.0009,0.3111,0.8889,0.0,
674,99.984,PROBE,0.3539,0.1247,0.5415,-0.0027,0.0008,0.3241,0.9259,0.0,
675,100.143,PROBE,0.3568,0.1215,0.5493,-0.0024,0.0007,0.3308,0.9452,0.0,
676,100.333,PROBE,0.365,0.1188,0.5665,-0.0019,0.0006,0.3336,0.9532,0.0,
677,100.524,HOLD,0.3624,0.1186,0.5618,-0.0015,0.0005,0.3323,0.9493,0.0,G2
678,100.714,HOLD,0.3499,0.1158,0.5415,-0.0012,0.0004,0.3286,0.939,0.0,
679,100.902,HOLD,0.3476,0.1134,0.5392,-0.0011,0.0004,0.327,0.9344,0.0,
680,101.094,PROBE,0.3417,0.109,0.532,-0.001,0.0004,0.3236,0.9245,0.0,G5
681,101.285,PROBE,0.334,0.1084,0.5186,-0.0009,0.0003,0.3238,0.9251,0.0,
682,101.457,PROBE,0.3189,0.108,0.4914,-0.0009,0.0003,0.3247,0.9279,0.0,
683,101.662,COMMIT,0.3122,0.1068,0.4803,-0.0009,0.0003,0.3281,0.9375,0.0,G3
684,101.836,COMMIT,0.3019,0.1045,0.4634,-0.0009,0.0003,0.3285,0.9386,0.0,
685,102.027,COMMIT,0.3002,0.1045,0.4604,-0.0009,0.0004,0.4282,0.9377,0.0,
686,102.203,COMMIT,0.2831,0.1045,0.4293,-0.001,0.0004,0.3999,0.9379,0.0,
687,102.378,COMMIT,0.2798,0.1044,0.4234,-0.0012,0.0005,0.4086,0.9357,0.0,
688,102.551,COMMIT,0.2754,0.1045,0.4152,-0.0014,0.0006,0.4117,0.9312,0.0,
689,102.71,COMMIT,0.2694,0.1041,0.4046,-0.0017,0.0007,0.4151,0.9326,0.0,
690,102.885,COMMIT,0.2611,0.1021,0.3912,-0.0021,0.0008,0.419,0.9385,0.0,
691,103.058,COMMIT,0.2518,0.1023,0.374,-0.0026,0.001,0.4213,0.9411,0.0,
692,103.344,COMMIT,0.2391,0.1014,0.3517,-0.0032,0.0012,0.3298,0.9423,0.0,
693,103.535,COMMIT,0.2191,0.1003,0.3163,-0.0039,0.0016,0.3289,0.9396,0.0,
694,103.71,COMMIT,0.2109,0.101,0.3007,-0.0045,0.0019,0.3276,0.936,0.0,
695,103.915,COMMIT,0.2004,0.1012,0.2817,-0.005,0.0023,0.3262,0.9321,0.0,
696,104.09,COMMIT,0.1799,0.1004,0.2449,-0.0055,0.0028,0.3242,0.9263,0.0,
697,104.266,COMMIT,0.1669,0.1017,0.2203,-0.0061,0.0033,0.3222,0.9206,0.0,
698,104.425,COMMIT,0.1462,0.1017,0.1827,-0.0067,0.004,0.3218,0.9195,0.0,
699,104.664,COMMIT,0.1248,0.1004,0.1447,-0.0074,0.0047,0.321,0.9171,0.0,
700,104.885,COMMIT,0.1356,0.0996,0.1651,-0.008,0.0053,0.31,0.8857,0.0,
701,105.076,COMMIT,0.1381,0.0994,0.1698,-0.0084,0.0057,0.3077,0.8793,0.0,
702,105.267,COMMIT,0.1351,0.0984,0.1651,-0.0088,0.0062,0.3104,0.887,0.0,
703,105.458,COMMIT,0.1239,0.0985,0.1447,-0.0092,0.0066,0.3101,0.8861,0.0,
704,105.697,COMMIT,0.1449,0.0987,0.1827,-0.0093,0.0066,0.3096,0.8846,0.0,
705,105.904,CRUISE,0.1581,0.0973,0.2077,-0.0091,0.0065,0.2884,0.8239,0.0,G7_from_commit
706,106.124,CRUISE,0.1485,0.0973,0.1905,-0.0089,0.0062,0.3023,0.8636,0.0,
707,106.329,CRUISE,0.1577,0.0971,0.2073,-0.0085,0.0058,0.3112,0.8891,0.0,
708,106.598,CRUISE,0.1652,0.0964,0.2215,-0.0081,0.0054,0.2527,0.722,0.0,
709,106.805,CRUISE,0.1717,0.0964,0.2334,-0.0075,0.0049,0.1763,0.5037,0.0,
710,107.027,CRUISE,0.177,0.0961,0.2433,-0.0069,0.0044,0.1671,0.4775,0.0,
711,107.292,CRUISE,0.1816,0.0962,0.2515,-0.0063,0.0039,0.2685,0.7671,0.0,
712,107.513,CRUISE,0.1856,0.0971,0.258,-0.0056,0.0035,0.3036,0.8673,0.0,
713,107.735,CRUISE,0.1884,0.0973,0.263,-0.0049,0.0031,0.3025,0.8642,0.0,
714,107.958,CRUISE,0.1903,0.0971,0.2665,-0.0043,0.0027,0.2304,0.6584,0.0,
715,108.194,CRUISE,0.1914,0.0971,0.2686,-0.0035,0.0023,0.1463,0.4179,0.0,
716,108.443,CRUISE,0.1925,0.0987,0.2693,-0.0029,0.002,0.2299,0.6568,0.0,
717,108.663,CRUISE,0.1922,0.0989,0.2686,-0.0022,0.0017,0.2837,0.8107,0.0,
718,108.885,CRUISE,0.1927,0.1026,0.2665,-0.0015,0.0015,0.3171,0.906,0.0,
719,109.073,CRUISE,0.193,0.1031,0.2665,-0.0008,0.0012,0.3205,0.9156,0.0,
720,109.286,CRUISE,0.2097,0.1032,0.2968,-0.0001,0.001,0.3216,0.9188,0.0,
721,109.498,CRUISE,0.2099,0.1037,0.2968,0.0007,0.0008,0.3218,0.9193,0.0,
722,109.753,CRUISE,0.2099,0.1037,0.2968,0.0013,0.0007,0.3218,0.9194,0.0,
723,109.986,CRUISE,0.21,0.104,0.2968,0.0018,0.0007,0.3226,0.9216,0.0,
724,110.222,CRUISE,0.2228,0.1377,0.2924,0.0024,0.0008,0.3037,0.8677,0.0,
725,110.473,CRUISE,0.3388,0.3609,0.3207,0.0036,0.0016,0.3419,0.9768,0.0,
726,110.747,PROBE,0.3738,0.4054,0.348,0.0049,0.0028,0.3442,0.9835,0.0,G1
727,110.901,PROBE,0.416,0.4676,0.3739,0.0063,0.0045,0.3409,0.9741,0.0,
728,111.102,PROBE,0.2305,0.5122,0.0,0.0062,0.0045,0.0078,0.0223,0.0,
729,111.31,PROBE,0.4735,0.5653,0.3983,0.0074,0.0067,0.3348,0.9565,0.0,
730,111.52,PROBE,0.2735,0.6077,0.0,0.0074,0.0067,0.0,0.0,0.0,
731,111.734,PROBE,0.2901,0.6448,0.0,0.0073,0.0066,0.0,0.0,0.0,
732,111.892,PROBE,0.2964,0.6586,0.0,0.0073,0.0066,0.0,0.0,0.0,
733,112.037,PROBE,0.3008,0.6684,0.0,0.0071,0.0064,0.0079,0.0225,0.0,
734,112.177,PROBE,0.3044,0.6765,0.0,0.007,0.0063,0.0078,0.0224,0.0,
735,112.311,PROBE,0.3082,0.6849,0.0,0.0069,0.0063,0.0078,0.0223,0.0,
736,112.497,PROBE,0.3128,0.695,0.0,0.0068,0.0062,0.0,0.0,0.0,
737,112.631,PROBE,0.3164,0.7032,0.0,0.0066,0.006,0.0078,0.0222,0.0,
738,112.833,PROBE,0.3198,0.7107,0.0,0.0065,0.0059,0.0078,0.0223,0.0,
739,113.007,PROBE,0.3243,0.7207,0.0,0.0063,0.0058,0.0,0.0,0.0,
740,113.142,PROBE,0.3282,0.7293,0.0,0.0062,0.0057,0.0078,0.0223,0.0,
741,113.275,PROBE,0.3326,0.7392,0.0,0.006,0.0056,0.0078,0.0223,0.0,
742,113.417,PROBE,0.3359,0.7465,0.0,0.0059,0.0055,0.0079,0.0225,0.0,
743,113.57,PROBE,0.3397,0.7548,0.0,0.0057,0.0053,0.0078,0.0223,0.0,
744,113.718,PROBE,0.3437,0.7637,0.0,0.0055,0.0052,0.0078,0.0223,0.0,
745,113.854,HOLD,0.3481,0.7737,0.0,0.0052,0.005,0.0,0.0,0.0,G2
746,113.991,HOLD,0.3469,0.7709,0.0,0.0049,0.0047,0.0,0.0,0.0,
747,114.18,HOLD,0.3398,0.7552,0.0,0.0044,0.0044,0.0078,0.0224,0.0,
748,114.339,HOLD,0.3347,0.7438,0.0,0.0039,0.004,0.0078,0.0223,0.0,
749,114.494,HOLD,0.3267,0.7261,0.0,0.0033,0.0036,0.0,0.0,0.0,
750,114.628,HOLD,0.3127,0.6948,0.0,0.0026,0.0032,0.0078,0.0223,0.0,
751,114.765,HOLD,0.2978,0.6618,0.0,0.0018,0.0029,0.0079,0.0225,0.0,
752,114.897,HOLD,0.5079,0.6143,0.4209,0.0022,0.0036,0.0079,0.0226,0.0,
753,115.032,HOLD,0.4797,0.5419,0.4287,0.0024,0.0038,0.0079,0.0225,0.0,
754,115.186,HOLD,0.4541,0.4852,0.4287,0.0024,0.0038,0.0204,0.0584,0.0,
755,115.344,HOLD,0.4405,0.4644,0.4209,0.003,0.0041,0.0104,0.0298,0.0,
756,115.533,HOLD,0.4391,0.4612,0.4209,0.0038,0.0044,0.0078,0.0223,0.0,
757,115.668,HOLD,0.4388,0.4606,0.4209,0.0048,0.0045,0.0078,0.0222,0.0,
758,115.816,HOLD,0.2083,0.4628,0.0,0.0031,0.0047,0.0,0.0,0.0,
759,115.948,HOLD,0.2074,0.4609,0.0,0.003,0.0048,0.0,0.0,0.0,
760,116.079,HOLD,0.2074,0.4609,0.0,0.0017,0.0052,0.0,0.0,0.0,
761,116.219,HOLD,0.2074,0.4609,0.0,0.0005,0.0057,0.0,0.0,0.0,
762,116.377,PROBE,0.2074,0.4609,0.0,-0.0006,0.0062,0.0,0.0,0.0,G5
763,116.527,PROBE,0.2075,0.4611,0.0,-0.0016,0.0066,0.0,0.0,0.0,
764,116.67,PROBE,0.2073,0.4606,0.0,-0.0025,0.0071,0.0,0.0,0.0,
765,116.812,PROBE,0.2076,0.4614,0.0,-0.0034,0.0076,0.0,0.0,0.0,
766,116.951,COMMIT,0.2076,0.4614,0.0,-0.0042,0.008,0.0,0.0,0.0,G3
767,117.092,COMMIT,0.2077,0.4616,0.0,-0.005,0.0084,0.0,0.0,0.0,
768,117.223,COMMIT,0.2062,0.4582,0.0,-0.0057,0.0088,0.0,0.0,0.0,
769,117.373,CRUISE,0.2062,0.4582,0.0,-0.0063,0.0091,0.0,0.0,0.0,G7_from_commit
770,117.534,CRUISE,0.2063,0.4583,0.0,-0.0068,0.0094,0.0,0.0,0.0,
771,117.681,CRUISE,0.2065,0.4589,0.0,-0.0072,0.0097,0.0,0.0,0.0,
772,117.826,CRUISE,0.2037,0.4528,0.0,-0.0076,0.0099,0.0,0.0,0.0,
773,117.96,CRUISE,0.203,0.4512,0.0,-0.0079,0.0101,0.0,0.0,0.0,
774,118.091,CRUISE,0.2031,0.4513,0.0,-0.008,0.0103,0.0,0.0,0.0,
775,118.222,CRUISE,0.2031,0.4513,0.0,-0.0082,0.0104,0.0,0.0,0.0,
776,118.359,CRUISE,0.2031,0.4513,0.0,-0.0082,0.0104,0.0,0.0,0.0,
777,118.492,CRUISE,0.2029,0.4508,0.0,-0.0082,0.0104,0.0,0.0,0.0,
778,118.622,CRUISE,0.2029,0.451,0.0,-0.0082,0.0104,0.0,0.0,0.0,
779,118.761,CRUISE,0.2029,0.451,0.0,-0.0083,0.0104,0.0,0.0,0.0,
780,118.908,CRUISE,0.1999,0.4443,0.0,-0.0083,0.0105,0.0,0.0,0.0,
781,119.052,CRUISE,0.2,0.4444,0.0,-0.0084,0.0105,0.0,0.0,0.0,
782,119.186,CRUISE,0.1799,0.3998,0.0,-0.0072,0.0085,0.0,0.0,0.0,
783,119.395,CRUISE,0.1795,0.3989,0.0,-0.006,0.0067,0.0,0.0,0.0,
784,119.526,CRUISE,0.1753,0.3895,0.0,-0.0049,0.0051,0.0,0.0,0.0,
785,119.683,CRUISE,0.1753,0.3895,0.0,-0.0037,0.0036,0.0,0.0,0.0,
786,119.831,CRUISE,0.1752,0.3893,0.0,-0.0025,0.0019,0.0,0.0,0.0,
787,119.987,CRUISE,0.1688,0.375,0.0,-0.0011,0.0001,0.0,0.0,0.0,
788,120.143,PROBE,0.434,0.4087,0.4547,0.0004,0.0019,0.3467,0.9906,0.0,G1
789,120.279,PROBE,0.1839,0.4087,0.0,0.0003,0.0019,0.0,0.0,0.0,
790,120.413,PROBE,0.1839,0.4087,0.0,0.0002,0.002,0.0,0.0,0.0,
791,120.545,PROBE,0.1839,0.4087,0.0,0.0,0.002,0.0,0.0,0.0,
792,120.674,COMMIT,0.1839,0.4087,0.0,-0.0001,0.002,0.0,0.0,0.0,G3
793,120.813,COMMIT,0.1839,0.4087,0.0,-0.0002,0.002,0.0,0.0,0.0,
794,120.955,COMMIT,0.1839,0.4087,0.0,-0.0003,0.002,0.0,0.0,0.0,
795,121.094,CRUISE,0.1839,0.4087,0.0,-0.0003,0.002,0.0,0.0,0.0,G7_from_commit
796,121.226,CRUISE,0.1839,0.4087,0.0,-0.0004,0.002,0.0,0.0,0.0,
797,121.361,CRUISE,0.1839,0.4087,0.0,-0.0005,0.002,0.0,0.0,0.0,
798,121.501,CRUISE,0.1839,0.4087,0.0,-0.0005,0.002,0.0,0.0,0.0,
799,121.651,CRUISE,0.1839,0.4087,0.0,-0.0006,0.002,0.0,0.0,0.0,
800,121.795,CRUISE,0.1839,0.4087,0.0,-0.0006,0.002,0.0,0.0,0.0,
801,121.97,CRUISE,0.1839,0.4087,0.0,-0.0006,0.0021,0.0,0.0,0.0,
802,122.124,CRUISE,0.1839,0.4087,0.0,-0.0007,0.0021,0.0,0.0,0.0,
803,122.285,CRUISE,0.1839,0.4087,0.0,-0.0007,0.0021,0.0,0.0,0.0,
804,122.428,CRUISE,0.1839,0.4087,0.0,-0.0007,0.0021,0.0,0.0,0.0,
805,122.563,CRUISE,0.1839,0.4087,0.0,-0.0007,0.0021,0.0,0.0,0.0,
806,122.72,CRUISE,0.1839,0.4087,0.0,-0.0007,0.0021,0.0,0.0,0.0,
807,122.851,CRUISE,0.1839,0.4087,0.0,-0.0007,0.0021,0.0,0.0,0.0,
808,122.991,CRUISE,0.1839,0.4087,0.0,-0.0007,0.0021,0.0,0.0,0.0,
809,123.132,CRUISE,0.1839,0.4087,0.0,-0.0007,0.0021,0.0,0.0,0.0,
810,123.28,CRUISE,0.1839,0.4087,0.0,-0.0007,0.0021,0.0,0.0,0.0,
811,123.421,CRUISE,0.1839,0.4087,0.0,-0.0007,0.0021,0.0,0.0,0.0,
812,123.563,CRUISE,0.1901,0.4225,0.0,-0.0008,0.0021,0.0036,0.0104,0.0,
813,123.695,CRUISE,0.1901,0.4225,0.0,-0.0009,0.002,0.0,0.0,0.0,
814,123.829,CRUISE,0.1901,0.4225,0.0,-0.001,0.002,0.0,0.0,0.0,
815,123.964,CRUISE,0.1901,0.4225,0.0,-0.0011,0.002,0.0,0.0,0.0,
816,124.112,PROBE,0.4631,0.4327,0.4879,0.0005,0.0044,0.3435,0.9815,0.0,G1
817,124.245,PROBE,0.1947,0.4327,0.0,0.0003,0.0043,0.0,0.0,0.0,
818,124.443,PROBE,0.1895,0.421,0.0,0.0018,0.0025,0.0,0.0,0.0,
819,124.596,PROBE,0.1895,0.421,0.0,0.0017,0.0025,0.0,0.0,0.0,
820,124.721,PROBE,0.1895,0.421,0.0,0.0015,0.0025,0.0,0.0,0.0,
821,124.855,PROBE,0.192,0.4267,0.0,0.0015,0.0025,0.0036,0.0104,0.0,
822,124.991,PROBE,0.192,0.4267,0.0,0.0014,0.0025,0.0,0.0,0.0,
823,125.128,PROBE,0.192,0.4267,0.0,0.0013,0.0025,0.0,0.0,0.0,
824,125.266,PROBE,0.192,0.4267,0.0,0.0011,0.0025,0.0,0.0,0.0,
825,125.403,PROBE,0.1986,0.4414,0.0,0.0011,0.0025,0.0037,0.0105,0.0,
826,125.545,PROBE,0.1986,0.4412,0.0,0.001,0.0025,0.0036,0.0103,0.0,
827,125.718,PROBE,0.1986,0.4412,0.0,0.0009,0.0025,0.0,0.0,0.0,
828,125.856,PROBE,0.1986,0.4412,0.0,0.0008,0.0024,0.0,0.0,0.0,
829,126.004,PROBE,0.1984,0.441,0.0,0.0007,0.0024,0.0036,0.0104,0.0,
830,126.138,PROBE,0.1984,0.441,0.0,0.0006,0.0024,0.0,0.0,0.0,
831,126.272,PROBE,0.1988,0.4419,0.0,0.0005,0.0024,0.0036,0.0104,0.0,
832,126.421,PROBE,0.1987,0.4416,0.0,0.0004,0.0024,0.0036,0.0104,0.0,
833,126.565,PROBE,0.1987,0.4416,0.0,0.0003,0.0024,0.0,0.0,0.0,
834,126.707,PROBE,0.1987,0.4416,0.0,0.0002,0.0024,0.0,0.0,0.0,
835,126.847,PROBE,0.1987,0.4416,0.0,0.0,0.0024,0.0,0.0,0.0,
836,126.981,COMMIT,0.1987,0.4416,0.0,-0.0001,0.0024,0.0,0.0,0.0,G3
837,127.11,COMMIT,0.1987,0.4416,0.0,-0.0002,0.0024,0.0,0.0,0.0,
838,127.241,COMMIT,0.1987,0.4416,0.0,-0.0004,0.0024,0.0,0.0,0.0,
839,127.384,CRUISE,0.1987,0.4416,0.0,-0.0005,0.0023,0.0,0.0,0.0,G7_from_commit
840,127.52,CRUISE,0.1987,0.4416,0.0,-0.0007,0.0023,0.0,0.0,0.0,
841,127.659,CRUISE,0.1987,0.4416,0.0,-0.0009,0.0023,0.0,0.0,0.0,
842,127.803,CRUISE,0.1963,0.4361,0.0,-0.001,0.0023,0.0,0.0,0.0,
843,127.942,CRUISE,0.1963,0.4361,0.0,-0.0012,0.0023,0.0,0.0,0.0,
844,128.09,CRUISE,0.1963,0.4361,0.0,-0.0013,0.0023,0.0,0.0,0.0,
845,128.222,CRUISE,0.1963,0.4361,0.0,-0.0015,0.0023,0.0,0.0,0.0,
846,128.38,CRUISE,0.1914,0.4252,0.0,0.0002,0.0,0.0,0.0,0.0,
847,128.521,CRUISE,0.1914,0.4252,0.0,0.0001,0.0,0.0,0.0,0.0,
848,128.666,CRUISE,0.1914,0.4252,0.0,0.0001,0.0,0.0,0.0,0.0,
849,128.811,CRUISE,0.1914,0.4252,0.0,-0.0,0.0,0.0,0.0,0.0,
850,128.951,CRUISE,0.1914,0.4252,0.0,-0.0001,0.0,0.0,0.0,0.0,
851,129.131,CRUISE,0.1896,0.4214,0.0,-0.0002,0.0,0.0,0.0,0.0,
852,129.268,CRUISE,0.1896,0.4214,0.0,-0.0002,0.0,0.0,0.0,0.0,
853,129.399,CRUISE,0.1896,0.4214,0.0,-0.0003,0.0,0.0,0.0,0.0,
854,129.531,CRUISE,0.1896,0.4214,0.0,-0.0004,0.0,0.0,0.0,0.0,
855,129.711,CRUISE,0.1778,0.3951,0.0,-0.0005,0.0,0.0,0.0,0.0,
856,129.872,CRUISE,0.1779,0.3952,0.0,-0.0005,0.0,0.0,0.0,0.0,
857,130.038,CRUISE,0.1779,0.3952,0.0,-0.0006,0.0,0.0,0.0,0.0,
858,130.209,CRUISE,0.1779,0.3952,0.0,-0.0007,0.0,0.0,0.0,0.0,
859,130.374,CRUISE,0.1777,0.3948,0.0,-0.0008,0.0001,0.0,0.0,0.0,
860,130.527,CRUISE,0.1777,0.3948,0.0,-0.0008,0.0001,0.0,0.0,0.0,
861,130.685,CRUISE,0.1731,0.3846,0.0,-0.0009,0.0001,0.0,0.0,0.0,
862,130.859,CRUISE,0.1688,0.375,0.0,-0.001,0.0001,0.0,0.0,0.0,
863,131.004,CRUISE,0.1688,0.375,0.0,-0.0011,0.0001,0.0,0.0,0.0,
864,131.152,CRUISE,0.1688,0.375,0.0,-0.0011,0.0001,0.0,0.0,0.0,
865,131.307,CRUISE,0.1688,0.375,0.0,-0.0012,0.0001,0.0,0.0,0.0,
866,131.439,CRUISE,0.1688,0.375,0.0,-0.0012,0.0001,0.0,0.0,0.0,
867,131.576,CRUISE,0.1688,0.375,0.0,-0.0012,0.0001,0.0,0.0,0.0,
868,131.706,CRUISE,0.1688,0.375,0.0,-0.0012,0.0001,0.0,0.0,0.0,
869,131.842,CRUISE,0.1688,0.375,0.0,-0.0012,0.0001,0.0,0.0,0.0,
870,131.992,CRUISE,0.1688,0.375,0.0,-0.0012,0.0001,0.0,0.0,0.0,
871,132.133,CRUISE,0.1688,0.375,0.0,-0.0012,0.0001,0.0,0.0,0.0,
872,132.278,CRUISE,0.1688,0.375,0.0,-0.0012,0.0001,0.0,0.0,0.0,
873,132.422,CRUISE,0.1688,0.375,0.0,-0.0011,0.0001,0.0,0.0,0.0,
874,132.568,CRUISE,0.1688,0.375,0.0,-0.0011,0.0001,0.0,0.0,0.0,
875,132.716,CRUISE,0.1688,0.375,0.0,-0.001,0.0001,0.0,0.0,0.0,
876,132.844,CRUISE,0.1688,0.375,0.0,-0.001,0.0001,0.0,0.0,0.0,
877,132.981,CRUISE,0.1688,0.375,0.0,-0.0009,0.0001,0.0,0.0,0.0,
878,133.118,CRUISE,0.1688,0.375,0.0,-0.0008,0.0001,0.0,0.0,0.0,
879,133.251,CRUISE,0.1688,0.375,0.0,-0.0008,0.0001,0.0,0.0,0.0,
880,133.376,CRUISE,0.1688,0.375,0.0,-0.0007,0.0001,0.0,0.0,0.0,
881,133.515,CRUISE,0.1688,0.375,0.0,-0.0006,0.0,0.0,0.0,0.0,
882,133.649,CRUISE,0.1688,0.375,0.0,-0.0005,0.0,0.0,0.0,0.0,
883,133.778,CRUISE,0.1688,0.375,0.0,-0.0004,0.0,0.0,0.0,0.0,
884,133.913,PROBE,0.4642,0.3954,0.5205,0.0016,0.0028,0.3458,0.9881,0.0,G1
885,134.047,PROBE,0.1779,0.3954,0.0,0.0016,0.0028,0.0,0.0,0.0,
886,134.191,PROBE,0.1779,0.3954,0.0,0.0015,0.0028,0.0,0.0,0.0,
887,134.319,PROBE,0.1779,0.3954,0.0,0.0015,0.0028,0.0,0.0,0.0,
888,134.452,PROBE,0.1779,0.3954,0.0,0.0015,0.0028,0.0,0.0,0.0,
889,134.594,PROBE,0.1779,0.3954,0.0,0.0014,0.0028,0.0,0.0,0.0,
890,134.725,PROBE,0.1779,0.3954,0.0,0.0014,0.0028,0.0,0.0,0.0,
891,134.865,PROBE,0.1779,0.3954,0.0,0.0013,0.0028,0.0,0.0,0.0,
892,135.004,PROBE,0.1779,0.3954,0.0,0.0012,0.0028,0.0,0.0,0.0,
893,135.134,PROBE,0.1779,0.3954,0.0,0.0011,0.0028,0.0,0.0,0.0,
894,135.293,PROBE,0.1779,0.3954,0.0,0.001,0.0028,0.0,0.0,0.0,
895,135.438,PROBE,0.1779,0.3954,0.0,0.0009,0.0028,0.0,0.0,0.0,
896,135.594,PROBE,0.1779,0.3954,0.0,0.0008,0.0028,0.0,0.0,0.0,
897,135.766,PROBE,0.1779,0.3954,0.0,0.0006,0.0028,0.0,0.0,0.0,
898,135.898,PROBE,0.1779,0.3954,0.0,0.0005,0.0027,0.0,0.0,0.0,
899,136.034,PROBE,0.1779,0.3954,0.0,0.0004,0.0027,0.0,0.0,0.0,
900,136.168,PROBE,0.1779,0.3954,0.0,0.0003,0.0027,0.0,0.0,0.0,
901,136.308,PROBE,0.1832,0.4071,0.0,0.0002,0.0027,0.021,0.06,0.0,
902,136.438,PROBE,0.1832,0.4071,0.0,0.0,0.0027,0.0,0.0,0.0,
903,136.583,COMMIT,0.1832,0.4071,0.0,-0.0001,0.0027,0.0,0.0,0.0,G3
904,136.73,COMMIT,0.1874,0.4165,0.0,-0.0002,0.0027,0.0037,0.0104,0.0,
905,136.869,COMMIT,0.1874,0.4165,0.0,-0.0003,0.0027,0.1,0.0,0.0,
906,137.011,CRUISE,0.1874,0.4165,0.0,-0.0004,0.0027,0.05,0.0,0.0,G7_from_commit
907,137.149,CRUISE,0.1874,0.4165,0.0,-0.0005,0.0027,0.0333,0.0,0.0,
908,137.3,CRUISE,0.1874,0.4165,0.0,-0.0006,0.0027,0.025,0.0,0.0,
909,137.435,CRUISE,0.1898,0.4218,0.0,-0.0008,0.0026,0.042,0.0103,0.0,
910,137.588,CRUISE,0.191,0.4244,0.0,-0.0009,0.0026,0.0364,0.0103,0.0,
911,137.742,CRUISE,0.191,0.4244,0.0,-0.001,0.0026,0.0406,0.0,0.0,
912,137.893,CRUISE,0.191,0.4244,0.0,-0.0012,0.0026,0.0355,0.0,0.0,
913,138.041,CRUISE,0.1922,0.4272,0.0,-0.0013,0.0026,0.0771,0.0983,0.0,
914,138.181,CRUISE,0.1902,0.4227,0.0,0.0006,0.0,0.0036,0.0104,0.0,
915,138.31,CRUISE,0.1902,0.4227,0.0,0.0006,0.0,0.0,0.0,0.0,
916,138.444,CRUISE,0.1902,0.4227,0.0,0.0006,0.0,0.0,0.0,0.0,
917,138.574,CRUISE,0.1902,0.4227,0.0,0.0006,0.0,0.0,0.0,0.0,
918,138.705,CRUISE,0.1902,0.4227,0.0,0.0006,0.0,0.0,0.0,0.0,
919,138.838,CRUISE,0.1902,0.4227,0.0,0.0006,0.0,0.0,0.0,0.0,
920,138.973,CRUISE,0.1902,0.4227,0.0,0.0006,0.0,0.0,0.0,0.0,
921,139.11,CRUISE,0.1902,0.4227,0.0,0.0006,0.0,0.0,0.0,0.0,
922,139.238,CRUISE,0.1902,0.4227,0.0,0.0006,0.0,0.0,0.0,0.0,
923,139.367,CRUISE,0.1902,0.4227,0.0,0.0005,0.0,0.0,0.0,0.0,
924,139.507,CRUISE,0.1902,0.4227,0.0,0.0005,0.0,0.0,0.0,0.0,
925,139.641,CRUISE,0.1902,0.4227,0.0,0.0005,0.0,0.0,0.0,0.0,
926,139.798,CRUISE,0.1902,0.4227,0.0,0.0004,0.0,0.0,0.0,0.0,
927,139.941,CRUISE,0.1902,0.4227,0.0,0.0004,0.0,0.0,0.0,0.0,
928,140.089,CRUISE,0.1902,0.4227,0.0,0.0003,0.0,0.0,0.0,0.0,
929,140.229,CRUISE,0.1902,0.4227,0.0,0.0002,0.0,0.0,0.0,0.0,
930,140.395,CRUISE,0.1902,0.4227,0.0,0.0002,0.0,0.0,0.0,0.0,
931,140.544,CRUISE,0.1889,0.4198,0.0,0.0001,0.0,0.0,0.0,0.0,
932,140.68,CRUISE,0.1889,0.4198,0.0,0.0001,0.0,0.0,0.0,0.0,
933,140.813,CRUISE,0.1889,0.4198,0.0,0.0,0.0,0.0,0.0,0.0,
934,140.948,CRUISE,0.1865,0.4144,0.0,0.0,0.0,0.0,0.0,0.0,
935,141.082,CRUISE,0.1864,0.4142,0.0,-0.0,0.0,0.2219,0.634,0.0,
936,141.212,CRUISE,0.1864,0.4142,0.0,-0.0001,0.0,0.0,0.0,0.0,
937,141.355,CRUISE,0.1869,0.4153,0.0,-0.0001,0.0,0.0037,0.0104,0.0,
938,141.486,CRUISE,0.1869,0.4153,0.0,-0.0001,0.0,0.0,0.0,0.0,
939,141.62,CRUISE,0.1846,0.4101,0.0,-0.0002,0.0,0.0036,0.0104,0.0,
940,141.756,CRUISE,0.1843,0.4095,0.0,-0.0002,0.0,0.0036,0.0103,0.0,
941,141.892,CRUISE,0.1892,0.4205,0.0,-0.0002,0.0,0.0036,0.0103,0.0,
942,142.058,CRUISE,0.1892,0.4205,0.0,-0.0002,0.0,0.0036,0.0103,0.0,
943,142.204,CRUISE,0.1881,0.4179,0.0,-0.0001,0.0,0.0,0.0,0.0,
944,142.346,CRUISE,0.187,0.4156,0.0,-0.0002,0.0,0.0,0.0,0.0,
945,142.482,CRUISE,0.187,0.4156,0.0,-0.0002,0.0,0.0,0.0,0.0,
946,142.614,CRUISE,0.187,0.4156,0.0,-0.0002,0.0,0.0,0.0,0.0,
947,142.747,CRUISE,0.187,0.4156,0.0,-0.0002,0.0,0.0,0.0,0.0,
948,142.88,CRUISE,0.187,0.4156,0.0,-0.0002,0.0,0.0,0.0,0.0,
949,143.007,CRUISE,0.187,0.4156,0.0,-0.0002,0.0,0.0,0.0,0.0,
950,143.144,CRUISE,0.187,0.4156,0.0,-0.0001,0.0,0.0,0.0,0.0,
951,143.277,CRUISE,0.187,0.4156,0.0,-0.0001,0.0,0.0,0.0,0.0,
952,143.419,CRUISE,0.187,0.4156,0.0,-0.0001,0.0,0.0,0.0,0.0,
953,143.556,CRUISE,0.187,0.4156,0.0,-0.0001,0.0,0.0,0.0,0.0,
954,143.693,CRUISE,0.187,0.4156,0.0,-0.0001,0.0,0.0,0.0,0.0,
955,143.827,CRUISE,0.187,0.4156,0.0,-0.0001,0.0,0.0,0.0,0.0,
956,143.964,CRUISE,0.187,0.4156,0.0,-0.0001,0.0,0.0,0.0,0.0,
957,144.097,CRUISE,0.187,0.4156,0.0,-0.0001,0.0,0.0,0.0,0.0,
958,144.246,CRUISE,0.187,0.4156,0.0,-0.0001,0.0,0.0,0.0,0.0,
959,144.383,CRUISE,0.187,0.4156,0.0,-0.0,0.0,0.0,0.0,0.0,
960,144.521,CRUISE,0.187,0.4156,0.0,-0.0,0.0,0.0,0.0,0.0,
961,144.651,CRUISE,0.187,0.4156,0.0,-0.0,0.0,0.0,0.0,0.0,
962,144.784,CRUISE,0.187,0.4156,0.0,0.0,0.0,0.0,0.0,0.0,
963,144.928,CRUISE,0.187,0.4156,0.0,0.0,0.0,0.0,0.0,0.0,
964,145.065,CRUISE,0.187,0.4156,0.0,0.0,0.0,0.0,0.0,0.0,
965,145.202,CRUISE,0.1871,0.4158,0.0,0.0,0.0,0.0,0.0,0.0,
966,145.329,CRUISE,0.1871,0.4158,0.0,0.0,0.0,0.0,0.0,0.0,
967,145.465,CRUISE,0.1865,0.4145,0.0,0.0,0.0,0.0,0.0,0.0,
968,145.604,CRUISE,0.1865,0.4145,0.0,-0.0,0.0,0.0,0.0,0.0,
969,145.735,CRUISE,0.1866,0.4147,0.0,-0.0,0.0,0.0,0.0,0.0,
970,145.87,CRUISE,0.1852,0.4116,0.0,-0.0001,0.0,0.0,0.0,0.0,
971,146.003,CRUISE,0.1746,0.3881,0.0,-0.0001,0.0,0.0,0.0,0.0,
972,146.133,CRUISE,0.1688,0.375,0.0,-0.0002,0.0,0.0,0.0,0.0,
973,146.27,CRUISE,0.1688,0.375,0.0,-0.0003,0.0,0.0,0.0,0.0,
974,146.407,CRUISE,0.1688,0.375,0.0,-0.0004,0.0,0.0,0.0,0.0,
975,146.625,CRUISE,0.1688,0.375,0.0,-0.0005,0.0,0.0,0.0,0.0,
976,146.773,CRUISE,0.1688,0.375,0.0,-0.0006,0.0,0.0,0.0,0.0,
977,146.916,CRUISE,0.1688,0.375,0.0,-0.0006,0.0001,0.0,0.0,0.0,
978,147.069,CRUISE,0.1688,0.375,0.0,-0.0007,0.0001,0.0,0.0,0.0,
979,147.21,CRUISE,0.1688,0.375,0.0,-0.0008,0.0001,0.0,0.0,0.0,
980,147.337,PROBE,0.4385,0.4139,0.4585,0.0009,0.0022,0.3486,0.9959,0.0,G1
981,147.467,PROBE,0.4629,0.427,0.4923,0.0027,0.0046,0.349,0.9971,0.0,
982,147.603,PROBE,0.1922,0.427,0.0,0.0025,0.0046,0.0,0.0,0.0,
983,147.73,PROBE,0.1922,0.427,0.0,0.0024,0.0046,0.0,0.0,0.0,
984,147.868,PROBE,0.1922,0.427,0.0,0.0023,0.0046,0.0,0.0,0.0,
985,147.998,PROBE,0.1922,0.427,0.0,0.0021,0.0046,0.0,0.0,0.0,
986,148.138,PROBE,0.1922,0.427,0.0,0.002,0.0046,0.0,0.0,0.0,
987,148.269,PROBE,0.1922,0.427,0.0,0.0019,0.0046,0.0,0.0,0.0,
988,148.402,PROBE,0.1922,0.427,0.0,0.0017,0.0046,0.0,0.0,0.0,
989,148.541,PROBE,0.1922,0.427,0.0,0.0016,0.0046,0.0,0.0,0.0,
990,148.679,PROBE,0.1922,0.427,0.0,0.0014,0.0046,0.0,0.0,0.0,
991,148.824,PROBE,0.1922,0.427,0.0,0.0013,0.0046,0.0,0.0,0.0,
992,148.962,PROBE,0.1922,0.427,0.0,0.0011,0.0046,0.0,0.0,0.0,
993,149.111,PROBE,0.4756,0.4452,0.5005,0.0028,0.007,0.3491,0.9976,0.0,
994,149.261,PROBE,0.2003,0.4452,0.0,0.0026,0.0069,0.0,0.0,0.0,
995,149.397,PROBE,0.2537,0.5639,0.0,0.0027,0.007,0.0006,0.0016,0.0,
996,149.543,PROBE,0.2578,0.573,0.0,0.0028,0.007,0.0006,0.0018,0.0,
997,149.698,PROBE,0.2576,0.5725,0.0,0.0029,0.007,0.1706,0.4875,0.0,
998,149.85,PROBE,0.5542,0.58,0.533,0.0048,0.0106,0.3492,0.9978,0.0,
999,149.996,PROBE,0.261,0.58,0.0,0.0047,0.0106,0.0,0.0,0.0,
1000,150.147,PROBE,0.261,0.58,0.0,0.0046,0.0105,0.0,0.0,0.0,
1001,150.3,PROBE,0.261,0.58,0.0,0.0043,0.0104,0.0,0.0,0.0,
1002,150.447,HOLD,0.261,0.58,0.0,0.004,0.0103,0.0,0.0,0.0,G2
1003,150.594,HOLD,0.261,0.58,0.0,0.0036,0.0101,0.0,0.0,0.0,
1004,150.733,HOLD,0.261,0.58,0.0,0.0032,0.0099,0.0,0.0,0.0,
1005,150.862,HOLD,0.261,0.58,0.0,0.0027,0.0097,0.0,0.0,0.0,
1006,150.999,HOLD,0.261,0.58,0.0,0.0022,0.0095,0.0,0.0,0.0,
1007,151.142,HOLD,0.261,0.58,0.0,0.0017,0.0092,0.0,0.0,0.0,
1008,151.305,HOLD,0.261,0.58,0.0,0.0011,0.009,0.0,0.0,0.0,
1009,151.435,HOLD,0.261,0.58,0.0,0.0005,0.0087,0.0,0.0,0.0,
1010,151.581,HOLD,0.2584,0.5741,0.0,0.0017,0.0076,0.0,0.0,0.0,
1011,151.72,HOLD,0.256,0.569,0.0,0.0031,0.0061,0.0,0.0,0.0,
1012,151.858,HOLD,0.256,0.569,0.0,0.0027,0.006,0.0,0.0,0.0,
1013,151.991,HOLD,0.256,0.569,0.0,0.0023,0.0059,0.0,0.0,0.0,
1014,152.128,HOLD,0.256,0.569,0.0,0.0019,0.0058,0.0,0.0,0.0,
1015,152.266,HOLD,0.256,0.569,0.0,0.0015,0.0056,0.0,0.0,0.0,
1016,152.404,HOLD,0.256,0.569,0.0,0.001,0.0055,0.0,0.0,0.0,
1017,152.545,HOLD,0.256,0.569,0.0,0.0005,0.0053,0.0,0.0,0.0,
1018,152.678,PROBE,0.256,0.569,0.0,-0.0,0.0051,0.0,0.0,0.0,G5
1019,152.821,PROBE,0.256,0.569,0.0,-0.0006,0.005,0.0,0.0,0.0,
1020,152.956,PROBE,0.256,0.569,0.0,-0.0012,0.0048,0.0,0.0,0.0,
1021,153.097,PROBE,0.256,0.569,0.0,-0.0018,0.0046,0.0,0.0,0.0,
1022,153.232,COMMIT,0.256,0.569,0.0,-0.0024,0.0044,0.0,0.0,0.0,G3
1023,153.384,COMMIT,0.252,0.56,0.0,-0.0012,0.003,0.0,0.0,0.0,
1024,153.565,CRUISE,0.252,0.56,0.0,-0.0017,0.0028,0.0,0.0,0.0,G7_from_commit
1025,153.715,CRUISE,0.2067,0.4593,0.0,-0.0022,0.003,0.0,0.0,0.0,
1026,153.863,CRUISE,0.1897,0.4215,0.0,-0.0028,0.0031,0.0,0.0,0.0,
1027,154.042,CRUISE,0.189,0.42,0.0,-0.0033,0.0033,0.0,0.0,0.0,
1028,154.201,CRUISE,0.1688,0.375,0.0,-0.0019,0.0006,0.0,0.0,0.0,
1029,154.398,CRUISE,0.1688,0.375,0.0,-0.0023,0.0008,0.0,0.0,0.0,
1030,154.557,CRUISE,0.1688,0.375,0.0,-0.0027,0.001,0.0,0.0,0.0,
1031,154.711,CRUISE,0.1688,0.375,0.0,-0.003,0.0011,0.0,0.0,0.0,
1032,154.869,CRUISE,0.1688,0.375,0.0,-0.0033,0.0013,0.0,0.0,0.0,
1033,155.006,CRUISE,0.1688,0.375,0.0,-0.0036,0.0014,0.0,0.0,0.0,
1034,155.142,CRUISE,0.1688,0.375,0.0,-0.0038,0.0015,0.0,0.0,0.0,
1035,155.287,CRUISE,0.1688,0.375,0.0,-0.004,0.0016,0.0,0.0,0.0,
1036,155.433,CRUISE,0.1688,0.375,0.0,-0.0042,0.0016,0.0,0.0,0.0,
1037,155.587,CRUISE,0.1688,0.375,0.0,-0.0043,0.0017,0.0,0.0,0.0,
1038,155.73,CRUISE,0.1688,0.375,0.0,-0.0043,0.0017,0.0,0.0,0.0,
1039,155.888,CRUISE,0.1688,0.375,0.0,-0.0043,0.0017,0.0,0.0,0.0,
1040,156.033,CRUISE,0.1688,0.375,0.0,-0.0043,0.0017,0.0,0.0,0.0,
1041,156.169,CRUISE,0.1688,0.375,0.0,-0.0043,0.0017,0.0,0.0,0.0,
1042,156.303,CRUISE,0.1688,0.375,0.0,-0.0042,0.0017,0.0,0.0,0.0,
1043,156.442,CRUISE,0.1688,0.375,0.0,-0.0041,0.0016,0.0,0.0,0.0,
1044,156.578,CRUISE,0.1688,0.375,0.0,-0.004,0.0016,0.0,0.0,0.0,
1045,156.709,CRUISE,0.1688,0.375,0.0,-0.0038,0.0015,0.0,0.0,0.0,
1046,156.84,CRUISE,0.1688,0.375,0.0,-0.0036,0.0014,0.0,0.0,0.0,
1047,156.979,CRUISE,0.1688,0.375,0.0,-0.0033,0.0013,0.0,0.0,0.0,
1048,157.117,CRUISE,0.1688,0.375,0.0,-0.003,0.0012,0.0,0.0,0.0,
1049,157.249,CRUISE,0.1688,0.375,0.0,-0.0027,0.001,0.0,0.0,0.0,
1050,157.395,CRUISE,0.1688,0.375,0.0,-0.0023,0.0009,0.0,0.0,0.0,
1051,157.526,CRUISE,0.1688,0.375,0.0,-0.0019,0.0007,0.0,0.0,0.0,
1052,157.662,CRUISE,0.1688,0.375,0.0,-0.0014,0.0005,0.0,0.0,0.0,
1053,157.807,CRUISE,0.1688,0.375,0.0,-0.001,0.0003,0.0,0.0,0.0,
1054,157.948,CRUISE,0.1688,0.375,0.0,-0.0005,0.0001,0.0,0.0,0.0,
1055,158.098,CRUISE,0.1688,0.375,0.0,-0.0003,0.0,0.0,0.0,0.0,
1056,158.248,CRUISE,0.1688,0.375,0.0,-0.0001,0.0,0.0,0.0,0.0,
1057,158.378,CRUISE,0.1688,0.375,0.0,-0.0,0.0,0.0,0.0,0.0,
1058,158.513,CRUISE,0.1688,0.375,0.0,-0.0,0.0,0.0,0.0,0.0,
1059,158.647,CRUISE,0.1688,0.375,0.0,-0.0,0.0,0.0,0.0,0.0,
1060,158.784,CRUISE,0.1688,0.375,0.0,-0.0,0.0,0.0,0.0,0.0,
1061,158.923,CRUISE,0.1688,0.375,0.0,-0.0,0.0,0.0,0.0,0.0,
1062,159.057,CRUISE,0.1688,0.375,0.0,-0.0,0.0,0.0,0.0,0.0,
1063,159.193,CRUISE,0.1688,0.375,0.0,-0.0,0.0,0.0,0.0,0.0,
1064,159.339,CRUISE,0.1688,0.375,0.0,-0.0,0.0,0.0,0.0,0.0,
1065,159.481,CRUISE,0.1688,0.375,0.0,-0.0,0.0,0.0,0.0,0.0,
1066,159.631,CRUISE,0.1688,0.375,0.0,-0.0,0.0,0.0,0.0,0.0,
1067,159.785,CRUISE,0.1688,0.375,0.0,-0.0,0.0,0.0,0.0,0.0,
1068,159.936,CRUISE,0.1688,0.375,0.0,-0.0,0.0,0.0,0.0,0.0,
1069,160.093,CRUISE,0.1688,0.375,0.0,-0.0,0.0,0.0,0.0,0.0,
1070,160.249,CRUISE,0.1688,0.375,0.0,-0.0,0.0,0.0,0.0,0.0,
1071,160.425,CRUISE,0.1688,0.375,0.0,-0.0,0.0,0.0,0.0,0.0,
1072,160.577,PROBE,0.4938,0.4279,0.5476,0.0021,0.0034,0.3493,0.998,0.0,G1
1073,160.735,PROBE,0.1926,0.4279,0.0,0.0021,0.0034,0.0,0.0,0.0,
1074,160.9,PROBE,0.2643,0.5873,0.0,0.0026,0.0036,0.0001,0.0003,0.0,
1075,161.056,PROBE,0.2961,0.6581,0.0,0.0032,0.004,0.0001,0.0003,0.0,
1076,161.208,PROBE,0.3181,0.7068,0.0,0.0039,0.0046,0.001,0.003,0.0,
1077,161.359,PROBE,0.3377,0.7505,0.0,0.0047,0.0052,0.0024,0.0068,0.0,
1078,161.502,PROBE,0.3521,0.7825,0.0,0.0055,0.0059,0.0001,0.0003,0.0,
1079,161.636,PROBE,0.361,0.8021,0.0,0.0062,0.0067,0.004,0.0113,0.0,
1080,161.765,PROBE,0.3635,0.8078,0.0,0.0069,0.0073,0.068,0.1943,0.0,
1081,161.905,PROBE,0.3599,0.7999,0.0,0.0075,0.0079,0.15,0.4286,0.0,
1082,162.04,PROBE,0.3599,0.7999,0.0,0.008,0.0084,0.0,0.0,0.0,
1083,162.181,PROBE,0.3564,0.792,0.0,0.0084,0.0087,0.3191,0.9118,0.0,
1084,162.349,PROBE,0.3517,0.7817,0.0,0.0087,0.009,0.336,0.96,0.0,
1085,162.496,PROBE,0.3471,0.7713,0.0,0.0088,0.0091,0.3405,0.9729,0.0,
1086,162.627,PROBE,0.3425,0.7612,0.0,0.0089,0.0092,0.3423,0.9779,0.0,
1087,162.796,PROBE,0.3379,0.7509,0.0,0.0088,0.0091,0.3431,0.9803,0.0,
1088,162.939,PROBE,0.3332,0.7404,0.0,0.0087,0.009,0.3436,0.9817,0.0,
1089,163.078,PROBE,0.3283,0.7296,0.0,0.0084,0.0088,0.3439,0.9827,0.0,
1090,163.213,PROBE,0.642,0.7194,0.5787,0.0101,0.0128,0.3441,0.9831,0.0,
1091,163.354,PROBE,0.6471,0.709,0.5965,0.0116,0.0164,0.3441,0.9833,0.0,
1092,163.497,HOLD,0.6516,0.6984,0.6133,0.013,0.0196,0.3442,0.9833,0.0,G2
1093,163.629,HOLD,0.6532,0.6883,0.6244,0.0141,0.0224,0.3441,0.9831,0.0,
1094,163.773,HOLD,0.6541,0.6782,0.6344,0.015,0.0246,0.3439,0.9825,0.0,
1095,163.911,HOLD,0.6526,0.668,0.64,0.0157,0.0262,0.3436,0.9818,0.0,
1096,164.129,HOLD,0.6543,0.6572,0.6519,0.0162,0.0274,0.3433,0.9809,0.0,
1097,164.332,HOLD,0.6469,0.6503,0.6441,0.0164,0.028,0.3439,0.9825,0.0,
1098,164.551,HOLD,0.6427,0.6409,0.6441,0.0164,0.0279,0.3452,0.9863,0.0,
1099,164.727,HOLD,0.6311,0.6056,0.6519,0.0161,0.0272,0.3461,0.9888,0.0,
1100,164.903,HOLD,0.611,0.5609,0.6519,0.0154,0.0258,0.3466,0.9902,0.0,
1101,165.094,HOLD,0.5835,0.5094,0.6441,0.0144,0.0237,0.3469,0.9912,0.0,
1102,165.285,HOLD,0.5338,0.4112,0.6341,0.0152,0.0239,0.3471,0.9917,0.0,
1103,165.476,HOLD,0.4816,0.3251,0.6096,0.0134,0.0214,0.3472,0.9919,0.0,
1104,165.666,HOLD,0.4674,0.3254,0.5837,0.012,0.0199,0.3472,0.9919,0.0,
1105,165.841,HOLD,0.4525,0.3255,0.5565,0.0106,0.0188,0.3471,0.9918,0.0,
1106,166.014,HOLD,0.4485,0.3263,0.5484,0.0093,0.018,0.347,0.9914,0.0,
1107,166.172,HOLD,0.4423,0.3273,0.5363,0.008,0.0173,0.3469,0.9911,0.0,
1108,166.33,HOLD,0.4379,0.3271,0.5285,0.0067,0.0167,0.3468,0.9908,0.0,
1109,166.489,HOLD,0.4263,0.329,0.5059,0.0053,0.0163,0.3468,0.9907,0.0,
1110,166.648,HOLD,0.4264,0.3294,0.5059,0.004,0.0159,0.3467,0.9905,0.0,
1111,166.834,HOLD,0.4183,0.3265,0.4934,0.0025,0.0155,0.3465,0.9901,0.0,
1112,166.993,HOLD,0.3475,0.1904,0.4761,0.0006,0.0156,0.3464,0.9898,0.0,
1113,167.153,PROBE,0.3399,0.183,0.4683,-0.0014,0.0157,0.3463,0.9894,0.0,G5
1114,167.311,PROBE,0.3275,0.183,0.4457,-0.0035,0.016,0.346,0.9887,0.0,
1115,167.469,PROBE,0.3271,0.1843,0.4439,-0.0056,0.0162,0.3458,0.9881,0.0,
1116,167.629,PROBE,0.3264,0.187,0.4405,-0.0078,0.0164,0.3458,0.9879,0.0,
1117,167.818,PROBE,0.3301,0.1869,0.4473,-0.0099,0.0165,0.3455,0.9872,0.0,
1118,168.01,PROBE,0.333,0.1886,0.4512,-0.0121,0.0165,0.3454,0.9869,0.0,
1119,168.184,PROBE,0.3334,0.1879,0.4525,-0.0143,0.0164,0.3453,0.9866,0.0,
1120,168.327,PROBE,0.3336,0.1882,0.4525,-0.0143,0.0165,0.3454,0.9868,0.0,
1121,168.471,PROBE,0.3331,0.187,0.4525,-0.0142,0.0163,0.3452,0.9864,0.0,
1122,168.657,PROBE,0.3284,0.1852,0.4456,-0.0139,0.0158,0.3451,0.9859,0.0,
1123,168.86,PROBE,0.324,0.1889,0.4345,-0.0135,0.0152,0.3449,0.9855,0.0,
1124,169.061,PROBE,0.3241,0.1892,0.4345,-0.013,0.0142,0.3449,0.9855,0.0,
1125,169.227,PROBE,0.3235,0.1878,0.4345,-0.0123,0.0131,0.3446,0.9847,0.0,
1126,169.387,COMMIT,0.3036,0.1796,0.4051,-0.0116,0.0119,0.3443,0.9838,0.0,G3
1127,169.534,COMMIT,0.2863,0.1626,0.3874,-0.0109,0.0106,0.344,0.9828,0.0,
1128,169.708,COMMIT,0.2691,0.1626,0.3563,-0.0101,0.0092,0.4438,0.9822,0.0,
1129,169.855,COMMIT,0.2801,0.1621,0.3766,-0.0093,0.0077,0.4434,0.981,0.0,
1130,169.993,COMMIT,0.2893,0.1615,0.3939,-0.0083,0.0061,0.442,0.981,0.0,
1131,170.154,COMMIT,0.2963,0.1605,0.4073,-0.0073,0.0047,0.4417,0.9794,0.0,
1132,170.304,COMMIT,0.2987,0.1573,0.4145,-0.0066,0.0039,0.4412,0.9773,0.0,
1133,170.457,COMMIT,0.2995,0.1562,0.4167,-0.0061,0.0034,0.441,0.9763,0.0,
1134,170.601,COMMIT,0.3034,0.1553,0.4245,-0.0055,0.003,0.4411,0.9764,0.0,
1135,170.744,COMMIT,0.3006,0.1556,0.4192,-0.0051,0.0026,0.4407,0.975,0.0,
1136,170.884,COMMIT,0.2941,0.1558,0.4073,-0.0046,0.0022,0.441,0.9756,0.0,
1137,171.03,COMMIT,0.2798,0.1557,0.3813,-0.0042,0.0019,0.341,0.9744,0.0,
1138,171.182,COMMIT,0.2718,0.1558,0.3666,-0.0038,0.0016,0.3405,0.9727,0.0,
1139,171.33,COMMIT,0.2617,0.1544,0.3494,-0.0035,0.0013,0.3405,0.9729,0.0,
1140,171.477,COMMIT,0.2609,0.1557,0.3469,-0.0031,0.001,0.3397,0.9707,0.0,
1141,171.626,COMMIT,0.2581,0.1555,0.342,-0.0027,0.0007,0.3398,0.9707,0.0,
1142,171.838,COMMIT,0.2539,0.1556,0.3343,-0.0027,0.0007,0.3403,0.9722,0.0,
1143,172.011,COMMIT,0.2481,0.1559,0.3236,-0.0028,0.0008,0.3397,0.9706,0.0,
1144,172.169,COMMIT,0.2575,0.1557,0.3408,-0.0029,0.0008,0.3372,0.9635,0.0,
1145,172.312,COMMIT,0.2543,0.158,0.333,-0.003,0.0008,0.3387,0.9677,0.0,
1146,172.485,COMMIT,0.2416,0.1575,0.3104,-0.0031,0.0009,0.3389,0.9683,0.0,
1147,172.66,COMMIT,0.2456,0.1582,0.3171,-0.0032,0.0009,0.3396,0.9702,0.0,
1148,172.816,COMMIT,0.2485,0.1594,0.3214,-0.0031,0.0009,0.3397,0.9706,0.0,
1149,173.006,COMMIT,0.2488,0.1573,0.3236,-0.0031,0.0008,0.3397,0.9705,0.0,
1150,173.181,COMMIT,0.2483,0.1563,0.3236,-0.0029,0.0008,0.3397,0.9706,0.0,
1151,173.339,COMMIT,0.2467,0.1554,0.3214,-0.0028,0.0007,0.3393,0.9694,0.0,
1152,173.497,COMMIT,0.2436,0.1537,0.3171,-0.0027,0.0007,0.3392,0.9692,0.0,
1153,173.672,COMMIT,0.253,0.1449,0.3415,-0.0025,0.0006,0.336,0.9601,0.0,
1154,173.829,COMMIT,0.2566,0.1406,0.3516,-0.0022,0.0005,0.3231,0.9232,0.0,
1155,174.002,CRUISE,0.256,0.1354,0.3547,-0.002,0.0004,0.1825,0.5214,0.0,G7_from_commit
1156,174.16,CRUISE,0.139,0.3089,0.0,-0.0026,0.0009,0.0361,0.1032,0.0,
1157,174.318,CRUISE,0.1697,0.3771,0.0,-0.003,0.0012,0.0378,0.108,0.0,
1158,174.493,CRUISE,0.3632,0.3774,0.3516,-0.0023,0.0015,0.296,0.8457,0.0,
1159,174.665,PROBE,0.3579,0.3779,0.3415,-0.0015,0.0018,0.3173,0.9066,0.0,G1
1160,174.84,PROBE,0.1852,0.4115,0.0,-0.0019,0.002,0.0347,0.0991,0.0,
1161,175.03,PROBE,0.2057,0.4572,0.0,-0.002,0.002,0.1099,0.3141,0.0,
1162,175.19,COMMIT,0.2272,0.5048,0.0,-0.0019,0.002,0.1828,0.5224,0.0,G3
1163,175.364,COMMIT,0.4015,0.5048,0.3171,-0.0007,0.0027,0.3189,0.9111,0.0,
1164,175.553,COMMIT,0.4045,0.505,0.3222,0.0006,0.0033,0.4228,0.9222,0.0,
1165,175.727,COMMIT,0.243,0.54,0.0,0.0007,0.0032,0.3119,0.6055,0.0,
1166,175.9,COMMIT,0.4219,0.54,0.3253,0.002,0.004,0.4204,0.9154,0.0,
1167,176.059,COMMIT,0.4316,0.5399,0.343,0.0031,0.0049,0.4171,0.906,0.0,
1168,176.216,COMMIT,0.438,0.5392,0.3552,0.0042,0.0058,0.4206,0.916,0.0,
1169,176.375,COMMIT,0.4424,0.5391,0.3632,0.0052,0.0067,0.4247,0.9276,0.0,
1170,176.532,COMMIT,0.4459,0.5387,0.37,0.0061,0.0076,0.4024,0.864,0.0,
1171,176.69,COMMIT,0.4609,0.5387,0.3972,0.007,0.0085,0.2098,0.5995,0.0,
1172,176.864,COMMIT,0.4681,0.5383,0.4106,0.0079,0.0094,0.3141,0.8975,0.0,
1173,177.023,COMMIT,0.472,0.5382,0.4178,0.0086,0.0102,0.3223,0.921,0.0,
1174,177.166,COMMIT,0.4845,0.5385,0.4404,0.0094,0.0111,0.2635,0.7528,0.0,
1175,177.324,COMMIT,0.4846,0.5385,0.4404,0.01,0.0118,0.298,0.8515,0.0,
1176,177.468,COMMIT,0.4793,0.538,0.4313,0.0104,0.0123,0.3309,0.9454,0.0,
1177,177.643,COMMIT,0.479,0.5373,0.4313,0.0108,0.0127,0.3396,0.9702,0.0,
1178,177.912,COMMIT,0.4786,0.5363,0.4313,0.0111,0.013,0.3425,0.9786,0.0,
1179,178.159,COMMIT,0.4821,0.5441,0.4313,0.0112,0.0133,0.3434,0.9811,0.0,
1180,178.364,COMMIT,0.4838,0.5451,0.4336,0.0113,0.0134,0.3431,0.9803,0.0,
1181,178.556,COMMIT,0.4835,0.5445,0.4336,0.0113,0.0133,0.3419,0.9769,0.0,
1182,178.761,COMMIT,0.2491,0.5536,0.0,0.0096,0.0133,0.0324,0.0925,0.0,
1183,178.936,COMMIT,0.2528,0.5618,0.0,0.008,0.0133,0.032,0.0915,0.0,
1184,179.11,COMMIT,0.2592,0.576,0.0,0.0065,0.0133,0.0334,0.0954,0.0,
1185,179.285,COMMIT,0.5002,0.5759,0.4383,0.0065,0.0133,0.3397,0.9705,0.0,
1186,179.472,COMMIT,0.4845,0.541,0.4383,0.0056,0.0116,0.338,0.9656,0.0,
1187,179.646,COMMIT,0.4692,0.5124,0.4339,0.0045,0.0101,0.3363,0.9607,0.0,
1188,179.851,COMMIT,0.4651,0.5113,0.4272,0.0047,0.0101,0.3351,0.9575,0.0,
1189,180.023,COMMIT,0.4606,0.5127,0.418,0.0047,0.0102,0.334,0.9543,0.0,
1190,180.195,COMMIT,0.4453,0.4937,0.4058,0.0034,0.0085,0.3338,0.9536,0.0,
1191,180.4,COMMIT,0.4206,0.4583,0.3898,0.002,0.0069,0.3325,0.95,0.0,
1192,180.573,COMMIT,0.4024,0.4047,0.4004,0.0005,0.0056,0.3344,0.9553,0.0,
1193,180.732,COMMIT,0.4067,0.4044,0.4085,0.0002,0.0056,0.3301,0.9431,0.0,
1194,180.89,COMMIT,0.4067,0.4045,0.4085,-0.0002,0.0056,0.3081,0.8802,0.0,
1195,181.05,COMMIT,0.3915,0.347,0.4279,-0.0017,0.0045,0.2439,0.6969,0.0,
1196,181.209,COMMIT,0.3991,0.347,0.4417,-0.002,0.0045,0.2966,0.8474,0.0,
1197,181.369,COMMIT,0.4046,0.3471,0.4517,-0.0022,0.0045,0.2354,0.6726,0.0,
1198,181.527,COMMIT,0.4046,0.347,0.4517,-0.0024,0.0046,0.2574,0.7353,0.0,
1199,181.692,COMMIT,0.4208,0.3472,0.481,-0.0024,0.0046,0.2085,0.5956,0.0,
1200,181.85,COMMIT,0.4185,0.3481,0.4761,-0.0024,0.0046,0.288,0.8229,0.0,
1201,182.0,COMMIT,0.4144,0.3485,0.4684,-0.0023,0.0045,0.3167,0.9049,0.0,
1202,182.146,COMMIT,0.4087,0.3489,0.4577,-0.0021,0.0045,0.3245,0.9271,0.0,
1203,182.305,COMMIT,0.4011,0.3499,0.4431,-0.002,0.0044,0.3257,0.9307,0.0,
1204,182.438,COMMIT,0.3928,0.35,0.4278,-0.0018,0.0043,0.329,0.9399,0.0,
1205,182.582,COMMIT,0.3811,0.3493,0.4071,-0.0016,0.0043,0.3235,0.9244,0.0,
1206,182.719,COMMIT,0.3626,0.3495,0.3733,-0.0016,0.0042,0.3221,0.9204,0.0,
1207,182.868,COMMIT,0.3734,0.3488,0.3936,-0.0014,0.0041,0.1049,0.2998,0.0,
1208,183.039,COMMIT,0.3809,0.3488,0.4071,-0.0011,0.004,0.3291,0.9403,0.0,
1209,183.202,COMMIT,0.3897,0.328,0.4403,-0.0007,0.0038,0.3398,0.9708,0.0,
1210,183.366,COMMIT,0.396,0.3296,0.4504,-0.0002,0.0036,0.3431,0.9802,0.0,
1211,183.514,COMMIT,0.4079,0.3311,0.4707,0.0004,0.0034,0.3444,0.984,0.0,
1212,183.711,COMMIT,0.4037,0.3008,0.4879,-0.0006,0.0026,0.345,0.9857,0.0,
1213,184.095,COMMIT,0.3944,0.28,0.4879,-0.0017,0.0018,0.3449,0.9854,0.0,
1214,184.333,COMMIT,0.3559,0.2002,0.4832,-0.0031,0.0011,0.343,0.9799,0.0,
1215,184.571,CRUISE,0.142,0.3155,0.0,-0.0042,0.0032,0.2085,0.5956,0.0,G7_from_commit
1216,184.808,CRUISE,0.4077,0.3154,0.4832,-0.0036,0.0029,0.3378,0.9652,0.0,
1217,184.996,CRUISE,0.4077,0.3153,0.4832,-0.003,0.0028,0.3281,0.9375,0.0,
1218,185.155,CRUISE,0.1767,0.3927,0.0,-0.004,0.0041,0.1565,0.4472,0.0,
1219,185.346,PROBE,0.4535,0.3928,0.5032,-0.003,0.0041,0.3352,0.9576,0.0,G1
1220,185.519,PROBE,0.4642,0.3928,0.5226,-0.0021,0.0042,0.339,0.9686,0.0,
1221,185.725,PROBE,0.4717,0.3926,0.5364,-0.0013,0.0044,0.34,0.9715,0.0,
1222,185.899,PROBE,0.4778,0.3941,0.5464,-0.0006,0.0046,0.3394,0.9697,0.0,
1223,186.074,PROBE,0.4847,0.3946,0.5585,0.0001,0.0049,0.3155,0.9014,0.0,
1224,186.247,PROBE,0.4847,0.3946,0.5585,0.0008,0.0052,0.3271,0.9345,0.0,
1225,186.436,PROBE,0.4916,0.3946,0.571,0.0014,0.0055,0.3401,0.9717,0.0,
1226,186.627,PROBE,0.5005,0.395,0.5869,0.002,0.0058,0.3429,0.9797,0.0,
1227,186.801,PROBE,0.5552,0.4916,0.6072,0.003,0.0065,0.3493,0.998,0.0,
1228,186.973,PROBE,0.2437,0.5415,0.0,0.0019,0.0074,0.0,0.0,0.0,
1229,187.163,PROBE,0.263,0.5844,0.0,0.0012,0.008,0.0,0.0,0.0,
1230,187.366,PROBE,0.2642,0.5872,0.0,0.0005,0.0086,0.0,0.0,0.0,
1231,187.541,COMMIT,0.2666,0.5924,0.0,-0.0002,0.009,0.0,0.0,0.0,G3
1232,187.716,COMMIT,0.2696,0.5992,0.0,-0.0008,0.0095,0.0006,0.0018,0.0,
1233,187.923,CRUISE,0.2799,0.6221,0.0,-0.0013,0.0098,0.1496,0.1418,0.0,G7_from_commit
1234,188.096,CRUISE,0.2825,0.6278,0.0,-0.0018,0.0101,0.2333,0.3809,0.0,
1235,188.287,CRUISE,0.2832,0.6292,0.0,-0.0024,0.0103,0.2879,0.537,0.0,
1236,188.48,CRUISE,0.2882,0.6404,0.0,-0.003,0.0105,0.3159,0.6169,0.0,
1237,188.857,CRUISE,0.288,0.64,0.0,-0.0035,0.0108,0.3211,0.6317,0.0,
1238,189.08,CRUISE,0.2888,0.6419,0.0,-0.0039,0.0109,0.2236,0.6387,0.0,
1239,189.301,CRUISE,0.2901,0.6446,0.0,-0.0041,0.0111,0.207,0.5913,0.0,
1240,189.537,CRUISE,0.2901,0.6447,0.0,-0.0043,0.0112,0.1587,0.4534,0.0,
1241,189.741,CRUISE,0.2966,0.659,0.0,-0.0044,0.0112,0.0,0.0,0.0,
1242,189.932,CRUISE,0.2917,0.6482,0.0,-0.0044,0.0112,0.125,0.3571,0.0,
1243,190.124,CRUISE,0.2917,0.6483,0.0,-0.0044,0.0112,0.2437,0.6962,0.0,
1244,190.331,CRUISE,0.2893,0.643,0.0,-0.0047,0.0113,0.2794,0.7984,0.0,
1245,190.507,CRUISE,0.2829,0.6287,0.0,-0.0065,0.0101,0.2931,0.8374,0.0,
1246,190.667,PROBE,0.6178,0.6251,0.6119,-0.0043,0.0123,0.3009,0.8597,0.0,G1
1247,190.84,PROBE,0.613,0.6201,0.6072,-0.0023,0.0144,0.3056,0.8731,0.0,
1248,190.999,PROBE,0.6134,0.6125,0.6141,-0.002,0.0152,0.3096,0.8846,0.0,
1249,191.173,PROBE,0.6039,0.6068,0.6016,0.0001,0.0167,0.3247,0.9278,0.0,
1250,191.345,PROBE,0.6055,0.6034,0.6072,0.0021,0.0181,0.341,0.9743,0.0,
1251,191.52,PROBE,0.6153,0.5954,0.6316,0.0041,0.0196,0.3446,0.9845,0.0,
1252,191.693,PROBE,0.2756,0.6124,0.0,0.004,0.0198,0.0,0.0,0.0,
1253,191.88,PROBE,0.2811,0.6247,0.0,0.004,0.0197,0.0,0.0,0.0,
1254,192.054,PROBE,0.284,0.631,0.0,0.0042,0.0196,0.0,0.0,0.0,
1255,192.212,PROBE,0.6431,0.6448,0.6417,0.0068,0.0216,0.3454,0.9868,0.0,
1256,192.387,PROBE,0.6498,0.656,0.6448,0.0094,0.0235,0.3458,0.9879,0.0,
1257,192.53,HOLD,0.6515,0.6387,0.662,0.0124,0.0249,0.3461,0.9888,0.0,G2
1258,192.689,HOLD,0.6492,0.6336,0.662,0.0131,0.0265,0.3462,0.9893,0.0,
1259,192.864,HOLD,0.6342,0.6212,0.6448,0.0137,0.0276,0.3464,0.9896,0.0,
1260,193.035,HOLD,0.6385,0.6309,0.6448,0.0142,0.0285,0.3464,0.9897,0.0,
1261,193.209,HOLD,0.6363,0.6382,0.6347,0.0145,0.0291,0.3464,0.9898,0.0,
1262,193.384,HOLD,0.6366,0.6439,0.6306,0.0147,0.0294,0.3464,0.9898,0.0,
1263,193.541,HOLD,0.6268,0.6327,0.6219,0.0147,0.0294,0.3464,0.9897,0.0,
1264,193.714,HOLD,0.6193,0.634,0.6072,0.0145,0.0291,0.3463,0.9896,0.0,
1265,193.859,HOLD,0.6051,0.6373,0.5788,0.0141,0.0285,0.3463,0.9894,0.0,
1266,194.015,HOLD,0.5855,0.6296,0.5494,0.0135,0.0275,0.3462,0.9891,0.0,
1267,194.189,HOLD,0.2963,0.6583,0.0,0.0109,0.0274,0.0,0.0,0.0,
1268,194.346,HOLD,0.5874,0.6555,0.5317,0.0101,0.0263,0.3461,0.9889,0.0,
1269,194.518,HOLD,0.5776,0.647,0.5209,0.0091,0.0249,0.346,0.9885,0.0,
1270,194.693,HOLD,0.5822,0.6361,0.5382,0.0081,0.0234,0.346,0.9884,0.0,
1271,194.899,HOLD,0.5667,0.6017,0.5382,0.0069,0.0217,0.3461,0.9889,0.0,
1272,195.089,HOLD,0.5649,0.5976,0.5382,0.0055,0.0198,0.3823,0.9895,0.08,
1273,195.264,HOLD,0.5604,0.5971,0.5304,0.0039,0.0177,0.3466,0.9902,0.0,
1274,195.472,HOLD,0.5484,0.5982,0.5078,0.0022,0.0155,0.3466,0.9904,0.0,
1275,195.675,HOLD,0.5487,0.5987,0.5078,0.0002,0.0129,0.3467,0.9906,0.0,
1276,195.864,HOLD,0.5418,0.5987,0.4952,0.0005,0.0128,0.3467,0.9907,0.0,
1277,196.039,HOLD,0.5393,0.599,0.4905,0.0007,0.0127,0.3467,0.9907,0.0,
1278,196.245,HOLD,0.5161,0.5721,0.4702,0.0008,0.0127,0.3467,0.9906,0.0,
1279,196.434,HOLD,0.4982,0.5601,0.4476,0.0007,0.0127,0.3466,0.9903,0.0,
1280,196.609,HOLD,0.4851,0.5398,0.4404,0.0007,0.0128,0.3464,0.9898,0.0,
1281,196.783,HOLD,0.4764,0.5368,0.427,0.0007,0.0128,0.3463,0.9894,0.0,
1282,196.943,PROBE,0.4369,0.4823,0.3997,-0.0019,0.0107,0.3462,0.989,0.0,G5
1283,197.133,PROBE,0.3921,0.4173,0.3714,-0.0047,0.0091,0.346,0.9885,0.0,
1284,197.308,PROBE,0.3551,0.3351,0.3714,-0.0078,0.008,0.3457,0.9878,0.0,
1285,197.483,PROBE,0.3577,0.3353,0.3761,-0.0085,0.009,0.3456,0.9874,0.0,
1286,197.64,PROBE,0.3551,0.3352,0.3714,-0.009,0.0097,0.3454,0.9869,0.0,
1287,197.83,PROBE,0.3439,0.3353,0.3511,-0.0094,0.0104,0.3453,0.9866,0.0,
1288,198.005,PROBE,0.3483,0.3346,0.3595,-0.0097,0.0108,0.3452,0.9862,0.0,
1289,198.18,PROBE,0.3518,0.3351,0.3654,-0.01,0.0112,0.3451,0.9859,0.0,
1290,198.497,PROBE,0.3533,0.3343,0.3688,-0.01,0.0113,0.3449,0.9854,0.0,
1291,198.685,PROBE,0.3535,0.3333,0.37,-0.01,0.0112,0.3447,0.9847,0.0,
1292,198.892,COMMIT,0.1812,0.4027,0.0,-0.0109,0.0133,0.1647,0.4704,0.0,G3
1293,199.062,COMMIT,0.3834,0.4011,0.3688,-0.0104,0.0127,0.3444,0.9839,0.0,
1294,199.267,COMMIT,0.3805,0.399,0.3654,-0.0099,0.0121,0.4441,0.983,0.0,
1295,199.506,COMMIT,0.3764,0.3969,0.3595,-0.0094,0.0115,0.5159,0.9825,0.16,
1296,199.695,COMMIT,0.1913,0.4252,0.0,-0.0101,0.0129,0.3105,0.6013,0.0,
1297,199.884,COMMIT,0.3691,0.3531,0.3822,-0.0115,0.0124,0.4617,0.9819,0.04,
1298,200.091,COMMIT,0.3701,0.3459,0.39,-0.0109,0.0117,0.4435,0.9815,0.0,
1299,200.28,COMMIT,0.3692,0.3438,0.39,-0.0103,0.0111,0.4435,0.9813,0.0,
1300,200.469,COMMIT,0.3648,0.3436,0.3822,-0.0095,0.0103,0.3433,0.9809,0.0,
1301,200.644,COMMIT,0.3524,0.3437,0.3595,-0.0089,0.0096,0.3432,0.9804,0.0,
1302,200.848,COMMIT,0.3521,0.3452,0.3577,-0.0082,0.0089,0.3434,0.9812,0.0,
1303,201.021,COMMIT,0.3488,0.3448,0.3521,-0.0074,0.0081,0.3438,0.9822,0.0,
1304,201.181,COMMIT,0.3579,0.3438,0.3694,-0.0066,0.0073,0.3416,0.976,0.0,
1305,201.369,COMMIT,0.3579,0.3439,0.3694,-0.0057,0.0064,0.3387,0.9677,0.0,
1306,201.558,COMMIT,0.3581,0.3442,0.3694,-0.0048,0.0056,0.3381,0.966,0.0,
1307,201.778,COMMIT,0.3822,0.3632,0.3977,-0.0036,0.0046,0.3373,0.9638,0.0,
1308,201.969,COMMIT,0.3885,0.3651,0.4077,-0.0025,0.0039,0.3388,0.9679,0.0,
1309,202.144,COMMIT,0.3913,0.3645,0.4133,-0.0014,0.0034,0.3402,0.972,0.0,
1310,202.303,COMMIT,0.3923,0.3643,0.4152,-0.0004,0.0029,0.3401,0.9717,0.0,
1311,202.478,COMMIT,0.3978,0.3643,0.4252,0.0007,0.0025,0.3373,0.9637,0.0,
1312,202.653,COMMIT,0.409,0.3642,0.4456,0.0016,0.0024,0.3365,0.9614,0.0,
1313,202.876,COMMIT,0.4189,0.3652,0.4628,0.0022,0.0024,0.3409,0.974,0.0,
1314,203.15,COMMIT,0.419,0.3654,0.4628,0.0026,0.0026,0.3437,0.9819,0.0,
1315,203.399,COMMIT,0.1945,0.4322,0.0,0.0015,0.0034,0.0,0.0,0.0,
1316,203.586,COMMIT,0.449,0.4321,0.4628,0.0021,0.0037,0.345,0.9858,0.0,
1317,203.763,COMMIT,0.1944,0.432,0.0,0.001,0.0046,0.0001,0.0003,0.0,
1318,203.924,CRUISE,0.1945,0.4322,0.0,-0.0,0.0054,0.0001,0.0003,0.0,G7_from_commit
1319,204.122,CRUISE,0.1945,0.4323,0.0,-0.001,0.0061,0.0023,0.0067,0.0,
1320,204.347,CRUISE,0.459,0.4326,0.4806,-0.0001,0.0066,0.3456,0.9875,0.0,
1321,204.536,PROBE,0.4661,0.4336,0.4927,0.0007,0.007,0.3458,0.988,0.0,G1
1322,204.696,PROBE,0.4455,0.3779,0.5007,0.0002,0.0063,0.3458,0.9879,0.0,
1323,204.87,PROBE,0.1763,0.3918,0.0,-0.0008,0.0074,0.0001,0.0004,0.0,
1324,205.043,COMMIT,0.1762,0.3915,0.0,-0.0017,0.0083,0.1069,0.3053,0.0,G3
1325,205.202,COMMIT,0.1762,0.3915,0.0,-0.0026,0.0092,0.1858,0.5307,0.0,
1326,205.39,COMMIT,0.1645,0.3655,0.0,-0.0047,0.0094,0.301,0.5743,0.0,
1327,205.549,CRUISE,0.1656,0.3679,0.0,-0.0056,0.0103,0.1062,0.0179,0.0,G7_from_commit
1328,205.707,CRUISE,0.4451,0.3714,0.5054,-0.0046,0.0107,0.4455,0.9871,0.0,
1329,205.881,CRUISE,0.4468,0.3735,0.5069,-0.0036,0.0111,0.4453,0.9866,0.0,
1330,206.072,PROBE,0.4465,0.3745,0.5054,-0.0026,0.0115,0.4454,0.987,0.0,G1
1331,206.261,PROBE,0.4439,0.3745,0.5007,-0.0019,0.0118,0.4456,0.9875,0.0,
1332,206.434,PROBE,0.4393,0.3741,0.4927,-0.0011,0.0122,0.4458,0.9879,0.0,
1333,206.61,PROBE,0.4327,0.3742,0.4806,-0.0005,0.0124,0.3459,0.9882,0.0,
1334,206.877,PROBE,0.4393,0.3736,0.4931,0.0002,0.0127,0.3459,0.9884,0.0,
1335,207.129,PROBE,0.4279,0.3851,0.4628,0.0007,0.0129,0.3446,0.9845,0.0,
1336,207.318,PROBE,0.454,0.4495,0.4577,0.0014,0.0132,0.3493,0.9981,0.0,
1337,207.508,PROBE,0.2205,0.4899,0.0,0.0008,0.0138,0.0,0.0,0.0,
1338,207.696,PROBE,0.5068,0.5441,0.4762,0.0021,0.0145,0.3488,0.9964,0.0,
1339,207.868,PROBE,0.2616,0.5813,0.0,0.0017,0.0147,0.0,0.0,0.0,
1340,208.042,PROBE,0.2765,0.6144,0.0,0.0016,0.0148,0.0,0.0,0.0,
1341,208.233,PROBE,0.2896,0.6436,0.0,0.0016,0.0148,0.0,0.0,0.0,
1342,208.377,PROBE,0.3007,0.6682,0.0,0.0018,0.0147,0.0,0.0,0.0,
1343,208.536,PROBE,0.3097,0.6882,0.0,0.0022,0.0145,0.0,0.0,0.0,
1344,208.727,PROBE,0.3179,0.7064,0.0,0.0027,0.0143,0.0,0.0,0.0,
1345,208.932,PROBE,0.3179,0.7064,0.0,0.0016,0.0136,0.0,0.0,0.0,
1346,209.138,HOLD,0.324,0.72,0.0,0.0024,0.0132,0.0,0.0,0.0,G2
1347,209.376,HOLD,0.3278,0.7285,0.0,0.0014,0.0126,0.0,0.0,0.0,
1348,209.583,HOLD,0.3314,0.7364,0.0,0.0004,0.0119,0.0,0.0,0.0,
1349,209.771,PROBE,0.3353,0.7452,0.0,-0.0006,0.0112,0.0,0.0,0.0,G5
1350,209.992,PROBE,0.3396,0.7547,0.0,0.0001,0.0107,0.0,0.0,0.0,
1351,210.151,PROBE,0.344,0.7645,0.0,0.001,0.0102,0.0,0.0,0.0,
1352,210.31,PROBE,0.3452,0.7671,0.0,0.0019,0.0098,0.0,0.0,0.0,
1353,210.5,PROBE,0.3492,0.7761,0.0,0.0009,0.0089,0.0,0.0,0.0,
1354,210.691,PROBE,0.3491,0.7758,0.0,-0.0002,0.008,0.0,0.0,0.0,
1355,210.865,PROBE,0.3461,0.7691,0.0,-0.0013,0.007,0.0,0.0,0.0,
1356,211.037,PROBE,0.3472,0.7716,0.0,-0.0026,0.0058,0.0,0.0,0.0,
1357,211.196,PROBE,0.3467,0.7704,0.0,-0.004,0.0046,0.0,0.0,0.0,
1358,211.355,PROBE,0.3354,0.7453,0.0,-0.0036,0.0044,0.0,0.0,0.0,
1359,211.515,PROBE,0.3209,0.7131,0.0,-0.0032,0.0042,0.0,0.0,0.0,
1360,211.658,COMMIT,0.3144,0.6986,0.0,-0.0028,0.0039,0.0,0.0,0.0,G3
1361,211.816,COMMIT,0.3002,0.6671,0.0,-0.0025,0.0037,0.0,0.0,0.0,
1362,211.974,CRUISE,0.282,0.6266,0.0,-0.0023,0.0035,0.0,0.0,0.0,G7_from_commit
1363,212.162,CRUISE,0.2605,0.5788,0.0,-0.0021,0.0034,0.0,0.0,0.0,
1364,212.336,CRUISE,0.2173,0.4829,0.0,-0.0022,0.0034,0.0,0.0,0.0,
1365,212.558,CRUISE,0.1791,0.3981,0.0,-0.0024,0.0037,0.0,0.0,0.0,
1366,212.717,CRUISE,0.1788,0.3973,0.0,-0.0024,0.0037,0.0,0.0,0.0,
1367,212.907,CRUISE,0.1788,0.3973,0.0,-0.0038,0.004,0.0,0.0,0.0,
1368,213.096,CRUISE,0.1688,0.375,0.0,-0.0034,0.0032,0.0,0.0,0.0,
1369,213.255,CRUISE,0.1688,0.375,0.0,-0.0044,0.0037,0.0,0.0,0.0,
1370,213.399,CRUISE,0.1688,0.375,0.0,-0.0053,0.0042,0.0,0.0,0.0,
1371,213.573,CRUISE,0.1688,0.375,0.0,-0.0061,0.0046,0.0,0.0,0.0,
1372,213.732,CRUISE,0.1688,0.375,0.0,-0.0068,0.0051,0.0,0.0,0.0,
1373,213.891,CRUISE,0.1688,0.375,0.0,-0.0073,0.0054,0.0,0.0,0.0,
1374,214.05,CRUISE,0.1688,0.375,0.0,-0.0077,0.0057,0.0,0.0,0.0,
1375,214.194,CRUISE,0.1688,0.375,0.0,-0.0081,0.006,0.0,0.0,0.0,
1376,214.367,CRUISE,0.1688,0.375,0.0,-0.0083,0.0062,0.0,0.0,0.0,
1377,214.543,CRUISE,0.1688,0.375,0.0,-0.0085,0.0063,0.0,0.0,0.0,
1378,214.702,CRUISE,0.1688,0.375,0.0,-0.0085,0.0063,0.0,0.0,0.0,
1379,214.876,CRUISE,0.1688,0.375,0.0,-0.0084,0.0063,0.0,0.0,0.0,
1380,215.035,CRUISE,0.1688,0.375,0.0,-0.0083,0.0062,0.0,0.0,0.0,
1381,215.194,CRUISE,0.1688,0.375,0.0,-0.008,0.0059,0.0,0.0,0.0,
1382,215.352,CRUISE,0.1688,0.375,0.0,-0.0077,0.0056,0.0,0.0,0.0,
1383,215.496,CRUISE,0.1688,0.375,0.0,-0.0072,0.0052,0.0,0.0,0.0,
1384,215.655,CRUISE,0.1688,0.375,0.0,-0.0067,0.0047,0.0,0.0,0.0,
1385,215.798,CRUISE,0.1688,0.375,0.0,-0.0061,0.0042,0.0,0.0,0.0,
1386,215.942,CRUISE,0.1688,0.375,0.0,-0.0054,0.0036,0.0,0.0,0.0,
1387,216.085,CRUISE,0.1688,0.375,0.0,-0.0047,0.0029,0.0,0.0,0.0,
1388,216.228,CRUISE,0.1688,0.375,0.0,-0.0039,0.0023,0.0,0.0,0.0,
1389,216.387,CRUISE,0.1688,0.375,0.0,-0.0032,0.0017,0.0,0.0,0.0,
1390,216.544,CRUISE,0.1688,0.375,0.0,-0.0024,0.0012,0.0,0.0,0.0,
1391,216.686,CRUISE,0.1688,0.375,0.0,-0.0017,0.0007,0.0,0.0,0.0,
1392,216.828,CRUISE,0.1688,0.375,0.0,-0.001,0.0003,0.0,0.0,0.0,
1393,216.987,CRUISE,0.1688,0.375,0.0,-0.0005,0.0001,0.0,0.0,0.0,
1394,217.146,CRUISE,0.1688,0.375,0.0,-0.0002,0.0,0.0,0.0,0.0,
1395,217.305,CRUISE,0.1688,0.375,0.0,-0.0001,0.0,0.0,0.0,0.0,
1396,217.463,CRUISE,0.1688,0.375,0.0,-0.0001,0.0,0.0,0.0,0.0,
1397,217.622,CRUISE,0.1688,0.375,0.0,-0.0,0.0,0.0,0.0,0.0,
1398,217.78,CRUISE,0.1688,0.375,0.0,-0.0,0.0,0.0,0.0,0.0,
1399,217.936,CRUISE,0.1688,0.375,0.0,-0.0,0.0,0.0,0.0,0.0,
1400,218.096,CRUISE,0.1688,0.375,0.0,-0.0,0.0,0.0,0.0,0.0,
1401,218.255,CRUISE,0.1688,0.375,0.0,-0.0,0.0,0.0,0.0,0.0,
1402,218.414,CRUISE,0.1688,0.375,0.0,-0.0,0.0,0.0,0.0,0.0,
1403,218.571,CRUISE,0.1688,0.375,0.0,-0.0,0.0,0.0,0.0,0.0,
1404,218.714,CRUISE,0.1688,0.375,0.0,-0.0,0.0,0.0,0.0,0.0,
1405,218.872,CRUISE,0.1688,0.375,0.0,-0.0,0.0,0.0,0.0,0.0,
1406,219.031,CRUISE,0.1688,0.375,0.0,-0.0,0.0,0.0,0.0,0.0,
1407,219.188,CRUISE,0.1688,0.375,0.0,-0.0,0.0,0.0,0.0,0.0,
1408,219.362,CRUISE,0.1688,0.375,0.0,-0.0,0.0,0.0,0.0,0.0,
1409,219.506,CRUISE,0.1688,0.375,0.0,-0.0,0.0,0.0,0.0,0.0,
1410,219.649,CRUISE,0.1688,0.375,0.0,-0.0,0.0,0.0,0.0,0.0,
1411,219.792,CRUISE,0.1688,0.375,0.0,-0.0,0.0,0.0,0.0,0.0,
1412,219.95,CRUISE,0.1688,0.375,0.0,-0.0,0.0,0.0,0.0,0.0,
1413,220.093,CRUISE,0.1688,0.375,0.0,-0.0,0.0,0.0,0.0,0.0,
1414,220.268,CRUISE,0.1688,0.375,0.0,-0.0,0.0,0.0,0.0,0.0,
1415,220.427,CRUISE,0.1688,0.375,0.0,-0.0,0.0,0.0,0.0,0.0,
1416,220.584,CRUISE,0.1688,0.375,0.0,-0.0,0.0,0.0,0.0,0.0,
1417,220.728,CRUISE,0.1688,0.375,0.0,-0.0,0.0,0.0,0.0,0.0,
1418,220.887,CRUISE,0.1688,0.375,0.0,-0.0,0.0,0.0,0.0,0.0,
1419,221.074,CRUISE,0.1688,0.375,0.0,-0.0,0.0,0.0,0.0,0.0,
1420,221.217,CRUISE,0.1688,0.375,0.0,-0.0,0.0,0.0,0.0,0.0,
1421,221.36,CRUISE,0.1688,0.375,0.0,-0.0,0.0,0.0,0.0,0.0,
1422,221.534,CRUISE,0.1688,0.375,0.0,-0.0,0.0,0.0,0.0,0.0,
1423,221.694,CRUISE,0.1688,0.375,0.0,-0.0,0.0,0.0,0.0,0.0,
1424,221.853,CRUISE,0.1688,0.375,0.0,-0.0,0.0,0.0,0.0,0.0,
1425,221.996,CRUISE,0.1688,0.375,0.0,-0.0,0.0,0.0,0.0,0.0,
1426,222.139,CRUISE,0.1688,0.375,0.0,-0.0,0.0,0.0,0.0,0.0,
1427,222.296,CRUISE,0.1688,0.375,0.0,-0.0,0.0,0.0,0.0,0.0,
1428,222.439,CRUISE,0.1688,0.375,0.0,-0.0,0.0,0.0,0.0,0.0,
1429,222.615,CRUISE,0.1688,0.375,0.0,-0.0,0.0,0.0,0.0,0.0,
1430,222.774,CRUISE,0.1688,0.375,0.0,-0.0,0.0,0.0,0.0,0.0,
1431,222.916,CRUISE,0.1688,0.375,0.0,-0.0,0.0,0.0,0.0,0.0,
1432,223.074,CRUISE,0.1688,0.375,0.0,-0.0,0.0,0.0,0.0,0.0,
1433,223.232,CRUISE,0.1688,0.375,0.0,-0.0,0.0,0.0,0.0,0.0,
1434,223.387,CRUISE,0.1688,0.375,0.0,-0.0,0.0,0.0,0.0,0.0,
1435,223.545,CRUISE,0.1688,0.375,0.0,-0.0,0.0,0.0,0.0,0.0,
1436,223.768,CRUISE,0.1688,0.375,0.0,-0.0,0.0,0.0,0.0,0.0,
1437,223.927,CRUISE,0.1688,0.375,0.0,-0.0,0.0,0.0,0.0,0.0,
1438,224.069,CRUISE,0.1688,0.375,0.0,-0.0,0.0,0.0,0.0,0.0,
1439,224.211,CRUISE,0.1688,0.375,0.0,-0.0,0.0,0.0,0.0,0.0,
1440,224.371,CRUISE,0.1688,0.375,0.0,-0.0,0.0,0.0,0.0,0.0,
1441,224.514,CRUISE,0.1688,0.375,0.0,-0.0,0.0,0.0,0.0,0.0,
1442,224.672,CRUISE,0.1688,0.375,0.0,-0.0,0.0,0.0,0.0,0.0,
1443,224.832,CRUISE,0.1688,0.375,0.0,-0.0,0.0,0.0,0.0,0.0,
1444,224.991,CRUISE,0.1688,0.375,0.0,-0.0,0.0,0.0,0.0,0.0,
1445,225.147,CRUISE,0.1688,0.375,0.0,-0.0,0.0,0.0,0.0,0.0,
1446,225.306,CRUISE,0.1688,0.375,0.0,-0.0,0.0,0.0,0.0,0.0,
1447,225.464,CRUISE,0.1688,0.375,0.0,-0.0,0.0,0.0,0.0,0.0,
1448,225.62,CRUISE,0.1688,0.375,0.0,-0.0,0.0,0.0,0.0,0.0,
1449,225.778,CRUISE,0.1688,0.375,0.0,-0.0,0.0,0.0,0.0,0.0,
1450,225.969,CRUISE,0.1688,0.375,0.0,-0.0,0.0,0.0,0.0,0.0,
1451,226.113,CRUISE,0.1688,0.375,0.0,-0.0,0.0,0.0,0.0,0.0,
1452,226.256,CRUISE,0.1688,0.375,0.0,-0.0,0.0,0.0,0.0,0.0,
1453,226.432,CRUISE,0.1688,0.375,0.0,-0.0,0.0,0.0,0.0,0.0,
1454,226.591,CRUISE,0.1688,0.375,0.0,-0.0,0.0,0.0,0.0,0.0,
1455,226.734,CRUISE,0.1688,0.375,0.0,-0.0,0.0,0.0,0.0,0.0,
1456,226.893,CRUISE,0.1688,0.375,0.0,-0.0,0.0,0.0,0.0,0.0,
1457,227.052,CRUISE,0.1688,0.375,0.0,-0.0,0.0,0.0,0.0,0.0,
1458,227.211,CRUISE,0.1688,0.375,0.0,-0.0,0.0,0.0,0.0,0.0,
1459,227.369,CRUISE,0.1688,0.375,0.0,-0.0,0.0,0.0,0.0,0.0,
1460,227.529,CRUISE,0.1688,0.375,0.0,-0.0,0.0,0.0,0.0,0.0,
1461,227.685,CRUISE,0.1688,0.375,0.0,-0.0,0.0,0.0,0.0,0.0,
1462,227.841,CRUISE,0.1688,0.375,0.0,-0.0,0.0,0.0,0.0,0.0,
1463,228.0,CRUISE,0.1688,0.375,0.0,-0.0,0.0,0.0,0.0,0.0,
1464,228.157,CRUISE,0.1688,0.375,0.0,-0.0,0.0,0.0,0.0,0.0,
1465,228.318,CRUISE,0.1688,0.375,0.0,-0.0,0.0,0.0,0.0,0.0,
1466,228.461,CRUISE,0.1688,0.375,0.0,-0.0,0.0,0.0,0.0,0.0,
1467,228.621,CRUISE,0.1688,0.375,0.0,-0.0,0.0,0.0,0.0,0.0,
1468,228.764,CRUISE,0.1688,0.375,0.0,-0.0,0.0,0.0,0.0,0.0,
1469,228.923,CRUISE,0.1688,0.375,0.0,-0.0,0.0,0.0,0.0,0.0,
1470,229.082,CRUISE,0.1688,0.375,0.0,-0.0,0.0,0.0,0.0,0.0,
1471,229.241,CRUISE,0.1688,0.375,0.0,-0.0,0.0,0.0,0.0,0.0,
1472,229.385,CRUISE,0.1688,0.375,0.0,-0.0,0.0,0.0,0.0,0.0,
1473,229.528,CRUISE,0.1688,0.375,0.0,-0.0,0.0,0.0,0.0,0.0,
1474,229.687,CRUISE,0.1688,0.375,0.0,-0.0,0.0,0.0,0.0,0.0,
1475,229.844,CRUISE,0.1688,0.375,0.0,-0.0,0.0,0.0,0.0,0.0,
1476,230.016,CRUISE,0.1688,0.375,0.0,-0.0,0.0,0.0,0.0,0.0,
1477,230.19,CRUISE,0.1688,0.375,0.0,-0.0,0.0,0.0,0.0,0.0,
1478,230.363,CRUISE,0.1688,0.375,0.0,-0.0,0.0,0.0,0.0,0.0,
1479,230.507,CRUISE,0.1688,0.375,0.0,-0.0,0.0,0.0,0.0,0.0,
1480,230.65,CRUISE,0.1688,0.375,0.0,-0.0,0.0,0.0,0.0,0.0,
1481,230.793,CRUISE,0.1688,0.375,0.0,-0.0,0.0,0.0,0.0,0.0,
1482,230.952,CRUISE,0.1688,0.375,0.0,-0.0,0.0,0.0,0.0,0.0,
1483,231.11,CRUISE,0.1688,0.375,0.0,-0.0,0.0,0.0,0.0,0.0,
1484,231.268,CRUISE,0.1688,0.375,0.0,-0.0,0.0,0.0,0.0,0.0,
1485,231.426,CRUISE,0.1688,0.375,0.0,-0.0,0.0,0.0,0.0,0.0,
1486,231.585,CRUISE,0.1688,0.375,0.0,-0.0,0.0,0.0,0.0,0.0,
1487,231.743,CRUISE,0.1688,0.375,0.0,-0.0,0.0,0.0,0.0,0.0,
1488,231.902,CRUISE,0.1688,0.375,0.0,-0.0,0.0,0.0,0.0,0.0,
1489,232.061,CRUISE,0.1688,0.375,0.0,-0.0,0.0,0.0,0.0,0.0,
1490,232.234,CRUISE,0.1688,0.375,0.0,-0.0,0.0,0.0,0.0,0.0,
1491,232.377,CRUISE,0.1688,0.375,0.0,-0.0,0.0,0.0,0.0,0.0,
1492,232.534,CRUISE,0.1688,0.375,0.0,-0.0,0.0,0.0,0.0,0.0,
1493,232.692,CRUISE,0.1688,0.375,0.0,-0.0,0.0,0.0,0.0,0.0,
1494,232.834,CRUISE,0.1688,0.375,0.0,-0.0,0.0,0.0,0.0,0.0,
1495,232.977,CRUISE,0.1688,0.375,0.0,-0.0,0.0,0.0,0.0,0.0,
1496,233.137,CRUISE,0.1688,0.375,0.0,-0.0,0.0,0.0,0.0,0.0,
1497,233.279,CRUISE,0.1688,0.375,0.0,-0.0,0.0,0.0,0.0,0.0,
1498,233.421,CRUISE,0.1688,0.375,0.0,-0.0,0.0,0.0,0.0,0.0,
1499,233.58,CRUISE,0.1688,0.375,0.0,-0.0,0.0,0.0,0.0,0.0,
1500,233.74,CRUISE,0.1688,0.375,0.0,-0.0,0.0,0.0,0.0,0.0,
1501,233.897,CRUISE,0.1688,0.375,0.0,-0.0,0.0,0.0,0.0,0.0,
1502,234.041,CRUISE,0.1688,0.375,0.0,-0.0,0.0,0.0,0.0,0.0,
1503,234.199,CRUISE,0.1688,0.375,0.0,-0.0,0.0,0.0,0.0,0.0,
1504,234.342,CRUISE,0.1688,0.375,0.0,-0.0,0.0,0.0,0.0,0.0,
1505,234.498,CRUISE,0.1688,0.375,0.0,-0.0,0.0,0.0,0.0,0.0,
1506,234.657,CRUISE,0.1688,0.375,0.0,-0.0,0.0,0.0,0.0,0.0,
1507,234.816,CRUISE,0.1688,0.375,0.0,-0.0,0.0,0.0,0.0,0.0,
1508,234.975,CRUISE,0.1688,0.375,0.0,-0.0,0.0,0.0,0.0,0.0,
1509,235.133,CRUISE,0.1688,0.375,0.0,-0.0,0.0,0.0,0.0,0.0,
1510,235.277,CRUISE,0.1688,0.375,0.0,-0.0,0.0,0.0,0.0,0.0,
1511,235.405,CRUISE,0.1688,0.375,0.0,-0.0,0.0,0.0,0.0,0.0,
1512,235.564,CRUISE,0.1688,0.375,0.0,-0.0,0.0,0.0,0.0,0.0,
1513,235.723,PROBE,0.4478,0.4132,0.4762,0.0018,0.0025,0.3489,0.9967,0.0,G1
1514,235.882,PROBE,0.461,0.42,0.4946,0.0036,0.0051,0.3489,0.9969,0.0,
1515,236.042,PROBE,0.2248,0.4996,0.0,0.0037,0.0051,0.0,0.0001,0.0,
1516,236.2,PROBE,0.2691,0.5981,0.0,0.004,0.0053,0.0212,0.0604,0.0,
1517,236.359,PROBE,0.5536,0.6047,0.5119,0.0062,0.0094,0.3468,0.9908,0.0,
1518,236.534,PROBE,0.5773,0.6419,0.5244,0.0083,0.0138,0.3463,0.9894,0.0,
1519,236.738,PROBE,0.304,0.6755,0.0,0.0085,0.0139,0.0,0.0001,0.0,
1520,236.977,PROBE,0.306,0.68,0.0,0.0087,0.014,0.0645,0.1844,0.0,
1521,237.167,PROBE,0.3259,0.7243,0.0,0.0089,0.0142,0.2286,0.653,0.0,
1522,237.325,PROBE,0.3436,0.7635,0.0,0.0092,0.0144,0.2847,0.8135,0.0,
1523,237.498,PROBE,0.3569,0.7931,0.0,0.0094,0.0147,0.3045,0.8701,0.0,
1524,237.721,PROBE,0.3607,0.8016,0.0,0.0096,0.0149,0.3144,0.8983,0.0,
1525,237.88,PROBE,0.3561,0.7913,0.0,0.0097,0.015,0.3201,0.9147,0.0,
1526,238.055,PROBE,0.3513,0.7807,0.0,0.0097,0.015,0.3238,0.9251,0.0,
1527,238.214,PROBE,0.3465,0.7701,0.0,0.0096,0.0148,0.3266,0.9331,0.0,
1528,238.386,PROBE,0.3434,0.7632,0.0,0.0093,0.0146,0.329,0.9401,0.0,
1529,238.545,PROBE,0.3391,0.7536,0.0,0.009,0.0144,0.3322,0.9491,0.0,
1530,238.703,PROBE,0.3349,0.7443,0.0,0.0086,0.014,0.3354,0.9582,0.0,
1531,238.877,HOLD,0.3302,0.7337,0.0,0.008,0.0136,0.3373,0.9637,0.0,G2
1532,239.05,HOLD,0.3257,0.7239,0.0,0.0074,0.013,0.3399,0.9712,0.0,
1533,239.24,HOLD,0.3214,0.7142,0.0,0.0066,0.0125,0.3423,0.9779,0.0,
1534,239.415,HOLD,0.6065,0.7068,0.5244,0.0077,0.0147,0.3435,0.9815,0.0,
1535,239.572,HOLD,0.6025,0.6979,0.5244,0.0085,0.0165,0.3439,0.9825,0.0,
1536,239.747,HOLD,0.6048,0.6886,0.5363,0.0091,0.0179,0.3442,0.9835,0.0,
1537,239.906,HOLD,0.6075,0.6793,0.5488,0.0096,0.0188,0.3446,0.9845,0.0,
1538,240.049,HOLD,0.609,0.6702,0.5589,0.0098,0.0194,0.3448,0.9852,0.0,
1539,240.192,HOLD,0.6064,0.6608,0.562,0.0099,0.0196,0.345,0.9856,0.0,
1540,240.35,HOLD,0.5935,0.6358,0.5589,0.0097,0.0191,0.345,0.9856,0.0,
1541,240.508,HOLD,0.5711,0.5984,0.5488,0.0091,0.018,0.345,0.9857,0.0,
1542,240.665,HOLD,0.5387,0.5562,0.5244,0.0082,0.0162,0.3451,0.9859,0.0,
1543,240.809,HOLD,0.4929,0.4861,0.4984,0.0087,0.0163,0.3448,0.9852,0.0,
1544,240.966,HOLD,0.4544,0.409,0.4915,0.009,0.0163,0.3446,0.9846,0.0,
1545,241.123,HOLD,0.4426,0.3964,0.4804,0.0077,0.0148,0.3446,0.9847,0.0,
1546,241.281,HOLD,0.44,0.3964,0.4757,0.0065,0.0138,0.3447,0.9847,0.0,
1547,241.456,HOLD,0.3832,0.2591,0.4847,0.0068,0.0135,0.3446,0.9846,0.0,
1548,241.615,HOLD,0.3858,0.2579,0.4905,0.0074,0.013,0.3445,0.9841,0.0,
1549,241.775,HOLD,0.3886,0.2605,0.4933,0.0063,0.0125,0.3442,0.9834,0.0,
1550,241.935,HOLD,0.3699,0.2191,0.4933,0.005,0.0121,0.3443,0.9836,0.0,
1551,242.076,HOLD,0.3697,0.222,0.4905,0.0037,0.0118,0.3442,0.9833,0.0,
1552,242.233,HOLD,0.3653,0.2194,0.4847,0.0026,0.0117,0.3441,0.9831,0.0,
1553,242.406,HOLD,0.3649,0.2295,0.4757,0.0016,0.0116,0.3438,0.9822,0.0,
1554,242.58,HOLD,0.3615,0.2378,0.4627,0.0005,0.0116,0.3437,0.9821,0.0,
1555,242.755,PROBE,0.3547,0.2454,0.4441,-0.0006,0.0116,0.3436,0.9816,0.0,G5
1556,242.913,PROBE,0.3491,0.2484,0.4316,-0.0018,0.0116,0.3436,0.9816,0.0,
1557,243.087,PROBE,0.34,0.2492,0.4143,-0.0031,0.0117,0.343,0.9801,0.0,
1558,243.245,PROBE,0.3306,0.2532,0.394,-0.0045,0.0118,0.3429,0.9796,0.0,
1559,243.435,PROBE,0.3221,0.2521,0.3794,-0.0059,0.0119,0.3429,0.9798,0.0,
1560,243.609,COMMIT,0.3109,0.2517,0.3594,-0.0075,0.0121,0.3427,0.9791,0.0,G3
1561,243.784,COMMIT,0.29,0.2458,0.3262,-0.0092,0.0124,0.3424,0.9782,0.0,
1562,243.944,COMMIT,0.2702,0.2431,0.2924,-0.011,0.0129,0.4422,0.9777,0.0,
1563,244.132,COMMIT,0.2507,0.2417,0.258,-0.013,0.0136,0.441,0.9744,0.0,
1564,244.29,COMMIT,0.2618,0.2416,0.2783,-0.0129,0.0135,0.4388,0.968,0.0,
1565,244.465,COMMIT,0.2762,0.2469,0.3002,-0.0126,0.0129,0.4339,0.954,0.0,
1566,244.624,COMMIT,0.2876,0.252,0.3167,-0.012,0.0121,0.4218,0.9194,0.0,
1567,244.799,COMMIT,0.3045,0.2548,0.3451,-0.0112,0.0108,0.4009,0.8599,0.0,
1568,244.957,COMMIT,0.3204,0.2569,0.3723,-0.0102,0.0093,0.3885,0.8244,0.0,
1569,245.1,COMMIT,0.3352,0.2581,0.3983,-0.0089,0.0076,0.421,0.9172,0.0,
1570,245.257,COMMIT,0.3418,0.2583,0.4102,-0.0075,0.0059,0.3319,0.9482,0.0,
1571,245.4,COMMIT,0.3454,0.2597,0.4155,-0.0062,0.0044,0.3278,0.9367,0.0,
1572,245.573,COMMIT,0.3456,0.2602,0.4155,-0.005,0.0032,0.3089,0.8826,0.0,
1573,245.762,COMMIT,0.3619,0.3029,0.4102,-0.0039,0.0025,0.3151,0.9002,0.0,
1574,245.951,COMMIT,0.3561,0.3045,0.3983,-0.0031,0.0021,0.3382,0.9664,0.0,
1575,246.111,CRUISE,0.1744,0.3877,0.0,-0.0034,0.0026,0.0,0.0,0.0,G7_from_commit
1576,246.286,CRUISE,0.1746,0.3881,0.0,-0.0037,0.0029,0.0,0.0,0.0,
1577,246.475,CRUISE,0.1756,0.3902,0.0,-0.0043,0.0035,0.0233,0.0667,0.0,
1578,246.65,CRUISE,0.203,0.4511,0.0,-0.0045,0.0037,0.0,0.0,0.0,
1579,246.809,PROBE,0.4537,0.5214,0.3983,-0.003,0.0042,0.349,0.9971,0.0,G1
1580,246.966,PROBE,0.2529,0.5619,0.0,-0.003,0.0042,0.0,0.0,0.0,
1581,247.124,PROBE,0.5157,0.6186,0.4314,-0.0013,0.0055,0.3452,0.9863,0.0,
1582,247.283,PROBE,0.292,0.6488,0.0,-0.001,0.0054,0.0,0.0,0.0,
1583,247.442,PROBE,0.5629,0.6837,0.464,0.001,0.0074,0.3487,0.9962,0.0,
1584,247.585,PROBE,0.3075,0.6833,0.0,0.0012,0.0073,0.0,0.0,0.0,
1585,247.727,PROBE,0.3058,0.6796,0.0,0.0014,0.0073,0.0051,0.0145,0.0,
1586,247.931,PROBE,0.3044,0.6763,0.0,0.0016,0.0072,0.1282,0.3662,0.0,
1587,248.185,PROBE,0.3027,0.6726,0.0,0.0017,0.0072,0.2318,0.6622,0.0,
1588,248.344,PROBE,0.571,0.6781,0.4833,0.0035,0.0094,0.346,0.9887,0.0,
1589,248.533,PROBE,0.5925,0.6879,0.5144,0.0053,0.0118,0.3487,0.9964,0.0,
1590,248.724,PROBE,0.6134,0.6974,0.5447,0.007,0.0144,0.3479,0.994,0.0,
1591,248.899,PROBE,0.3148,0.6996,0.0,0.0065,0.0143,0.2969,0.8483,0.0,
1592,249.058,PROBE,0.3139,0.6976,0.0,0.0059,0.0142,0.3134,0.8953,0.0,
1593,249.2,PROBE,0.3134,0.6964,0.0,0.0051,0.0139,0.3211,0.9176,0.0,
1594,249.357,PROBE,0.3133,0.6963,0.0,0.0044,0.0137,0.3253,0.9293,0.0,
1595,249.516,PROBE,0.3146,0.6991,0.0,0.0037,0.0136,0.3259,0.931,0.0,
1596,249.675,PROBE,0.3148,0.6994,0.0,0.0031,0.0135,0.3266,0.9332,0.0,
1597,249.817,HOLD,0.3151,0.7002,0.0,0.0026,0.0135,0.3261,0.9317,0.0,G2
1598,249.961,HOLD,0.3155,0.7012,0.0,0.0022,0.0135,0.3232,0.9233,0.0,
1599,250.149,HOLD,0.3147,0.6993,0.0,0.0019,0.0135,0.3102,0.8863,0.0,
1600,250.339,HOLD,0.3141,0.698,0.0,0.0017,0.0136,0.2421,0.6917,0.0,
1601,250.498,HOLD,0.3139,0.6976,0.0,0.0015,0.0136,0.2745,0.7843,0.0,
1602,250.672,HOLD,0.6295,0.6972,0.5741,0.0033,0.0162,0.3124,0.8924,0.0,
1603,250.815,HOLD,0.6318,0.7023,0.5741,0.0052,0.0187,0.3483,0.9952,0.0,
1604,250.974,HOLD,0.3195,0.7099,0.0,0.0049,0.0188,0.0,0.0,0.0,
1605,251.116,HOLD,0.3195,0.7099,0.0,0.0033,0.0177,0.0,0.0,0.0,
1606,251.274,HOLD,0.6558,0.7209,0.6025,0.0039,0.019,0.3487,0.9964,0.0,
1607,251.433,HOLD,0.6735,0.727,0.6297,0.0043,0.0201,0.343,0.9799,0.0,
1608,251.59,HOLD,0.682,0.7294,0.6431,0.0048,0.0212,0.3395,0.97,0.0,
1609,251.733,HOLD,0.6803,0.7199,0.6478,0.0068,0.0235,0.3445,0.9843,0.0,
1610,251.908,HOLD,0.32,0.7111,0.0,0.0049,0.0229,0.0,0.0001,0.0,
1611,252.083,HOLD,0.3149,0.6999,0.0,0.0049,0.0229,0.0555,0.1585,0.0,
1612,252.241,HOLD,0.3125,0.6945,0.0,0.0033,0.0228,0.2528,0.7222,0.0,
1613,252.43,HOLD,0.3079,0.6842,0.0,0.0036,0.0224,0.3049,0.8713,0.0,
1614,252.605,HOLD,0.3078,0.6839,0.0,0.0022,0.0224,0.3215,0.9186,0.0,
1615,252.795,HOLD,0.3084,0.6853,0.0,0.0009,0.0224,0.3277,0.9362,0.0,
1616,252.969,PROBE,0.3115,0.6922,0.0,-0.0005,0.0224,0.3311,0.9459,0.0,G5
1617,253.144,PROBE,0.3146,0.6992,0.0,-0.0019,0.0223,0.3328,0.9509,0.0,
1618,253.303,PROBE,0.3105,0.69,0.0,-0.0014,0.0217,0.3334,0.9527,0.0,
1619,253.478,COMMIT,0.3055,0.679,0.0,-0.0007,0.0207,0.3326,0.9502,0.0,G3
1620,253.636,COMMIT,0.3018,0.6707,0.0,0.0002,0.0192,0.329,0.9399,0.0,
1621,253.827,COMMIT,0.3013,0.6696,0.0,-0.0008,0.0193,0.3822,0.8062,0.0,
1622,254.05,COMMIT,0.3013,0.6696,0.0,-0.0018,0.0194,0.4037,0.8677,0.0,
1623,254.255,COMMIT,0.6722,0.6867,0.6604,-0.0003,0.0219,0.4472,0.992,0.0,
1624,254.46,CRUISE,0.3135,0.6968,0.0,-0.0014,0.0219,0.1,0.0,0.0,G7_from_commit
1625,254.648,CRUISE,0.317,0.7044,0.0,-0.0024,0.0219,0.08,0.0,0.0,
1626,254.839,CRUISE,0.3216,0.7146,0.0,-0.0035,0.0218,0.0667,0.0,0.0,
1627,254.982,CRUISE,0.3258,0.7241,0.0,-0.0044,0.0218,0.0,0.0,0.0,
1628,255.125,CRUISE,0.3299,0.7331,0.0,-0.0054,0.0217,0.0,0.0,0.0,
1629,255.283,CRUISE,0.3343,0.7429,0.0,-0.0063,0.0216,0.0,0.0,0.0,
1630,255.443,CRUISE,0.3361,0.7469,0.0,-0.0073,0.0215,0.0,0.0,0.0,
1631,255.585,CRUISE,0.336,0.7466,0.0,-0.0082,0.0214,0.0303,0.0866,0.0,
1632,255.743,CRUISE,0.3361,0.7468,0.0,-0.007,0.0196,0.1602,0.4577,0.0,
1633,255.902,CRUISE,0.3325,0.7388,0.0,-0.0057,0.0176,0.2563,0.7323,0.0,
1634,256.045,CRUISE,0.3276,0.728,0.0,-0.0064,0.0176,0.2957,0.8448,0.0,
1635,256.188,CRUISE,0.3228,0.7173,0.0,-0.0071,0.0176,0.3115,0.8901,0.0,
1636,256.348,CRUISE,0.3174,0.7054,0.0,-0.0056,0.015,0.3186,0.9104,0.0,
1637,256.507,CRUISE,0.313,0.6956,0.0,-0.0038,0.0118,0.3213,0.9179,0.0,
1638,256.667,CRUISE,0.3069,0.6821,0.0,-0.0018,0.0081,0.3219,0.9198,0.0,
1639,256.839,CRUISE,0.3055,0.6789,0.0,0.0003,0.0042,0.3213,0.918,0.0,
1640,257.014,CRUISE,0.3045,0.6766,0.0,0.0,0.0042,0.3197,0.9133,0.0,
1641,257.219,CRUISE,0.3044,0.6764,0.0,-0.0002,0.0042,0.3168,0.9053,0.0,
1642,257.376,CRUISE,0.3024,0.672,0.0,-0.0005,0.0042,0.2974,0.8498,0.0,
1643,257.519,CRUISE,0.3026,0.6725,0.0,-0.0008,0.0042,0.2102,0.6004,0.0,
1644,257.662,CRUISE,0.304,0.6756,0.0,-0.0011,0.0042,0.3155,0.9014,0.0,
1645,257.82,PROBE,0.6601,0.6752,0.6478,0.001,0.0078,0.3303,0.9437,0.0,G1
1646,257.979,PROBE,0.6626,0.6719,0.655,0.0029,0.0111,0.3352,0.9578,0.0,
1647,258.139,PROBE,0.3041,0.6757,0.0,0.0023,0.0111,0.0,0.0,0.0,
1648,258.298,PROBE,0.3086,0.6857,0.0,0.0018,0.0111,0.0,0.0,0.0,
1649,258.457,PROBE,0.313,0.6955,0.0,0.0012,0.0111,0.0,0.0,0.0,
1650,258.617,PROBE,0.3164,0.7031,0.0,0.0006,0.0111,0.0,0.0,0.0,
1651,258.76,PROBE,0.3201,0.7113,0.0,0.0001,0.011,0.0,0.0,0.0,
1652,258.919,PROBE,0.3231,0.718,0.0,-0.0004,0.011,0.0,0.0,0.0,
1653,259.091,PROBE,0.322,0.7155,0.0,0.0016,0.0075,0.0,0.0,0.0,
1654,259.246,PROBE,0.322,0.7155,0.0,0.0013,0.0074,0.0,0.0,0.0,
1655,259.387,PROBE,0.322,0.7155,0.0,0.001,0.0074,0.0,0.0,0.0,
1656,259.546,PROBE,0.322,0.7155,0.0,0.0007,0.0074,0.0,0.0,0.0,
1657,259.69,PROBE,0.322,0.7155,0.0,0.0005,0.0074,0.0,0.0,0.0,
1658,259.833,PROBE,0.322,0.7155,0.0,0.0003,0.0074,0.0,0.0,0.0,
1659,259.975,PROBE,0.322,0.7155,0.0,0.0001,0.0075,0.0,0.0,0.0,
1660,260.118,PROBE,0.3249,0.7219,0.0,-0.0,0.0075,0.0,0.0,0.0,
1661,260.276,PROBE,0.3296,0.7325,0.0,-0.0001,0.0075,0.0,0.0,0.0,
1662,260.435,PROBE,0.334,0.7423,0.0,-0.0002,0.0075,0.0,0.0,0.0,
1663,260.577,PROBE,0.3369,0.7487,0.0,-0.0002,0.0075,0.0,0.0,0.0,
1664,260.737,PROBE,0.3418,0.7595,0.0,-0.0003,0.0075,0.0,0.0,0.0,
1665,260.896,HOLD,0.3466,0.7702,0.0,-0.0004,0.0075,0.0,0.0,0.0,G2
1666,261.039,HOLD,0.3514,0.7809,0.0,-0.0005,0.0074,0.0,0.0,0.0,
1667,261.182,HOLD,0.3563,0.7917,0.0,-0.0006,0.0074,0.0,0.0,0.0,
1668,261.355,HOLD,0.3573,0.794,0.0,-0.0008,0.0074,0.0,0.0,0.0,
1669,261.513,PROBE,0.3453,0.7674,0.0,-0.001,0.0073,0.0,0.0,0.0,G5
1670,261.655,PROBE,0.3301,0.7335,0.0,-0.0014,0.0073,0.0,0.0,0.0,
1671,261.814,PROBE,0.3181,0.7069,0.0,-0.0019,0.0072,0.0,0.0,0.0,
1672,261.958,PROBE,0.3005,0.6677,0.0,-0.0026,0.0072,0.0,0.0,0.0,
1673,262.117,COMMIT,0.2811,0.6248,0.0,-0.0033,0.0073,0.0,0.0,0.0,G3
1674,262.259,COMMIT,0.2719,0.6043,0.0,-0.0041,0.0074,0.0,0.0,0.0,
1675,262.401,COMMIT,0.2294,0.5099,0.0,-0.0027,0.0044,0.0,0.0,0.0,
1676,262.559,CRUISE,0.1688,0.375,0.0,-0.0014,0.0014,0.0,0.0,0.0,G7_from_commit
1677,262.718,CRUISE,0.1688,0.375,0.0,-0.0025,0.0021,0.0,0.0,0.0,
1678,262.861,CRUISE,0.1688,0.375,0.0,-0.0034,0.0027,0.0,0.0,0.0,
1679,263.003,CRUISE,0.1688,0.375,0.0,-0.0042,0.0033,0.0,0.0,0.0,
1680,263.163,CRUISE,0.1688,0.375,0.0,-0.005,0.0039,0.0,0.0,0.0,
1681,263.321,CRUISE,0.1688,0.375,0.0,-0.0057,0.0044,0.0,0.0,0.0,
1682,263.477,CRUISE,0.1688,0.375,0.0,-0.0062,0.0048,0.0,0.0,0.0,
1683,263.621,CRUISE,0.1688,0.375,0.0,-0.0067,0.0052,0.0,0.0,0.0,
1684,263.809,CRUISE,0.1688,0.375,0.0,-0.0072,0.0056,0.0,0.0,0.0,
1685,263.967,CRUISE,0.1688,0.375,0.0,-0.0076,0.0058,0.0,0.0,0.0,
1686,264.141,CRUISE,0.1688,0.375,0.0,-0.0079,0.0061,0.0,0.0,0.0,
1687,264.284,CRUISE,0.1688,0.375,0.0,-0.0081,0.0063,0.0,0.0,0.0,
1688,264.443,CRUISE,0.1688,0.375,0.0,-0.0083,0.0064,0.0,0.0,0.0,
1689,264.6,CRUISE,0.1688,0.375,0.0,-0.0084,0.0065,0.0,0.0,0.0,
1690,264.744,CRUISE,0.1688,0.375,0.0,-0.0084,0.0065,0.0,0.0,0.0,
1691,264.886,CRUISE,0.1688,0.375,0.0,-0.0083,0.0064,0.0,0.0,0.0,
1692,265.03,CRUISE,0.1688,0.375,0.0,-0.0081,0.0063,0.0,0.0,0.0,
1693,265.173,CRUISE,0.1688,0.375,0.0,-0.0079,0.006,0.0,0.0,0.0,
1694,265.314,CRUISE,0.1688,0.375,0.0,-0.0075,0.0057,0.0,0.0,0.0,
1695,265.473,PROBE,0.5572,0.4254,0.6651,-0.0045,0.0089,0.3476,0.993,0.0,G1
1696,265.632,PROBE,0.5905,0.4841,0.6776,-0.0013,0.0126,0.3485,0.9957,0.0,
1697,265.803,PROBE,0.2178,0.4841,0.0,-0.0006,0.0122,0.0,0.0,0.0,
1698,265.946,PROBE,0.5934,0.4963,0.6729,0.0026,0.0159,0.3483,0.9951,0.0,
1699,266.09,PROBE,0.2234,0.4963,0.0,0.0032,0.0155,0.0,0.0,0.0,
1700,266.28,PROBE,0.6103,0.509,0.6932,0.0062,0.0198,0.3479,0.994,0.0,
1701,266.487,PROBE,0.6351,0.5583,0.6979,0.0092,0.0245,0.3475,0.9928,0.0,
1702,266.661,PROBE,0.2513,0.5583,0.0,0.0095,0.0245,0.0,0.0,0.0,
1703,266.836,PROBE,0.2513,0.5583,0.0,0.0096,0.0245,0.0,0.0,0.0,
1704,266.993,PROBE,0.6358,0.5656,0.6932,0.0122,0.0292,0.3473,0.9922,0.0,
1705,267.168,PROBE,0.6251,0.5666,0.6729,0.0143,0.0332,0.3469,0.9913,0.0,
1706,267.327,PROBE,0.622,0.5664,0.6675,0.0157,0.0365,0.3467,0.9905,0.0,
1707,267.486,PROBE,0.2549,0.5664,0.0,0.0146,0.036,0.0,0.0,0.0,
1708,267.644,PROBE,0.2549,0.5664,0.0,0.0134,0.0355,0.0,0.0,0.0,
1709,267.802,PROBE,0.2549,0.5664,0.0,0.0122,0.035,0.0,0.0,0.0,
1710,267.946,PROBE,0.2549,0.5664,0.0,0.0109,0.0344,0.0,0.0,0.0,
1711,268.149,PROBE,0.2549,0.5664,0.0,0.0097,0.0339,0.0,0.0,0.0,
1712,268.324,PROBE,0.2549,0.5664,0.0,0.0083,0.0333,0.0,0.0,0.0,
1713,268.515,HOLD,0.2549,0.5664,0.0,0.007,0.0327,0.0,0.0,0.0,G2
1714,268.738,HOLD,0.2549,0.5664,0.0,0.0056,0.0321,0.0,0.0,0.0,
1715,268.96,HOLD,0.2549,0.5664,0.0,0.0041,0.0315,0.0,0.0,0.0,
1716,269.195,HOLD,0.2549,0.5664,0.0,0.0027,0.0309,0.0,0.0,0.0,
1717,269.384,HOLD,0.2549,0.5664,0.0,0.0012,0.0302,0.0,0.0,0.0,
1718,269.591,PROBE,0.2549,0.5664,0.0,-0.0004,0.0296,0.0,0.0,0.0,G5
1719,269.765,PROBE,0.6105,0.5706,0.6431,0.0003,0.0311,0.3464,0.9899,0.0,
1720,269.972,PROBE,0.6363,0.6134,0.655,0.001,0.0327,0.3463,0.9893,0.0,
1721,270.178,PROBE,0.6491,0.6141,0.6776,0.0015,0.034,0.3467,0.9905,0.0,
1722,270.367,COMMIT,0.2764,0.6141,0.0,-0.0005,0.0329,0.0,0.0,0.0,G3
1723,270.573,COMMIT,0.655,0.6177,0.6854,-0.0002,0.0337,0.3461,0.989,0.0,
1724,270.763,COMMIT,0.6548,0.6175,0.6854,-0.0001,0.0339,0.4459,0.9882,0.0,
1725,270.986,COMMIT,0.6519,0.611,0.6854,0.0024,0.0351,0.447,0.9914,0.0,
1726,271.239,COMMIT,0.2875,0.639,0.0,0.0028,0.0346,0.1001,0.0004,0.0,
1727,271.477,COMMIT,0.6577,0.6391,0.6729,0.0032,0.0353,0.4463,0.9895,0.0,
1728,271.635,COMMIT,0.6735,0.6838,0.6651,0.006,0.0364,0.4453,0.9867,0.0,
1729,271.842,COMMIT,0.3295,0.7323,0.0,0.004,0.0354,0.1002,0.0004,0.0,
1730,272.032,COMMIT,0.3392,0.7538,0.0,0.0048,0.0344,0.0226,0.0645,0.0,
1731,272.191,COMMIT,0.3476,0.7724,0.0,0.0058,0.0329,0.1014,0.2897,0.0,
1732,272.38,COMMIT,0.3476,0.7724,0.0,0.0044,0.0322,0.0,0.0,0.0,
1733,272.582,COMMIT,0.3476,0.7724,0.0,0.0029,0.0315,0.0,0.0,0.0,
1734,272.79,COMMIT,0.7168,0.7712,0.6723,0.0064,0.0329,0.3457,0.9876,0.0,
1735,272.965,COMMIT,0.3464,0.7699,0.0,0.0073,0.0315,0.0,0.0,0.0,
1736,273.172,COMMIT,0.3514,0.7809,0.0,0.0085,0.03,0.0664,0.1896,0.0,
1737,273.363,COMMIT,0.3596,0.7992,0.0,0.0072,0.0294,0.2868,0.8195,0.0,
1738,273.506,COMMIT,0.3586,0.797,0.0,0.0059,0.0287,0.3191,0.9118,0.0,
1739,273.681,COMMIT,0.3539,0.7864,0.0,0.0046,0.028,0.3348,0.9566,0.0,
1740,273.887,COMMIT,0.3491,0.7757,0.0,0.0031,0.0273,0.3409,0.974,0.0,
1741,274.091,COMMIT,0.3445,0.7656,0.0,0.0016,0.0267,0.3435,0.9813,0.0,
1742,274.314,COMMIT,0.3398,0.7552,0.0,0.0001,0.026,0.3444,0.9841,0.0,
1743,274.504,COMMIT,0.3352,0.7449,0.0,-0.0016,0.0253,0.3453,0.9867,0.0,
1744,274.679,COMMIT,0.3303,0.734,0.0,-0.0033,0.0247,0.3458,0.9881,0.0,
1745,274.869,COMMIT,0.3276,0.7279,0.0,-0.0051,0.024,0.3464,0.9897,0.0,
1746,275.059,COMMIT,0.702,0.7289,0.6801,-0.0045,0.0254,0.3465,0.99,0.0,
1747,275.28,CRUISE,0.328,0.7289,0.0,-0.0064,0.0247,0.0,0.0,0.0,G7_from_commit
1748,275.471,CRUISE,0.328,0.7289,0.0,-0.0085,0.0239,0.0,0.0,0.0,
1749,275.661,CRUISE,0.3274,0.7275,0.0,-0.0081,0.0234,0.0,0.0,0.0,
1750,275.836,CRUISE,0.3306,0.7347,0.0,-0.0074,0.0223,0.0,0.0,0.0,
1751,276.026,CRUISE,0.3305,0.7344,0.0,-0.0064,0.0208,0.0,0.0,0.0,
1752,276.216,CRUISE,0.3305,0.7344,0.0,-0.0079,0.0204,0.0,0.0,0.0,
1753,276.421,CRUISE,0.3299,0.7332,0.0,-0.0068,0.0186,0.0,0.0,0.0,
1754,276.596,CRUISE,0.33,0.7333,0.0,-0.0056,0.0166,0.0,0.0,0.0,
1755,276.755,CRUISE,0.3296,0.7324,0.0,-0.0042,0.0145,0.0,0.0,0.0,
1756,276.914,CRUISE,0.333,0.74,0.0,-0.0052,0.0142,0.0,0.0,0.0,
1757,277.103,CRUISE,0.3341,0.7424,0.0,-0.0037,0.0117,0.0,0.0,0.0,
1758,277.279,CRUISE,0.3382,0.7515,0.0,-0.0019,0.0087,0.0,0.0,0.0,
1759,277.454,CRUISE,0.3429,0.762,0.0,-0.0022,0.0086,0.0,0.0,0.0,
1760,277.63,CRUISE,0.3473,0.7718,0.0,-0.0025,0.0086,0.0,0.0,0.0,
1761,277.805,PROBE,0.3516,0.7813,0.0,-0.0027,0.0086,0.0,0.0,0.0,G1
1762,277.98,PROBE,0.3516,0.7813,0.0,-0.0029,0.0086,0.0,0.0,0.0,
1763,278.139,PROBE,0.3516,0.7813,0.0,-0.0031,0.0086,0.0,0.0,0.0,
1764,278.314,PROBE,0.3509,0.7797,0.0,-0.0007,0.0043,0.0,0.0,0.0,
1765,278.489,PROBE,0.3509,0.7797,0.0,-0.0008,0.0043,0.0,0.0,0.0,
1766,278.664,PROBE,0.3545,0.7878,0.0,-0.0008,0.0043,0.0,0.0,0.0,
1767,278.839,PROBE,0.359,0.7977,0.0,-0.0007,0.0043,0.0,0.0,0.0,
1768,279.014,PROBE,0.3631,0.8069,0.0,-0.0006,0.0043,0.0,0.0,0.0,
1769,279.172,PROBE,0.3582,0.7961,0.0,-0.0005,0.0043,0.0,0.0,0.0,
1770,279.345,PROBE,0.3447,0.7659,0.0,-0.0006,0.0043,0.0,0.0,0.0,
1771,279.519,PROBE,0.33,0.7334,0.0,-0.0008,0.0043,0.0,0.0,0.0,
1772,279.694,COMMIT,0.3093,0.6873,0.0,-0.0012,0.0044,0.0,0.0,0.0,G3
1773,279.868,COMMIT,0.2813,0.6251,0.0,-0.0017,0.0046,0.0,0.0,0.0,
1774,280.042,CRUISE,0.2269,0.5042,0.0,-0.0026,0.005,0.0,0.0,0.0,G7_from_commit
1775,280.217,CRUISE,0.1786,0.3969,0.0,-0.0038,0.0059,0.0,0.0,0.0,
1776,280.375,CRUISE,0.1688,0.375,0.0,-0.0025,0.0022,0.0,0.0,0.0,
1777,280.55,CRUISE,0.1688,0.375,0.0,-0.0034,0.003,0.0,0.0,0.0,
1778,280.725,CRUISE,0.1688,0.375,0.0,-0.0043,0.0037,0.0,0.0,0.0,
1779,280.883,CRUISE,0.1688,0.375,0.0,-0.0051,0.0044,0.0,0.0,0.0,
1780,281.057,CRUISE,0.1688,0.375,0.0,-0.0059,0.005,0.0,0.0,0.0,
1781,281.215,CRUISE,0.1688,0.375,0.0,-0.0065,0.0055,0.0,0.0,0.0,
1782,281.373,CRUISE,0.1688,0.375,0.0,-0.0071,0.006,0.0,0.0,0.0,
1783,281.546,CRUISE,0.1688,0.375,0.0,-0.0076,0.0064,0.0,0.0,0.0,
1784,281.737,CRUISE,0.1688,0.375,0.0,-0.0081,0.0067,0.0,0.0,0.0,
1785,281.912,CRUISE,0.1688,0.375,0.0,-0.0085,0.007,0.0,0.0,0.0,
1786,282.087,CRUISE,0.1688,0.375,0.0,-0.0087,0.0073,0.0,0.0,0.0,
1787,282.261,CRUISE,0.1688,0.375,0.0,-0.0089,0.0074,0.0,0.0,0.0,
1788,282.419,CRUISE,0.1688,0.375,0.0,-0.009,0.0075,0.0,0.0,0.0,
1789,282.595,CRUISE,0.1688,0.375,0.0,-0.009,0.0075,0.0,0.0,0.0,
1790,282.77,CRUISE,0.1688,0.375,0.0,-0.0089,0.0074,0.0,0.0,0.0,
1791,282.945,CRUISE,0.1688,0.375,0.0,-0.0087,0.0072,0.0,0.0,0.0,
1792,283.104,CRUISE,0.1688,0.375,0.0,-0.0084,0.0069,0.0,0.0,0.0,
1793,283.277,CRUISE,0.1688,0.375,0.0,-0.008,0.0066,0.0,0.0,0.0,
1794,283.452,CRUISE,0.1688,0.375,0.0,-0.0075,0.0062,0.0,0.0,0.0,
1795,283.611,CRUISE,0.1688,0.375,0.0,-0.007,0.0057,0.0,0.0,0.0,
1796,283.785,CRUISE,0.1688,0.375,0.0,-0.0063,0.0051,0.0,0.0,0.0,
1797,283.96,CRUISE,0.1688,0.375,0.0,-0.0056,0.0043,0.0,0.0,0.0,
1798,284.134,CRUISE,0.1688,0.375,0.0,-0.0047,0.0035,0.0,0.0,0.0,
1799,284.292,CRUISE,0.1688,0.375,0.0,-0.0038,0.0026,0.0,0.0,0.0,
1800,284.467,CRUISE,0.1688,0.375,0.0,-0.0029,0.0018,0.0,0.0,0.0,
1801,284.64,CRUISE,0.1688,0.375,0.0,-0.002,0.0011,0.0,0.0,0.0,
1802,284.815,PROBE,0.5568,0.4061,0.6801,0.0014,0.0052,0.3467,0.9905,0.0,G1
1803,284.975,PROBE,0.1828,0.4061,0.0,0.002,0.0049,0.0,0.0,0.0,
1804,285.149,PROBE,0.6212,0.5434,0.6848,0.0051,0.011,0.3471,0.9919,0.0,
1805,285.323,PROBE,0.2511,0.5581,0.0,0.0053,0.0111,0.0,0.0,0.0,
1806,285.499,PROBE,0.2511,0.5581,0.0,0.0054,0.0111,0.0,0.0,0.0,
1807,285.659,PROBE,0.2511,0.5581,0.0,0.0055,0.0112,0.0,0.0,0.0,
1808,285.834,PROBE,0.2511,0.5581,0.0,0.0055,0.0112,0.0,0.0,0.0,
1809,286.02,PROBE,0.2511,0.5581,0.0,0.0056,0.0112,0.0,0.0,0.0,
1810,286.18,PROBE,0.2511,0.5581,0.0,0.0055,0.0112,0.0,0.0,0.0,
1811,286.338,PROBE,0.2511,0.5581,0.0,0.0055,0.0112,0.0,0.0,0.0,
1812,286.497,PROBE,0.2511,0.5581,0.0,0.0053,0.0111,0.0,0.0,0.0,
1813,286.673,PROBE,0.2511,0.5581,0.0,0.0052,0.0111,0.0,0.0,0.0,
1814,286.848,PROBE,0.2511,0.5581,0.0,0.005,0.011,0.0,0.0,0.0,
1815,287.007,PROBE,0.2511,0.5581,0.0,0.0048,0.0109,0.0,0.0,0.0,
1816,287.166,PROBE,0.2511,0.5581,0.0,0.0046,0.0108,0.0,0.0,0.0,
1817,287.338,PROBE,0.2511,0.5581,0.0,0.0043,0.0107,0.0,0.0,0.0,
1818,287.512,PROBE,0.2511,0.5581,0.0,0.0039,0.0105,0.0,0.0,0.0,
1819,287.687,PROBE,0.2511,0.5581,0.0,0.0036,0.0104,0.0,0.0,0.0,
1820,287.878,HOLD,0.2511,0.5581,0.0,0.0032,0.0102,0.0,0.0,0.0,G2
1821,288.038,HOLD,0.2511,0.5581,0.0,0.0027,0.01,0.0,0.0,0.0,
1822,288.258,HOLD,0.2511,0.5581,0.0,0.0023,0.0099,0.0,0.0,0.0,
1823,288.433,HOLD,0.2511,0.5581,0.0,0.0018,0.0096,0.0,0.0,0.0,
1824,288.608,HOLD,0.2511,0.5581,0.0,0.0012,0.0094,0.0,0.0,0.0,
1825,288.782,HOLD,0.2511,0.5581,0.0,0.0006,0.0092,0.0,0.0,0.0,
1826,288.956,HOLD,0.2511,0.5581,0.0,0.0,0.0089,0.0,0.0,0.0,
1827,289.145,PROBE,0.2511,0.5581,0.0,-0.0006,0.0087,0.0,0.0,0.0,G5
1828,289.335,PROBE,0.2511,0.5581,0.0,-0.0013,0.0084,0.0,0.0,0.0,
1829,289.542,PROBE,0.2511,0.5581,0.0,-0.0021,0.0081,0.0,0.0,0.0,
1830,289.748,COMMIT,0.2511,0.5581,0.0,-0.0028,0.0078,0.0,0.0,0.0,G3
1831,289.923,COMMIT,0.2511,0.5581,0.0,-0.0036,0.0074,0.0,0.0,0.0,
1832,290.114,CRUISE,0.2489,0.553,0.0,-0.0018,0.0046,0.0,0.0,0.0,G7_from_commit
1833,290.337,CRUISE,0.2489,0.553,0.0,-0.0024,0.0044,0.0,0.0,0.0,
1834,290.541,CRUISE,0.2067,0.4592,0.0,-0.0003,0.0001,0.0,0.0,0.0,
1835,290.78,CRUISE,0.1688,0.375,0.0,-0.0008,0.0003,0.0,0.0,0.0,
1836,290.969,CRUISE,0.1688,0.375,0.0,-0.0013,0.0005,0.0,0.0,0.0,
1837,291.176,CRUISE,0.1688,0.375,0.0,-0.0017,0.0006,0.0,0.0,0.0,
1838,291.414,CRUISE,0.1688,0.375,0.0,-0.0021,0.0008,0.0,0.0,0.0,
1839,291.617,CRUISE,0.1688,0.375,0.0,-0.0025,0.001,0.0,0.0,0.0,
1840,291.81,CRUISE,0.1688,0.375,0.0,-0.0028,0.0011,0.0,0.0,0.0,
1841,292.047,CRUISE,0.1688,0.375,0.0,-0.0031,0.0012,0.0,0.0,0.0,
1842,292.318,CRUISE,0.1688,0.375,0.0,-0.0034,0.0013,0.0,0.0,0.0,
1843,292.509,CRUISE,0.1688,0.375,0.0,-0.0036,0.0014,0.0,0.0,0.0,
1844,292.714,CRUISE,0.1688,0.375,0.0,-0.0038,0.0015,0.0,0.0,0.0,
1845,292.888,CRUISE,0.1688,0.375,0.0,-0.0039,0.0015,0.0,0.0,0.0,
1846,293.047,CRUISE,0.1688,0.375,0.0,-0.004,0.0016,0.0,0.0,0.0,
1847,293.237,CRUISE,0.1688,0.375,0.0,-0.0041,0.0016,0.0,0.0,0.0,
1848,293.412,CRUISE,0.1688,0.375,0.0,-0.0041,0.0016,0.0,0.0,0.0,
1849,293.57,CRUISE,0.1688,0.375,0.0,-0.0041,0.0016,0.0,0.0,0.0,
1850,293.761,CRUISE,0.1688,0.375,0.0,-0.0041,0.0016,0.0,0.0,0.0,
1851,293.92,CRUISE,0.1688,0.375,0.0,-0.004,0.0016,0.0,0.0,0.0,
1852,294.079,CRUISE,0.1688,0.375,0.0,-0.0039,0.0015,0.0,0.0,0.0,
1853,294.252,CRUISE,0.1688,0.375,0.0,-0.0037,0.0015,0.0,0.0,0.0,
1854,294.424,CRUISE,0.1688,0.375,0.0,-0.0035,0.0014,0.0,0.0,0.0,
1855,294.6,CRUISE,0.1688,0.375,0.0,-0.0033,0.0013,0.0,0.0,0.0,
1856,294.775,CRUISE,0.1688,0.375,0.0,-0.0031,0.0012,0.0,0.0,0.0,
1857,294.963,CRUISE,0.1688,0.375,0.0,-0.0028,0.0011,0.0,0.0,0.0,
1858,295.153,CRUISE,0.1688,0.375,0.0,-0.0024,0.0009,0.0,0.0,0.0,
1859,295.312,CRUISE,0.1688,0.375,0.0,-0.0021,0.0008,0.0,0.0,0.0,
1860,295.486,CRUISE,0.1688,0.375,0.0,-0.0017,0.0006,0.0,0.0,0.0,
1861,295.66,CRUISE,0.1688,0.375,0.0,-0.0012,0.0004,0.0,0.0,0.0,
1862,295.835,CRUISE,0.1688,0.375,0.0,-0.0007,0.0002,0.0,0.0,0.0,
1863,295.994,CRUISE,0.1688,0.375,0.0,-0.0002,0.0,0.0,0.0,0.0,
1864,296.168,CRUISE,0.1688,0.375,0.0,-0.0,0.0,0.0,0.0,0.0,
1865,296.342,CRUISE,0.1688,0.375,0.0,-0.0,0.0,0.0,0.0,0.0,
1866,296.517,CRUISE,0.1688,0.375,0.0,-0.0,0.0,0.0,0.0,0.0,
1867,296.691,CRUISE,0.1688,0.375,0.0,-0.0,0.0,0.0,0.0,0.0,
1868,296.881,CRUISE,0.1688,0.375,0.0,-0.0,0.0,0.0,0.0,0.0,
1869,297.056,CRUISE,0.1688,0.375,0.0,-0.0,0.0,0.0,0.0,0.0,
1870,297.244,CRUISE,0.1688,0.375,0.0,-0.0,0.0,0.0,0.0,0.0,
1871,297.45,CRUISE,0.1688,0.375,0.0,-0.0,0.0,0.0,0.0,0.0,
1872,297.609,PROBE,0.577,0.43,0.6973,0.0026,0.0054,0.3475,0.9927,0.0,G1
1873,297.768,PROBE,0.2558,0.5684,0.0,0.003,0.0055,0.0,0.0,0.0,
1874,297.942,PROBE,0.2758,0.6129,0.0,0.0035,0.0058,0.0222,0.0636,0.0,
1875,298.118,PROBE,0.2822,0.6272,0.0,0.0039,0.0061,0.1683,0.4808,0.0,
1876,298.293,PROBE,0.2901,0.6447,0.0,0.0044,0.0063,0.2491,0.7116,0.0,
1877,298.467,PROBE,0.294,0.6533,0.0,0.0048,0.0066,0.0,0.0001,0.0,
1878,298.657,PROBE,0.2936,0.6524,0.0,0.0052,0.0068,0.1231,0.3518,0.0,
1879,298.865,PROBE,0.3081,0.6847,0.0,0.0056,0.0071,0.266,0.76,0.0,
1880,299.101,PROBE,0.3179,0.7065,0.0,0.0061,0.0074,0.3147,0.8992,0.0,
1881,299.308,PROBE,0.3287,0.7304,0.0,0.0065,0.0078,0.3296,0.9417,0.0,
1882,299.525,PROBE,0.3388,0.7529,0.0,0.0069,0.0081,0.3343,0.9552,0.0,
1883,299.717,PROBE,0.347,0.771,0.0,0.0073,0.0085,0.3362,0.9605,0.0,
1884,299.908,PROBE,0.3482,0.7737,0.0,0.0076,0.0088,0.3368,0.9624,0.0,
1885,300.082,PROBE,0.3432,0.7626,0.0,0.0078,0.0089,0.3368,0.9624,0.0,
1886,300.241,PROBE,0.3383,0.7517,0.0,0.0079,0.009,0.337,0.9627,0.0,
1887,300.398,PROBE,0.3339,0.7421,0.0,0.0079,0.009,0.3372,0.9634,0.0,
1888,300.57,PROBE,0.3297,0.7326,0.0,0.0078,0.0089,0.3375,0.9641,0.0,
1889,300.744,HOLD,0.3258,0.724,0.0,0.0076,0.0088,0.3391,0.969,0.0,G2
1890,300.904,HOLD,0.3241,0.7202,0.0,0.0073,0.0086,0.3422,0.9777,0.0,
1891,301.045,HOLD,0.7085,0.7223,0.6973,0.0094,0.0143,0.3472,0.992,0.0,
1892,301.249,HOLD,0.3214,0.7142,0.0,0.0088,0.0138,0.0001,0.0003,0.0,
1893,301.407,HOLD,0.7017,0.7128,0.6926,0.0106,0.0185,0.3471,0.9918,0.0,
1894,301.565,HOLD,0.3208,0.7128,0.0,0.0097,0.0179,0.0,0.0,0.0,
1895,301.754,HOLD,0.3208,0.7128,0.0,0.0087,0.0171,0.0,0.0,0.0,
1896,301.914,HOLD,0.3208,0.7128,0.0,0.0076,0.0163,0.0,0.0,0.0,
1897,302.089,HOLD,0.3208,0.7128,0.0,0.0065,0.0154,0.0,0.0,0.0,
1898,302.262,HOLD,0.3208,0.7128,0.0,0.0053,0.0145,0.0,0.0,0.0,
1899,302.419,HOLD,0.3208,0.7128,0.0,0.0041,0.0136,0.0,0.0,0.0,
1900,302.578,HOLD,0.3208,0.7128,0.0,0.0027,0.0126,0.0,0.0,0.0,
1901,302.736,HOLD,0.3208,0.7128,0.0,0.0013,0.0115,0.0,0.0,0.0,
1902,302.896,HOLD,0.322,0.7155,0.0,0.0027,0.0098,0.0,0.0,0.0,
1903,303.038,HOLD,0.3261,0.7247,0.0,0.002,0.0095,0.0,0.0,0.0,
1904,303.182,HOLD,0.3296,0.7324,0.0,0.0014,0.0094,0.0,0.0,0.0,
1905,303.34,HOLD,0.332,0.7379,0.0,0.0009,0.0092,0.0,0.0,0.0,
1906,303.498,HOLD,0.3349,0.7443,0.0,0.0004,0.0091,0.0,0.0,0.0,
1907,303.641,PROBE,0.3374,0.7498,0.0,-0.0001,0.009,0.0,0.0,0.0,G5
1908,303.801,PROBE,0.339,0.7534,0.0,-0.0006,0.0089,0.0,0.0,0.0,
1909,303.957,PROBE,0.3432,0.7627,0.0,-0.001,0.0089,0.0,0.0,0.0,
1910,304.115,PROBE,0.3473,0.7717,0.0,-0.0013,0.0088,0.0,0.0,0.0,
1911,304.273,PROBE,0.3518,0.7817,0.0,-0.0015,0.0088,0.0,0.0,0.0,
1912,304.447,PROBE,0.3566,0.7924,0.0,-0.0016,0.0088,0.0,0.0,0.0,
1913,304.605,PROBE,0.3615,0.8033,0.0,-0.0016,0.0088,0.0,0.0,0.0,
1914,304.779,PROBE,0.3528,0.784,0.0,-0.0017,0.0088,0.0,0.0,0.0,
1915,304.938,PROBE,0.338,0.7511,0.0,-0.002,0.0088,0.0,0.0,0.0,
1916,305.097,PROBE,0.3197,0.7103,0.0,-0.0023,0.0088,0.0,0.0,0.0,
1917,305.27,COMMIT,0.3023,0.6717,0.0,-0.0028,0.0089,0.0,0.0,0.0,G3
1918,305.428,COMMIT,0.279,0.62,0.0,-0.0035,0.0091,0.0,0.0,0.0,
1919,305.588,CRUISE,0.2523,0.5606,0.0,-0.0044,0.0094,0.0,0.0,0.0,G7_from_commit
1920,305.762,CRUISE,0.2472,0.5494,0.0,-0.0052,0.0097,0.0,0.0,0.0,
1921,305.922,CRUISE,0.243,0.54,0.0,-0.0034,0.0055,0.0,0.0,0.0,
1922,306.079,CRUISE,0.1818,0.4041,0.0,-0.0045,0.0063,0.0,0.0,0.0,
1923,306.237,CRUISE,0.1688,0.375,0.0,-0.003,0.0022,0.0,0.0,0.0,
1924,306.394,CRUISE,0.1688,0.375,0.0,-0.0038,0.0028,0.0,0.0,0.0,
1925,306.537,CRUISE,0.1688,0.375,0.0,-0.0046,0.0034,0.0,0.0,0.0,
1926,306.681,CRUISE,0.1688,0.375,0.0,-0.0053,0.004,0.0,0.0,0.0,
1927,306.824,CRUISE,0.1688,0.375,0.0,-0.006,0.0045,0.0,0.0,0.0,
1928,306.968,CRUISE,0.1688,0.375,0.0,-0.0065,0.0049,0.0,0.0,0.0,
1929,307.11,CRUISE,0.1688,0.375,0.0,-0.007,0.0053,0.0,0.0,0.0,
1930,307.252,CRUISE,0.1688,0.375,0.0,-0.0075,0.0056,0.0,0.0,0.0,
1931,307.395,CRUISE,0.1688,0.375,0.0,-0.0079,0.0059,0.0,0.0,0.0,
1932,307.537,CRUISE,0.1688,0.375,0.0,-0.0082,0.0061,0.0,0.0,0.0,
1933,307.696,CRUISE,0.1688,0.375,0.0,-0.0084,0.0063,0.0,0.0,0.0,
1934,307.855,CRUISE,0.1688,0.375,0.0,-0.0085,0.0064,0.0,0.0,0.0,
1935,307.999,CRUISE,0.1688,0.375,0.0,-0.0085,0.0064,0.0,0.0,0.0,
1936,308.143,CRUISE,0.1688,0.375,0.0,-0.0084,0.0064,0.0,0.0,0.0,
1937,308.301,CRUISE,0.1688,0.375,0.0,-0.0083,0.0062,0.0,0.0,0.0,
1938,308.456,CRUISE,0.1688,0.375,0.0,-0.008,0.006,0.0,0.0,0.0,
1939,308.598,CRUISE,0.1688,0.375,0.0,-0.0077,0.0057,0.0,0.0,0.0,
1940,308.741,CRUISE,0.1688,0.375,0.0,-0.0072,0.0053,0.0,0.0,0.0,
1941,308.901,CRUISE,0.1688,0.375,0.0,-0.0067,0.0048,0.0,0.0,0.0,
1942,309.075,CRUISE,0.1688,0.375,0.0,-0.006,0.0041,0.0,0.0,0.0,
1943,309.234,CRUISE,0.1688,0.375,0.0,-0.0052,0.0034,0.0,0.0,0.0,
1944,309.394,CRUISE,0.1688,0.375,0.0,-0.0044,0.0026,0.0,0.0,0.0,
1945,309.533,CRUISE,0.1688,0.375,0.0,-0.0035,0.0019,0.0,0.0,0.0,
1946,309.677,CRUISE,0.1688,0.375,0.0,-0.0028,0.0014,0.0,0.0,0.0,
1947,309.834,CRUISE,0.1688,0.375,0.0,-0.0021,0.0009,0.0,0.0,0.0,
1948,309.993,CRUISE,0.1688,0.375,0.0,-0.0015,0.0006,0.0,0.0,0.0,
1949,310.152,CRUISE,0.1688,0.375,0.0,-0.001,0.0004,0.0,0.0,0.0,
1950,310.296,CRUISE,0.1688,0.375,0.0,-0.0006,0.0002,0.0,0.0,0.0,
1951,310.438,CRUISE,0.1688,0.375,0.0,-0.0001,0.0,0.0,0.0,0.0,
1952,310.595,CRUISE,0.1688,0.375,0.0,-0.0,0.0,0.0,0.0,0.0,
1953,310.753,CRUISE,0.1688,0.375,0.0,-0.0,0.0,0.0,0.0,0.0,
1954,310.943,CRUISE,0.1688,0.375,0.0,-0.0,0.0,0.0,0.0,0.0,
1955,311.118,CRUISE,0.1688,0.375,0.0,-0.0,0.0,0.0,0.0,0.0,
1956,311.277,CRUISE,0.1688,0.375,0.0,-0.0,0.0,0.0,0.0,0.0,
1957,311.436,CRUISE,0.1688,0.375,0.0,-0.0,0.0,0.0,0.0,0.0,
1958,311.58,CRUISE,0.1688,0.375,0.0,-0.0,0.0,0.0,0.0,0.0,
1959,311.723,CRUISE,0.1688,0.375,0.0,-0.0,0.0,0.0,0.0,0.0,
1960,311.881,CRUISE,0.1688,0.375,0.0,-0.0,0.0,0.0,0.0,0.0,
1961,312.026,CRUISE,0.1688,0.375,0.0,-0.0,0.0,0.0,0.0,0.0,
1962,312.184,CRUISE,0.1688,0.375,0.0,-0.0,0.0,0.0,0.0,0.0,
1963,312.358,CRUISE,0.1688,0.375,0.0,-0.0,0.0,0.0,0.0,0.0,
1964,312.516,CRUISE,0.1688,0.375,0.0,-0.0,0.0,0.0,0.0,0.0,
1965,312.675,CRUISE,0.1688,0.375,0.0,-0.0,0.0,0.0,0.0,0.0,
1966,312.849,CRUISE,0.1688,0.375,0.0,-0.0,0.0,0.0,0.0,0.0,
1967,313.008,CRUISE,0.1688,0.375,0.0,-0.0,0.0,0.0,0.0,0.0,
1968,313.182,CRUISE,0.1688,0.375,0.0,-0.0,0.0,0.0,0.0,0.0,
1969,313.356,CRUISE,0.1688,0.375,0.0,-0.0,0.0,0.0,0.0,0.0,
1970,313.515,CRUISE,0.1688,0.375,0.0,-0.0,0.0,0.0,0.0,0.0,
1971,313.674,CRUISE,0.1688,0.375,0.0,-0.0,0.0,0.0,0.0,0.0,
1972,313.817,CRUISE,0.1688,0.375,0.0,-0.0,0.0,0.0,0.0,0.0,
1973,313.96,CRUISE,0.1688,0.375,0.0,-0.0,0.0,0.0,0.0,0.0,
1974,314.119,CRUISE,0.1688,0.375,0.0,-0.0,0.0,0.0,0.0,0.0,
1975,314.277,CRUISE,0.1688,0.375,0.0,-0.0,0.0,0.0,0.0,0.0,
1976,314.435,CRUISE,0.1688,0.375,0.0,-0.0,0.0,0.0,0.0,0.0,
1977,314.593,CRUISE,0.1688,0.375,0.0,-0.0,0.0,0.0,0.0,0.0,
1978,314.736,CRUISE,0.1688,0.375,0.0,-0.0,0.0,0.0,0.0,0.0,
1979,314.879,CRUISE,0.1688,0.375,0.0,-0.0,0.0,0.0,0.0,0.0,
1980,315.036,CRUISE,0.1688,0.375,0.0,-0.0,0.0,0.0,0.0,0.0,
1981,315.209,PROBE,0.5665,0.4276,0.6801,0.0026,0.0051,0.3463,0.9894,0.0,G1
1982,315.399,PROBE,0.1924,0.4276,0.0,0.0025,0.0051,0.0,0.0,0.0,
1983,315.637,PROBE,0.5862,0.4714,0.6801,0.005,0.0103,0.3462,0.9891,0.0,
1984,315.796,PROBE,0.6301,0.5902,0.6628,0.0077,0.0163,0.346,0.9886,0.0,
1985,315.971,PROBE,0.2656,0.5902,0.0,0.0077,0.0163,0.0,0.0,0.0,
1986,316.13,PROBE,0.6324,0.5953,0.6628,0.0101,0.0218,0.345,0.9856,0.0,
1987,316.283,PROBE,0.2679,0.5953,0.0,0.0099,0.0217,0.0,0.0,0.0,
1988,316.442,PROBE,0.6372,0.6059,0.6628,0.012,0.0268,0.3467,0.9905,0.0,
1989,316.632,PROBE,0.2727,0.6059,0.0,0.0116,0.0266,0.0,0.0,0.0,
1990,316.806,PROBE,0.2727,0.6059,0.0,0.0112,0.0263,0.0,0.0,0.0,
1991,316.964,PROBE,0.2727,0.6059,0.0,0.0107,0.0261,0.0,0.0,0.0,
1992,317.107,PROBE,0.2727,0.6059,0.0,0.0101,0.0258,0.0,0.0,0.0,
1993,317.311,PROBE,0.2727,0.6059,0.0,0.0095,0.0255,0.0,0.0,0.0,
1994,317.469,PROBE,0.6439,0.6055,0.6753,0.0113,0.0296,0.3387,0.9677,0.0,
1995,317.66,PROBE,0.6467,0.6118,0.6753,0.0128,0.0333,0.3364,0.961,0.0,
1996,317.897,HOLD,0.6508,0.615,0.6801,0.0142,0.0367,0.3372,0.9634,0.0,G2
1997,318.071,HOLD,0.6661,0.6338,0.6926,0.0155,0.0398,0.3386,0.9673,0.0,
1998,318.246,HOLD,0.2852,0.6338,0.0,0.014,0.039,0.0,0.0,0.0,
1999,318.406,HOLD,0.2852,0.6338,0.0,0.0126,0.0381,0.0,0.0,0.0,
2000,318.596,HOLD,0.6798,0.6795,0.6801,0.0136,0.0407,0.3396,0.9702,0.0,
2001,318.77,HOLD,0.332,0.7377,0.0,0.0121,0.0395,0.0002,0.0005,0.0,
2002,318.929,HOLD,0.3515,0.781,0.0,0.0107,0.0383,0.0049,0.0141,0.0,
2003,319.102,HOLD,0.3662,0.8137,0.0,0.0094,0.0369,0.102,0.2913,0.0,
2004,319.275,HOLD,0.362,0.8045,0.0,0.0079,0.0354,0.1394,0.3982,0.0,
2005,319.433,HOLD,0.3568,0.7929,0.0,0.0063,0.0339,0.1869,0.5339,0.0,
2006,319.622,HOLD,0.3516,0.7813,0.0,0.0045,0.0323,0.2365,0.6758,0.0,
2007,319.825,HOLD,0.3463,0.7697,0.0,0.0027,0.0307,0.2525,0.7214,0.0,
2008,320.0,HOLD,0.3411,0.7581,0.0,0.0007,0.029,0.236,0.6744,0.0,
2009,320.332,PROBE,0.3359,0.7464,0.0,-0.0014,0.0273,0.2331,0.6659,0.0,G5
2010,320.595,PROBE,0.3307,0.735,0.0,-0.0035,0.0255,0.2286,0.6531,0.0,
2011,320.849,PROBE,0.3245,0.7212,0.0,-0.0031,0.025,0.2269,0.6484,0.0,
2012,321.038,PROBE,0.3195,0.7099,0.0,-0.0052,0.0237,0.2359,0.6741,0.0,
2013,321.276,PROBE,0.316,0.7022,0.0,-0.0046,0.0229,0.2711,0.7744,0.0,
2014,321.497,PROBE,0.3151,0.7002,0.0,-0.0036,0.0213,0.2844,0.8125,0.0,
2015,321.687,COMMIT,0.31,0.6888,0.0,-0.005,0.021,0.2926,0.8361,0.0,G3
2016,321.875,COMMIT,0.671,0.6809,0.6628,-0.0015,0.0217,0.2983,0.8522,0.0,
2017,322.049,COMMIT,0.6669,0.6692,0.6651,-0.0007,0.0234,0.4035,0.8671,0.0,
2018,322.192,COMMIT,0.6594,0.6552,0.6628,0.0025,0.0238,0.3969,0.8484,0.0,
2019,322.35,COMMIT,0.6502,0.6436,0.6556,0.0031,0.0249,0.3721,0.7773,0.0,
2020,322.523,COMMIT,0.6424,0.6319,0.6509,0.0035,0.0256,0.3618,0.748,0.0,
2021,322.699,COMMIT,0.6259,0.6201,0.6306,0.0037,0.0259,0.3714,0.7756,0.0,
2022,322.858,COMMIT,0.6175,0.6082,0.6252,0.0036,0.0257,0.3519,0.7196,0.0,
2023,323.018,COMMIT,0.6083,0.5964,0.6181,0.0033,0.0252,0.3266,0.6476,0.0,
2024,323.175,COMMIT,0.5989,0.5861,0.6094,0.0053,0.0247,0.2971,0.5631,0.0,
2025,323.333,COMMIT,0.559,0.5139,0.596,0.0071,0.0239,0.1643,0.4694,0.0,
2026,323.49,COMMIT,0.5037,0.4242,0.5687,0.0087,0.0228,0.1035,0.2957,0.0,
2027,323.663,COMMIT,0.4851,0.4022,0.5529,0.0103,0.0214,0.0554,0.1584,0.0,
2028,323.852,COMMIT,0.4212,0.2962,0.5235,0.0089,0.0204,0.0174,0.0496,0.0,
2029,324.086,COMMIT,0.3201,0.0894,0.5088,0.0068,0.0201,0.012,0.0344,0.0,
2030,324.258,COMMIT,0.2939,0.0506,0.4929,0.0073,0.0192,0.0551,0.1575,0.0,
2031,324.463,COMMIT,0.3007,0.0505,0.5055,0.0056,0.0195,0.0001,0.0004,0.0,
2032,324.637,COMMIT,0.3003,0.0496,0.5055,0.004,0.0199,0.1842,0.5264,0.0,
2033,324.796,COMMIT,0.2929,0.0484,0.4929,0.0025,0.0204,0.0993,0.2837,0.0,
