scenario,weather,trial,hqm,S,E,B,R,collisions,unsafe_commits,state_trace
pedestrian_curb,clear,0,0.2026,-0.0016,0.0,0.641,0.5,0,0,"['CRUISE', 'CRUISE', 'CRUISE', 'CRUISE', 'CRUISE', 'CRUISE', 'CRUISE', 'CRUISE', 'CRUISE', 'PROBE', 'PROBE', 'PROBE', 'PROBE', 'PROBE', 'PROBE', 'PROBE', 'HOLD', 'HOLD', 'HOLD', 'HOLD', 'HOLD', 'HOLD', 'HOLD', 'HOLD', 'HOLD', 'HOLD', 'HOLD', 'HOLD', 'HOLD', 'HOLD', 'HOLD', 'HOLD', 'HOLD', 'HOLD', 'HOLD', 'HOLD', 'HOLD', 'HOLD', 'HOLD', 'HOLD', 'HOLD', 'HOLD', 'HOLD', 'HOLD', 'HOLD', 'HOLD', 'HOLD', 'HOLD', 'HOLD', 'HOLD', 'HOLD', 'HOLD', 'HOLD', 'HOLD', 'HOLD', 'HOLD', 'HOLD', 'HOLD', 'HOLD', 'HOLD', 'HOLD', 'HOLD', 'HOLD', 'HOLD', 'HOLD', 'HOLD', 'HOLD', 'HOLD', 'HOLD', 'HOLD', 'HOLD', 'HOLD', 'HOLD', 'HOLD', 'HOLD', 'HOLD', 'HOLD', 'HOLD', 'HOLD', 'HOLD', 'HOLD', 'HOLD', 'HOLD', 'HOLD', 'HOLD', 'HOLD', 'HOLD', 'HOLD', 'HOLD', 'HOLD', 'HOLD', 'HOLD', 'HOLD', 'HOLD', 'HOLD', 'HOLD', 'HOLD', 'HOLD', 'HOLD', 'HOLD', 'HOLD', 'HOLD', 'HOLD', 'HOLD', 'HOLD', 'HOLD', 'HOLD', 'HOLD', 'HOLD', 'HOLD', 'HOLD', 'HOLD', 'HOLD', 'ABORT', 'ABORT', 'ABORT', 'ABORT', 'ABORT', 'ABORT', 'ABORT', 'ABORT', 'ABORT', 'ABORT', 'ABORT', 'ABORT', 'ABORT', 'ABORT', 'ABORT', 'ABORT']"
pedestrian_curb,clear,1,0.2032,-0.0005,0.0,0.642,0.5,0,0,"['CRUISE', 'CRUISE', 'CRUISE', 'CRUISE', 'CRUISE', 'CRUISE', 'CRUISE', 'CRUISE', 'CRUISE', 'PROBE', 'PROBE', 'PROBE', 'PROBE', 'PROBE', 'PROBE', 'PROBE', 'HOLD', 'HOLD', 'HOLD', 'HOLD', 'HOLD', 'HOLD', 'HOLD', 'HOLD', 'HOLD', 'HOLD', 'HOLD', 'HOLD', 'HOLD', 'HOLD', 'HOLD', 'HOLD', 'HOLD', 'HOLD', 'HOLD', 'HOLD', 'HOLD', 'HOLD', 'HOLD', 'HOLD', 'HOLD', 'HOLD', 'HOLD', 'HOLD', 'HOLD', 'HOLD', 'HOLD', 'HOLD', 'HOLD', 'HOLD', 'HOLD', 'HOLD', 'HOLD', 'HOLD', 'HOLD', 'HOLD', 'HOLD', 'HOLD', 'HOLD', 'HOLD', 'HOLD', 'HOLD', 'HOLD', 'HOLD', 'HOLD', 'HOLD', 'HOLD', 'HOLD', 'HOLD', 'HOLD', 'HOLD', 'HOLD', 'HOLD', 'HOLD', 'HOLD', 'HOLD', 'HOLD', 'HOLD', 'HOLD', 'HOLD', 'HOLD', 'HOLD', 'HOLD', 'HOLD', 'HOLD', 'HOLD', 'HOLD', 'HOLD', 'HOLD', 'HOLD', 'HOLD', 'HOLD', 'HOLD', 'HOLD', 'HOLD', 'HOLD', 'HOLD', 'HOLD', 'HOLD', 'HOLD', 'HOLD', 'HOLD', 'HOLD', 'HOLD', 'HOLD', 'HOLD', 'HOLD', 'HOLD', 'HOLD', 'HOLD', 'HOLD', 'HOLD', 'ABORT', 'ABORT', 'ABORT', 'ABORT', 'ABORT', 'ABORT', 'ABORT', 'ABORT', 'ABORT', 'ABORT', 'ABORT', 'ABORT', 'ABORT', 'ABORT', 'ABORT', 'ABORT', 'ABORT']"
pedestrian_curb,clear,2,0.2031,-0.0005,0.0,0.6416,0.5,0,0,"['CRUISE', 'CRUISE', 'CRUISE', 'CRUISE', 'CRUISE', 'CRUISE', 'CRUISE', 'CRUISE', 'CRUISE', 'PROBE', 'PROBE', 'PROBE', 'PROBE', 'PROBE', 'PROBE', 'PROBE', 'HOLD', 'HOLD', 'HOLD', 'HOLD', 'HOLD', 'HOLD', 'HOLD', 'HOLD', 'HOLD', 'HOLD', 'HOLD', 'HOLD', 'HOLD', 'HOLD', 'HOLD', 'HOLD', 'HOLD', 'HOLD', 'HOLD', 'HOLD', 'HOLD', 'HOLD', 'HOLD', 'HOLD', 'HOLD', 'HOLD', 'HOLD', 'HOLD', 'HOLD', 'HOLD', 'HOLD', 'HOLD', 'HOLD', 'HOLD', 'HOLD', 'HOLD', 'HOLD', 'HOLD', 'HOLD', 'HOLD', 'HOLD', 'HOLD', 'HOLD', 'HOLD', 'HOLD', 'HOLD', 'HOLD', 'HOLD', 'HOLD', 'HOLD', 'HOLD', 'HOLD', 'HOLD', 'HOLD', 'HOLD', 'HOLD', 'HOLD', 'HOLD', 'HOLD', 'HOLD', 'HOLD', 'HOLD', 'HOLD', 'HOLD', 'HOLD', 'HOLD', 'HOLD', 'HOLD', 'HOLD', 'HOLD', 'HOLD', 'HOLD', 'HOLD', 'HOLD', 'HOLD', 'HOLD', 'HOLD', 'HOLD', 'HOLD', 'HOLD', 'HOLD', 'HOLD', 'HOLD', 'HOLD', 'HOLD', 'HOLD', 'HOLD', 'HOLD', 'HOLD', 'HOLD', 'HOLD', 'HOLD', 'HOLD', 'HOLD', 'HOLD', 'HOLD', 'ABORT', 'ABORT', 'ABORT', 'ABORT', 'ABORT', 'ABORT', 'ABORT', 'ABORT', 'ABORT', 'ABORT', 'ABORT', 'ABORT', 'ABORT', 'ABORT', 'ABORT', 'ABORT']"
pedestrian_curb,clear,3,0.2034,-0.0,0.0,0.6418,0.5,0,0,"['CRUISE', 'CRUISE', 'CRUISE', 'CRUISE', 'CRUISE', 'CRUISE', 'CRUISE', 'CRUISE', 'CRUISE', 'PROBE', 'PROBE', 'PROBE', 'PROBE', 'PROBE', 'PROBE', 'PROBE', 'HOLD', 'HOLD', 'HOLD', 'HOLD', 'HOLD', 'HOLD', 'HOLD', 'HOLD', 'HOLD', 'HOLD', 'HOLD', 'HOLD', 'HOLD', 'HOLD', 'HOLD', 'HOLD', 'HOLD', 'HOLD', 'HOLD', 'HOLD', 'HOLD', 'HOLD', 'HOLD', 'HOLD', 'HOLD', 'HOLD', 'HOLD', 'HOLD', 'HOLD', 'HOLD', 'HOLD', 'HOLD', 'HOLD', 'HOLD', 'HOLD', 'HOLD', 'HOLD', 'HOLD', 'HOLD', 'HOLD', 'HOLD', 'HOLD', 'HOLD', 'HOLD', 'HOLD', 'HOLD', 'HOLD', 'HOLD', 'HOLD', 'HOLD', 'HOLD', 'HOLD', 'HOLD', 'HOLD', 'HOLD', 'HOLD', 'HOLD', 'HOLD', 'HOLD', 'HOLD', 'HOLD', 'HOLD', 'HOLD', 'HOLD', 'HOLD', 'HOLD', 'HOLD', 'HOLD', 'HOLD', 'HOLD', 'HOLD', 'HOLD', 'HOLD', 'HOLD', 'HOLD', 'HOLD', 'HOLD', 'HOLD', 'HOLD', 'HOLD', 'HOLD', 'HOLD', 'HOLD', 'HOLD', 'HOLD', 'HOLD', 'HOLD', 'HOLD', 'HOLD', 'HOLD', 'HOLD', 'HOLD', 'HOLD', 'HOLD', 'HOLD', 'HOLD', 'ABORT', 'ABORT', 'ABORT', 'ABORT', 'ABORT', 'ABORT', 'ABORT', 'ABORT', 'ABORT', 'ABORT', 'ABORT', 'ABORT', 'ABORT', 'ABORT', 'ABORT', 'ABORT']"
pedestrian_curb,clear,4,0.2032,-0.0,0.0,0.6409,0.5,0,0,"['CRUISE', 'CRUISE', 'CRUISE', 'CRUISE', 'CRUISE', 'CRUISE', 'CRUISE', 'CRUISE', 'CRUISE', 'PROBE', 'PROBE', 'PROBE', 'PROBE', 'PROBE', 'PROBE', 'PROBE', 'HOLD', 'HOLD', 'HOLD', 'HOLD', 'HOLD', 'HOLD', 'HOLD', 'HOLD', 'HOLD', 'HOLD', 'HOLD', 'HOLD', 'HOLD', 'HOLD', 'HOLD', 'HOLD', 'HOLD', 'HOLD', 'HOLD', 'HOLD', 'HOLD', 'HOLD', 'HOLD', 'HOLD', 'HOLD', 'HOLD', 'HOLD', 'HOLD', 'HOLD', 'HOLD', 'HOLD', 'HOLD', 'HOLD', 'HOLD', 'HOLD', 'HOLD', 'HOLD', 'HOLD', 'HOLD', 'HOLD', 'HOLD', 'HOLD', 'HOLD', 'HOLD', 'HOLD', 'HOLD', 'HOLD', 'HOLD', 'HOLD', 'HOLD', 'HOLD', 'HOLD', 'HOLD', 'HOLD', 'HOLD', 'HOLD', 'HOLD', 'HOLD', 'HOLD', 'HOLD', 'HOLD', 'HOLD', 'HOLD', 'HOLD', 'HOLD', 'HOLD', 'HOLD', 'HOLD', 'HOLD', 'HOLD', 'HOLD', 'HOLD', 'HOLD', 'HOLD', 'HOLD', 'HOLD', 'HOLD', 'HOLD', 'HOLD', 'HOLD', 'HOLD', 'HOLD', 'HOLD', 'HOLD', 'HOLD', 'HOLD', 'HOLD', 'HOLD', 'HOLD', 'HOLD', 'HOLD', 'HOLD', 'HOLD', 'HOLD', 'HOLD', 'HOLD', 'ABORT', 'ABORT', 'ABORT', 'ABORT', 'ABORT', 'ABORT', 'ABORT', 'ABORT', 'ABORT', 'ABORT', 'ABORT', 'ABORT', 'ABORT', 'ABORT', 'ABORT', 'ABORT', 'ABORT']"
pedestrian_curb,clear,5,0.2034,-0.0,0.0,0.6419,0.5,0,0,"['CRUISE', 'CRUISE', 'CRUISE', 'CRUISE', 'CRUISE', 'CRUISE', 'CRUISE', 'CRUISE', 'CRUISE', 'PROBE', 'PROBE', 'PROBE', 'PROBE', 'PROBE', 'PROBE', 'PROBE', 'HOLD', 'HOLD', 'HOLD', 'HOLD', 'HOLD', 'HOLD', 'HOLD', 'HOLD', 'HOLD', 'HOLD', 'HOLD', 'HOLD', 'HOLD', 'HOLD', 'HOLD', 'HOLD', 'HOLD', 'HOLD', 'HOLD', 'HOLD', 'HOLD', 'HOLD', 'HOLD', 'HOLD', 'HOLD', 'HOLD', 'HOLD', 'HOLD', 'HOLD', 'HOLD', 'HOLD', 'HOLD', 'HOLD', 'HOLD', 'HOLD', 'HOLD', 'HOLD', 'HOLD', 'HOLD', 'HOLD', 'HOLD', 'HOLD', 'HOLD', 'HOLD', 'HOLD', 'HOLD', 'HOLD', 'HOLD', 'HOLD', 'HOLD', 'HOLD', 'HOLD', 'HOLD', 'HOLD', 'HOLD', 'HOLD', 'HOLD', 'HOLD', 'HOLD', 'HOLD', 'HOLD', 'HOLD', 'HOLD', 'HOLD', 'HOLD', 'HOLD', 'HOLD', 'HOLD', 'HOLD', 'HOLD', 'HOLD', 'HOLD', 'HOLD', 'HOLD', 'HOLD', 'HOLD', 'HOLD', 'HOLD', 'HOLD', 'HOLD', 'HOLD', 'HOLD', 'HOLD', 'HOLD', 'HOLD', 'HOLD', 'HOLD', 'HOLD', 'HOLD', 'HOLD', 'HOLD', 'HOLD', 'HOLD', 'HOLD', 'HOLD', 'HOLD', 'ABORT', 'ABORT', 'ABORT', 'ABORT', 'ABORT', 'ABORT', 'ABORT', 'ABORT', 'ABORT', 'ABORT', 'ABORT', 'ABORT', 'ABORT', 'ABORT', 'ABORT', 'ABORT']"
pedestrian_curb,clear,6,0.2033,-0.0001,0.0,0.6416,0.5,0,0,"['CRUISE', 'CRUISE', 'CRUISE', 'CRUISE', 'CRUISE', 'CRUISE', 'CRUISE', 'CRUISE', 'CRUISE', 'PROBE', 'PROBE', 'PROBE', 'PROBE', 'PROBE', 'PROBE', 'PROBE', 'HOLD', 'HOLD', 'HOLD', 'HOLD', 'HOLD', 'HOLD', 'HOLD', 'HOLD', 'HOLD', 'HOLD', 'HOLD', 'HOLD', 'HOLD', 'HOLD', 'HOLD', 'HOLD', 'HOLD', 'HOLD', 'HOLD', 'HOLD', 'HOLD', 'HOLD', 'HOLD', 'HOLD', 'HOLD', 'HOLD', 'HOLD', 'HOLD', 'HOLD', 'HOLD', 'HOLD', 'HOLD', 'HOLD', 'HOLD', 'HOLD', 'HOLD', 'HOLD', 'HOLD', 'HOLD', 'HOLD', 'HOLD', 'HOLD', 'HOLD', 'HOLD', 'HOLD', 'HOLD', 'HOLD', 'HOLD', 'HOLD', 'HOLD', 'HOLD', 'HOLD', 'HOLD', 'HOLD', 'HOLD', 'HOLD', 'HOLD', 'HOLD', 'HOLD', 'HOLD', 'HOLD', 'HOLD', 'HOLD', 'HOLD', 'HOLD', 'HOLD', 'HOLD', 'HOLD', 'HOLD', 'HOLD', 'HOLD', 'HOLD', 'HOLD', 'HOLD', 'HOLD', 'HOLD', 'HOLD', 'HOLD', 'HOLD', 'HOLD', 'HOLD', 'HOLD', 'HOLD', 'HOLD', 'HOLD', 'HOLD', 'HOLD', 'HOLD', 'HOLD', 'HOLD', 'HOLD', 'HOLD', 'HOLD', 'HOLD', 'HOLD', 'HOLD', 'ABORT', 'ABORT', 'ABORT', 'ABORT', 'ABORT', 'ABORT', 'ABORT', 'ABORT', 'ABORT', 'ABORT', 'ABORT', 'ABORT', 'ABORT', 'ABORT', 'ABORT', 'ABORT', 'ABORT']"
pedestrian_curb,clear,7,0.2034,-0.0,0.0,0.6418,0.5,0,0,"['CRUISE', 'CRUISE', 'CRUISE', 'CRUISE', 'CRUISE', 'CRUISE', 'CRUISE', 'CRUISE', 'CRUISE', 'PROBE', 'PROBE', 'PROBE', 'PROBE', 'PROBE', 'PROBE', 'PROBE', 'HOLD', 'HOLD', 'HOLD', 'HOLD', 'HOLD', 'HOLD', 'HOLD', 'HOLD', 'HOLD', 'HOLD', 'HOLD', 'HOLD', 'HOLD', 'HOLD', 'HOLD', 'HOLD', 'HOLD', 'HOLD', 'HOLD', 'HOLD', 'HOLD', 'HOLD', 'HOLD', 'HOLD', 'HOLD', 'HOLD', 'HOLD', 'HOLD', 'HOLD', 'HOLD', 'HOLD', 'HOLD', 'HOLD', 'HOLD', 'HOLD', 'HOLD', 'HOLD', 'HOLD', 'HOLD', 'HOLD', 'HOLD', 'HOLD', 'HOLD', 'HOLD', 'HOLD', 'HOLD', 'HOLD', 'HOLD', 'HOLD', 'HOLD', 'HOLD', 'HOLD', 'HOLD', 'HOLD', 'HOLD', 'HOLD', 'HOLD', 'HOLD', 'HOLD', 'HOLD', 'HOLD', 'HOLD', 'HOLD', 'HOLD', 'HOLD', 'HOLD', 'HOLD', 'HOLD', 'HOLD', 'HOLD', 'HOLD', 'HOLD', 'HOLD', 'HOLD', 'HOLD', 'HOLD', 'HOLD', 'HOLD', 'HOLD', 'HOLD', 'HOLD', 'HOLD', 'HOLD', 'HOLD', 'HOLD', 'HOLD', 'HOLD', 'HOLD', 'HOLD', 'HOLD', 'HOLD', 'HOLD', 'HOLD', 'HOLD', 'HOLD', 'HOLD', 'ABORT', 'ABORT', 'ABORT', 'ABORT', 'ABORT', 'ABORT', 'ABORT', 'ABORT', 'ABORT', 'ABORT', 'ABORT', 'ABORT', 'ABORT', 'ABORT', 'ABORT', 'ABORT', 'ABORT']"
pedestrian_curb,clear,8,0.2034,0.0,0.0,0.6418,0.5,0,0,"['CRUISE', 'CRUISE', 'CRUISE', 'CRUISE', 'CRUISE', 'CRUISE', 'CRUISE', 'CRUISE', 'CRUISE', 'PROBE', 'PROBE', 'PROBE', 'PROBE', 'PROBE', 'PROBE', 'PROBE', 'HOLD', 'HOLD', 'HOLD', 'HOLD', 'HOLD', 'HOLD', 'HOLD', 'HOLD', 'HOLD', 'HOLD', 'HOLD', 'HOLD', 'HOLD', 'HOLD', 'HOLD', 'HOLD', 'HOLD', 'HOLD', 'HOLD', 'HOLD', 'HOLD', 'HOLD', 'HOLD', 'HOLD', 'HOLD', 'HOLD', 'HOLD', 'HOLD', 'HOLD', 'HOLD', 'HOLD', 'HOLD', 'HOLD', 'HOLD', 'HOLD', 'HOLD', 'HOLD', 'HOLD', 'HOLD', 'HOLD', 'HOLD', 'HOLD', 'HOLD', 'HOLD', 'HOLD', 'HOLD', 'HOLD', 'HOLD', 'HOLD', 'HOLD', 'HOLD', 'HOLD', 'HOLD', 'HOLD', 'HOLD', 'HOLD', 'HOLD', 'HOLD', 'HOLD', 'HOLD', 'HOLD', 'HOLD', 'HOLD', 'HOLD', 'HOLD', 'HOLD', 'HOLD', 'HOLD', 'HOLD', 'HOLD', 'HOLD', 'HOLD', 'HOLD', 'HOLD', 'HOLD', 'HOLD', 'HOLD', 'HOLD', 'HOLD', 'HOLD', 'HOLD', 'HOLD', 'HOLD', 'HOLD', 'HOLD', 'HOLD', 'HOLD', 'HOLD', 'HOLD', 'HOLD', 'HOLD', 'HOLD', 'HOLD', 'HOLD', 'HOLD', 'HOLD', 'ABORT', 'ABORT', 'ABORT', 'ABORT', 'ABORT', 'ABORT', 'ABORT', 'ABORT', 'ABORT', 'ABORT', 'ABORT', 'ABORT', 'ABORT', 'ABORT', 'ABORT', 'ABORT']"
pedestrian_curb,clear,9,0.2033,-0.0,0.0,0.6415,0.5,0,0,"['CRUISE', 'CRUISE', 'CRUISE', 'CRUISE', 'CRUISE', 'CRUISE', 'CRUISE', 'CRUISE', 'CRUISE', 'PROBE', 'PROBE', 'PROBE', 'PROBE', 'PROBE', 'PROBE', 'PROBE', 'HOLD', 'HOLD', 'HOLD', 'HOLD', 'HOLD', 'HOLD', 'HOLD', 'HOLD', 'HOLD', 'HOLD', 'HOLD', 'HOLD', 'HOLD', 'HOLD', 'HOLD', 'HOLD', 'HOLD', 'HOLD', 'HOLD', 'HOLD', 'HOLD', 'HOLD', 'HOLD', 'HOLD', 'HOLD', 'HOLD', 'HOLD', 'HOLD', 'HOLD', 'HOLD', 'HOLD', 'HOLD', 'HOLD', 'HOLD', 'HOLD', 'HOLD', 'HOLD', 'HOLD', 'HOLD', 'HOLD', 'HOLD', 'HOLD', 'HOLD', 'HOLD', 'HOLD', 'HOLD', 'HOLD', 'HOLD', 'HOLD', 'HOLD', 'HOLD', 'HOLD', 'HOLD', 'HOLD', 'HOLD', 'HOLD', 'HOLD', 'HOLD', 'HOLD', 'HOLD', 'HOLD', 'HOLD', 'HOLD', 'HOLD', 'HOLD', 'HOLD', 'HOLD', 'HOLD', 'HOLD', 'HOLD', 'HOLD', 'HOLD', 'HOLD', 'HOLD', 'HOLD', 'HOLD', 'HOLD', 'HOLD', 'HOLD', 'HOLD', 'HOLD', 'HOLD', 'HOLD', 'HOLD', 'HOLD', 'HOLD', 'HOLD', 'HOLD', 'HOLD', 'HOLD', 'HOLD', 'HOLD', 'HOLD', 'HOLD', 'HOLD', 'HOLD', 'ABORT', 'ABORT', 'ABORT', 'ABORT', 'ABORT', 'ABORT', 'ABORT', 'ABORT', 'ABORT', 'ABORT', 'ABORT', 'ABORT', 'ABORT', 'ABORT', 'ABORT', 'ABORT']"
pedestrian_curb,clear,10,0.2033,-0.0,0.0,0.6416,0.5,0,0,"['CRUISE', 'CRUISE', 'CRUISE', 'CRUISE', 'CRUISE', 'CRUISE', 'CRUISE', 'CRUISE', 'PROBE', 'PROBE', 'PROBE', 'PROBE', 'PROBE', 'PROBE', 'PROBE', 'HOLD', 'HOLD', 'HOLD', 'HOLD', 'HOLD', 'HOLD', 'HOLD', 'HOLD', 'HOLD', 'HOLD', 'HOLD', 'HOLD', 'HOLD', 'HOLD', 'HOLD', 'HOLD', 'HOLD', 'HOLD', 'HOLD', 'HOLD', 'HOLD', 'HOLD', 'HOLD', 'HOLD', 'HOLD', 'HOLD', 'HOLD', 'HOLD', 'HOLD', 'HOLD', 'HOLD', 'HOLD', 'HOLD', 'HOLD', 'HOLD', 'HOLD', 'HOLD', 'HOLD', 'HOLD', 'HOLD', 'HOLD', 'HOLD', 'HOLD', 'HOLD', 'HOLD', 'HOLD', 'HOLD', 'HOLD', 'HOLD', 'HOLD', 'HOLD', 'HOLD', 'HOLD', 'HOLD', 'HOLD', 'HOLD', 'HOLD', 'HOLD', 'HOLD', 'HOLD', 'HOLD', 'HOLD', 'HOLD', 'HOLD', 'HOLD', 'HOLD', 'HOLD', 'HOLD', 'HOLD', 'HOLD', 'HOLD', 'HOLD', 'HOLD', 'HOLD', 'HOLD', 'HOLD', 'HOLD', 'HOLD', 'HOLD', 'HOLD', 'HOLD', 'HOLD', 'HOLD', 'HOLD', 'HOLD', 'HOLD', 'HOLD', 'HOLD', 'HOLD', 'HOLD', 'HOLD', 'HOLD', 'HOLD', 'HOLD', 'HOLD', 'HOLD', 'ABORT', 'ABORT', 'ABORT', 'ABORT', 'ABORT', 'ABORT', 'ABORT', 'ABORT', 'ABORT', 'ABORT', 'ABORT', 'ABORT', 'ABORT', 'ABORT', 'ABORT', 'ABORT', 'ABORT']"
pedestrian_curb,clear,11,0.2035,-0.0,0.0,0.6423,0.5,0,0,"['CRUISE', 'CRUISE', 'CRUISE', 'CRUISE', 'CRUISE', 'CRUISE', 'CRUISE', 'CRUISE', 'CRUISE', 'PROBE', 'PROBE', 'PROBE', 'PROBE', 'PROBE', 'PROBE', 'PROBE', 'HOLD', 'HOLD', 'HOLD', 'HOLD', 'HOLD', 'HOLD', 'HOLD', 'HOLD', 'HOLD', 'HOLD', 'HOLD', 'HOLD', 'HOLD', 'HOLD', 'HOLD', 'HOLD', 'HOLD', 'HOLD', 'HOLD', 'HOLD', 'HOLD', 'HOLD', 'HOLD', 'HOLD', 'HOLD', 'HOLD', 'HOLD', 'HOLD', 'HOLD', 'HOLD', 'HOLD', 'HOLD', 'HOLD', 'HOLD', 'HOLD', 'HOLD', 'HOLD', 'HOLD', 'HOLD', 'HOLD', 'HOLD', 'HOLD', 'HOLD', 'HOLD', 'HOLD', 'HOLD', 'HOLD', 'HOLD', 'HOLD', 'HOLD', 'HOLD', 'HOLD', 'HOLD', 'HOLD', 'HOLD', 'HOLD', 'HOLD', 'HOLD', 'HOLD', 'HOLD', 'HOLD', 'HOLD', 'HOLD', 'HOLD', 'HOLD', 'HOLD', 'HOLD', 'HOLD', 'HOLD', 'HOLD', 'HOLD', 'HOLD', 'HOLD', 'HOLD', 'HOLD', 'HOLD', 'HOLD', 'HOLD', 'HOLD', 'HOLD', 'HOLD', 'HOLD', 'HOLD', 'HOLD', 'HOLD', 'HOLD', 'HOLD', 'HOLD', 'HOLD', 'HOLD', 'HOLD', 'HOLD', 'HOLD', 'HOLD', 'HOLD', 'HOLD', 'HOLD', 'ABORT', 'ABORT', 'ABORT', 'ABORT', 'ABORT', 'ABORT', 'ABORT', 'ABORT', 'ABORT', 'ABORT', 'ABORT', 'ABORT', 'ABORT', 'ABORT', 'ABORT', 'ABORT']"
pedestrian_curb,clear,12,0.2034,-0.0,0.0,0.6421,0.5,0,0,"['CRUISE', 'CRUISE', 'CRUISE', 'CRUISE', 'CRUISE', 'CRUISE', 'CRUISE', 'CRUISE', 'CRUISE', 'PROBE', 'PROBE', 'PROBE', 'PROBE', 'PROBE', 'PROBE', 'PROBE', 'HOLD', 'HOLD', 'HOLD', 'HOLD', 'HOLD', 'HOLD', 'HOLD', 'HOLD', 'HOLD', 'HOLD', 'HOLD', 'HOLD', 'HOLD', 'HOLD', 'HOLD', 'HOLD', 'HOLD', 'HOLD', 'HOLD', 'HOLD', 'HOLD', 'HOLD', 'HOLD', 'HOLD', 'HOLD', 'HOLD', 'HOLD', 'HOLD', 'HOLD', 'HOLD', 'HOLD', 'HOLD', 'HOLD', 'HOLD', 'HOLD', 'HOLD', 'HOLD', 'HOLD', 'HOLD', 'HOLD', 'HOLD', 'HOLD', 'HOLD', 'HOLD', 'HOLD', 'HOLD', 'HOLD', 'HOLD', 'HOLD', 'HOLD', 'HOLD', 'HOLD', 'HOLD', 'HOLD', 'HOLD', 'HOLD', 'HOLD', 'HOLD', 'HOLD', 'HOLD', 'HOLD', 'HOLD', 'HOLD', 'HOLD', 'HOLD', 'HOLD', 'HOLD', 'HOLD', 'HOLD', 'HOLD', 'HOLD', 'HOLD', 'HOLD', 'HOLD', 'HOLD', 'HOLD', 'HOLD', 'HOLD', 'HOLD', 'HOLD', 'HOLD', 'HOLD', 'HOLD', 'HOLD', 'HOLD', 'HOLD', 'HOLD', 'HOLD', 'HOLD', 'HOLD', 'HOLD', 'HOLD', 'HOLD', 'HOLD', 'HOLD', 'HOLD', 'ABORT', 'ABORT', 'ABORT', 'ABORT', 'ABORT', 'ABORT', 'ABORT', 'ABORT', 'ABORT', 'ABORT', 'ABORT', 'ABORT', 'ABORT', 'ABORT', 'ABORT', 'ABORT', 'ABORT']"
pedestrian_curb,clear,13,0.2033,0.0,0.0,0.6417,0.5,0,0,"['CRUISE', 'CRUISE', 'CRUISE', 'CRUISE', 'CRUISE', 'CRUISE', 'CRUISE', 'CRUISE', 'CRUISE', 'PROBE', 'PROBE', 'PROBE', 'PROBE', 'PROBE', 'PROBE', 'PROBE', 'HOLD', 'HOLD', 'HOLD', 'HOLD', 'HOLD', 'HOLD', 'HOLD', 'HOLD', 'HOLD', 'HOLD', 'HOLD', 'HOLD', 'HOLD', 'HOLD', 'HOLD', 'HOLD', 'HOLD', 'HOLD', 'HOLD', 'HOLD', 'HOLD', 'HOLD', 'HOLD', 'HOLD', 'HOLD', 'HOLD', 'HOLD', 'HOLD', 'HOLD', 'HOLD', 'HOLD', 'HOLD', 'HOLD', 'HOLD', 'HOLD', 'HOLD', 'HOLD', 'HOLD', 'HOLD', 'HOLD', 'HOLD', 'HOLD', 'HOLD', 'HOLD', 'HOLD', 'HOLD', 'HOLD', 'HOLD', 'HOLD', 'HOLD', 'HOLD', 'HOLD', 'HOLD', 'HOLD', 'HOLD', 'HOLD', 'HOLD', 'HOLD', 'HOLD', 'HOLD', 'HOLD', 'HOLD', 'HOLD', 'HOLD', 'HOLD', 'HOLD', 'HOLD', 'HOLD', 'HOLD', 'HOLD', 'HOLD', 'HOLD', 'HOLD', 'HOLD', 'HOLD', 'HOLD', 'HOLD', 'HOLD', 'HOLD', 'HOLD', 'HOLD', 'HOLD', 'HOLD', 'HOLD', 'HOLD', 'HOLD', 'HOLD', 'HOLD', 'HOLD', 'HOLD', 'HOLD', 'HOLD', 'HOLD', 'HOLD', 'HOLD', 'HOLD', 'ABORT', 'ABORT', 'ABORT', 'ABORT', 'ABORT', 'ABORT', 'ABORT', 'ABORT', 'ABORT', 'ABORT', 'ABORT', 'ABORT', 'ABORT', 'ABORT', 'ABORT', 'ABORT']"
pedestrian_curb,clear,14,0.2034,-0.0,0.0,0.6421,0.5,0,0,"['CRUISE', 'CRUISE', 'CRUISE', 'CRUISE', 'CRUISE', 'CRUISE', 'CRUISE', 'CRUISE', 'PROBE', 'PROBE', 'PROBE', 'PROBE', 'PROBE', 'PROBE', 'PROBE', 'HOLD', 'HOLD', 'HOLD', 'HOLD', 'HOLD', 'HOLD', 'HOLD', 'HOLD', 'HOLD', 'HOLD', 'HOLD', 'HOLD', 'HOLD', 'HOLD', 'HOLD', 'HOLD', 'HOLD', 'HOLD', 'HOLD', 'HOLD', 'HOLD', 'HOLD', 'HOLD', 'HOLD', 'HOLD', 'HOLD', 'HOLD', 'HOLD', 'HOLD', 'HOLD', 'HOLD', 'HOLD', 'HOLD', 'HOLD', 'HOLD', 'HOLD', 'HOLD', 'HOLD', 'HOLD', 'HOLD', 'HOLD', 'HOLD', 'HOLD', 'HOLD', 'HOLD', 'HOLD', 'HOLD', 'HOLD', 'HOLD', 'HOLD', 'HOLD', 'HOLD', 'HOLD', 'HOLD', 'HOLD', 'HOLD', 'HOLD', 'HOLD', 'HOLD', 'HOLD', 'HOLD', 'HOLD', 'HOLD', 'HOLD', 'HOLD', 'HOLD', 'HOLD', 'HOLD', 'HOLD', 'HOLD', 'HOLD', 'HOLD', 'HOLD', 'HOLD', 'HOLD', 'HOLD', 'HOLD', 'HOLD', 'HOLD', 'HOLD', 'HOLD', 'HOLD', 'HOLD', 'HOLD', 'HOLD', 'HOLD', 'HOLD', 'HOLD', 'HOLD', 'HOLD', 'HOLD', 'HOLD', 'HOLD', 'HOLD', 'HOLD', 'HOLD', 'HOLD', 'ABORT', 'ABORT', 'ABORT', 'ABORT', 'ABORT', 'ABORT', 'ABORT', 'ABORT', 'ABORT', 'ABORT', 'ABORT', 'ABORT', 'ABORT', 'ABORT', 'ABORT', 'ABORT', 'ABORT']"
pedestrian_curb,clear,15,0.6,0.0,0.0,0.0,0.0,0,0,"['CRUISE', 'CRUISE', 'CRUISE', 'CRUISE', 'CRUISE', 'CRUISE', 'CRUISE', 'CRUISE', 'CRUISE', 'CRUISE', 'CRUISE', 'CRUISE', 'CRUISE', 'CRUISE', 'CRUISE', 'CRUISE', 'CRUISE', 'CRUISE', 'CRUISE', 'CRUISE', 'CRUISE', 'CRUISE', 'CRUISE', 'CRUISE', 'CRUISE', 'CRUISE', 'CRUISE', 'CRUISE', 'CRUISE', 'CRUISE', 'CRUISE', 'CRUISE', 'CRUISE', 'CRUISE', 'CRUISE', 'CRUISE', 'CRUISE', 'CRUISE', 'CRUISE', 'CRUISE', 'CRUISE', 'CRUISE', 'CRUISE', 'CRUISE', 'CRUISE', 'CRUISE', 'CRUISE', 'CRUISE', 'CRUISE', 'CRUISE', 'CRUISE', 'CRUISE', 'CRUISE', 'CRUISE', 'CRUISE', 'CRUISE', 'CRUISE', 'CRUISE', 'CRUISE', 'CRUISE', 'CRUISE', 'CRUISE', 'CRUISE', 'CRUISE', 'CRUISE', 'CRUISE', 'CRUISE', 'CRUISE', 'CRUISE', 'CRUISE', 'CRUISE', 'CRUISE', 'CRUISE', 'CRUISE', 'CRUISE', 'CRUISE', 'CRUISE', 'CRUISE', 'CRUISE', 'CRUISE', 'CRUISE', 'CRUISE', 'CRUISE', 'CRUISE', 'CRUISE', 'CRUISE', 'CRUISE', 'CRUISE', 'CRUISE', 'CRUISE', 'CRUISE', 'CRUISE', 'CRUISE', 'CRUISE', 'CRUISE', 'CRUISE', 'CRUISE', 'CRUISE', 'CRUISE', 'CRUISE', 'CRUISE', 'CRUISE', 'CRUISE', 'CRUISE', 'CRUISE', 'CRUISE', 'CRUISE', 'CRUISE', 'CRUISE', 'CRUISE', 'CRUISE', 'CRUISE', 'CRUISE', 'CRUISE', 'CRUISE', 'CRUISE', 'CRUISE', 'CRUISE', 'CRUISE', 'CRUISE', 'CRUISE', 'CRUISE', 'CRUISE', 'CRUISE', 'CRUISE', 'CRUISE', 'CRUISE', 'CRUISE', 'CRUISE']"
pedestrian_curb,clear,16,0.2034,0.0,0.0,0.6419,0.5,0,0,"['CRUISE', 'CRUISE', 'CRUISE', 'CRUISE', 'CRUISE', 'CRUISE', 'CRUISE', 'CRUISE', 'CRUISE', 'PROBE', 'PROBE', 'PROBE', 'PROBE', 'PROBE', 'PROBE', 'PROBE', 'HOLD', 'HOLD', 'HOLD', 'HOLD', 'HOLD', 'HOLD', 'HOLD', 'HOLD', 'HOLD', 'HOLD', 'HOLD', 'HOLD', 'HOLD', 'HOLD', 'HOLD', 'HOLD', 'HOLD', 'HOLD', 'HOLD', 'HOLD', 'HOLD', 'HOLD', 'HOLD', 'HOLD', 'HOLD', 'HOLD', 'HOLD', 'HOLD', 'HOLD', 'HOLD', 'HOLD', 'HOLD', 'HOLD', 'HOLD', 'HOLD', 'HOLD', 'HOLD', 'HOLD', 'HOLD', 'HOLD', 'HOLD', 'HOLD', 'HOLD', 'HOLD', 'HOLD', 'HOLD', 'HOLD', 'HOLD', 'HOLD', 'HOLD', 'HOLD', 'HOLD', 'HOLD', 'HOLD', 'HOLD', 'HOLD', 'HOLD', 'HOLD', 'HOLD', 'HOLD', 'HOLD', 'HOLD', 'HOLD', 'HOLD', 'HOLD', 'HOLD', 'HOLD', 'HOLD', 'HOLD', 'HOLD', 'HOLD', 'HOLD', 'HOLD', 'HOLD', 'HOLD', 'HOLD', 'HOLD', 'HOLD', 'HOLD', 'HOLD', 'HOLD', 'HOLD', 'HOLD', 'HOLD', 'HOLD', 'HOLD', 'HOLD', 'HOLD', 'HOLD', 'HOLD', 'HOLD', 'HOLD', 'HOLD', 'HOLD', 'HOLD', 'HOLD', 'ABORT', 'ABORT', 'ABORT', 'ABORT', 'ABORT', 'ABORT', 'ABORT', 'ABORT', 'ABORT', 'ABORT', 'ABORT', 'ABORT', 'ABORT', 'ABORT', 'ABORT', 'ABORT', 'ABORT']"
pedestrian_curb,clear,17,0.2032,-0.0,0.0,0.6412,0.5,0,0,"['CRUISE', 'CRUISE', 'CRUISE', 'CRUISE', 'CRUISE', 'CRUISE', 'CRUISE', 'CRUISE', 'CRUISE', 'PROBE', 'PROBE', 'PROBE', 'PROBE', 'PROBE', 'PROBE', 'PROBE', 'HOLD', 'HOLD', 'HOLD', 'HOLD', 'HOLD', 'HOLD', 'HOLD', 'HOLD', 'HOLD', 'HOLD', 'HOLD', 'HOLD', 'HOLD', 'HOLD', 'HOLD', 'HOLD', 'HOLD', 'HOLD', 'HOLD', 'HOLD', 'HOLD', 'HOLD', 'HOLD', 'HOLD', 'HOLD', 'HOLD', 'HOLD', 'HOLD', 'HOLD', 'HOLD', 'HOLD', 'HOLD', 'HOLD', 'HOLD', 'HOLD', 'HOLD', 'HOLD', 'HOLD', 'HOLD', 'HOLD', 'HOLD', 'HOLD', 'HOLD', 'HOLD', 'HOLD', 'HOLD', 'HOLD', 'HOLD', 'HOLD', 'HOLD', 'HOLD', 'HOLD', 'HOLD', 'HOLD', 'HOLD', 'HOLD', 'HOLD', 'HOLD', 'HOLD', 'HOLD', 'HOLD', 'HOLD', 'HOLD', 'HOLD', 'HOLD', 'HOLD', 'HOLD', 'HOLD', 'HOLD', 'HOLD', 'HOLD', 'HOLD', 'HOLD', 'HOLD', 'HOLD', 'HOLD', 'HOLD', 'HOLD', 'HOLD', 'HOLD', 'HOLD', 'HOLD', 'HOLD', 'HOLD', 'HOLD', 'HOLD', 'HOLD', 'HOLD', 'HOLD', 'HOLD', 'HOLD', 'HOLD', 'HOLD', 'HOLD', 'HOLD', 'HOLD', 'ABORT', 'ABORT', 'ABORT', 'ABORT', 'ABORT', 'ABORT', 'ABORT', 'ABORT', 'ABORT', 'ABORT', 'ABORT', 'ABORT', 'ABORT', 'ABORT', 'ABORT', 'ABORT', 'ABORT']"
pedestrian_curb,clear,18,0.2033,-0.0,0.0,0.6415,0.5,0,0,"['CRUISE', 'CRUISE', 'CRUISE', 'CRUISE', 'CRUISE', 'CRUISE', 'CRUISE', 'CRUISE', 'PROBE', 'PROBE', 'PROBE', 'PROBE', 'PROBE', 'PROBE', 'PROBE', 'HOLD', 'HOLD', 'HOLD', 'HOLD', 'HOLD', 'HOLD', 'HOLD', 'HOLD', 'HOLD', 'HOLD', 'HOLD', 'HOLD', 'HOLD', 'HOLD', 'HOLD', 'HOLD', 'HOLD', 'HOLD', 'HOLD', 'HOLD', 'HOLD', 'HOLD', 'HOLD', 'HOLD', 'HOLD', 'HOLD', 'HOLD', 'HOLD', 'HOLD', 'HOLD', 'HOLD', 'HOLD', 'HOLD', 'HOLD', 'HOLD', 'HOLD', 'HOLD', 'HOLD', 'HOLD', 'HOLD', 'HOLD', 'HOLD', 'HOLD', 'HOLD', 'HOLD', 'HOLD', 'HOLD', 'HOLD', 'HOLD', 'HOLD', 'HOLD', 'HOLD', 'HOLD', 'HOLD', 'HOLD', 'HOLD', 'HOLD', 'HOLD', 'HOLD', 'HOLD', 'HOLD', 'HOLD', 'HOLD', 'HOLD', 'HOLD', 'HOLD', 'HOLD', 'HOLD', 'HOLD', 'HOLD', 'HOLD', 'HOLD', 'HOLD', 'HOLD', 'HOLD', 'HOLD', 'HOLD', 'HOLD', 'HOLD', 'HOLD', 'HOLD', 'HOLD', 'HOLD', 'HOLD', 'HOLD', 'HOLD', 'HOLD', 'HOLD', 'HOLD', 'HOLD', 'HOLD', 'HOLD', 'HOLD', 'HOLD', 'HOLD', 'HOLD', 'HOLD', 'ABORT', 'ABORT', 'ABORT', 'ABORT', 'ABORT', 'ABORT', 'ABORT', 'ABORT', 'ABORT', 'ABORT', 'ABORT', 'ABORT', 'ABORT', 'ABORT', 'ABORT', 'ABORT', 'ABORT']"
pedestrian_curb,clear,19,0.2034,-0.0,0.0,0.6421,0.5,0,0,"['CRUISE', 'CRUISE', 'CRUISE', 'CRUISE', 'CRUISE', 'CRUISE', 'CRUISE', 'CRUISE', 'CRUISE', 'PROBE', 'PROBE', 'PROBE', 'PROBE', 'PROBE', 'PROBE', 'PROBE', 'HOLD', 'HOLD', 'HOLD', 'HOLD', 'HOLD', 'HOLD', 'HOLD', 'HOLD', 'HOLD', 'HOLD', 'HOLD', 'HOLD', 'HOLD', 'HOLD', 'HOLD', 'HOLD', 'HOLD', 'HOLD', 'HOLD', 'HOLD', 'HOLD', 'HOLD', 'HOLD', 'HOLD', 'HOLD', 'HOLD', 'HOLD', 'HOLD', 'HOLD', 'HOLD', 'HOLD', 'HOLD', 'HOLD', 'HOLD', 'HOLD', 'HOLD', 'HOLD', 'HOLD', 'HOLD', 'HOLD', 'HOLD', 'HOLD', 'HOLD', 'HOLD', 'HOLD', 'HOLD', 'HOLD', 'HOLD', 'HOLD', 'HOLD', 'HOLD', 'HOLD', 'HOLD', 'HOLD', 'HOLD', 'HOLD', 'HOLD', 'HOLD', 'HOLD', 'HOLD', 'HOLD', 'HOLD', 'HOLD', 'HOLD', 'HOLD', 'HOLD', 'HOLD', 'HOLD', 'HOLD', 'HOLD', 'HOLD', 'HOLD', 'HOLD', 'HOLD', 'HOLD', 'HOLD', 'HOLD', 'HOLD', 'HOLD', 'HOLD', 'HOLD', 'HOLD', 'HOLD', 'HOLD', 'HOLD', 'HOLD', 'HOLD', 'HOLD', 'HOLD', 'HOLD', 'HOLD', 'HOLD', 'HOLD', 'HOLD', 'HOLD', 'HOLD', 'HOLD', 'ABORT', 'ABORT', 'ABORT', 'ABORT', 'ABORT', 'ABORT', 'ABORT', 'ABORT', 'ABORT', 'ABORT', 'ABORT', 'ABORT', 'ABORT', 'ABORT', 'ABORT', 'ABORT']"
pedestrian_curb,rain,0,0.2033,-0.0,0.0,0.6414,0.5,0,0,"['CRUISE', 'CRUISE', 'CRUISE', 'CRUISE', 'CRUISE', 'CRUISE', 'CRUISE', 'CRUISE', 'CRUISE', 'PROBE', 'PROBE', 'PROBE', 'PROBE', 'PROBE', 'PROBE', 'PROBE', 'HOLD', 'HOLD', 'HOLD', 'HOLD', 'HOLD', 'HOLD', 'HOLD', 'HOLD', 'HOLD', 'HOLD', 'HOLD', 'HOLD', 'HOLD', 'HOLD', 'HOLD', 'HOLD', 'HOLD', 'HOLD', 'HOLD', 'HOLD', 'HOLD', 'HOLD', 'HOLD', 'HOLD', 'HOLD', 'HOLD', 'HOLD', 'HOLD', 'HOLD', 'HOLD', 'HOLD', 'HOLD', 'HOLD', 'HOLD', 'HOLD', 'HOLD', 'HOLD', 'HOLD', 'HOLD', 'HOLD', 'HOLD', 'HOLD', 'HOLD', 'HOLD', 'HOLD', 'HOLD', 'HOLD', 'HOLD', 'HOLD', 'HOLD', 'HOLD', 'HOLD', 'HOLD', 'HOLD', 'HOLD', 'HOLD', 'HOLD', 'HOLD', 'HOLD', 'HOLD', 'HOLD', 'HOLD', 'HOLD', 'HOLD', 'HOLD', 'HOLD', 'HOLD', 'HOLD', 'HOLD', 'HOLD', 'HOLD', 'HOLD', 'HOLD', 'HOLD', 'HOLD', 'HOLD', 'HOLD', 'HOLD', 'HOLD', 'HOLD', 'HOLD', 'HOLD', 'HOLD', 'HOLD', 'HOLD', 'HOLD', 'HOLD', 'HOLD', 'HOLD', 'HOLD', 'HOLD', 'HOLD', 'HOLD', 'HOLD', 'HOLD', 'HOLD', 'HOLD', 'ABORT', 'ABORT', 'ABORT', 'ABORT', 'ABORT', 'ABORT', 'ABORT', 'ABORT', 'ABORT', 'ABORT', 'ABORT', 'ABORT', 'ABORT', 'ABORT', 'ABORT', 'ABORT']"
pedestrian_curb,rain,1,0.2034,-0.0,0.0,0.6419,0.5,0,0,"['CRUISE', 'CRUISE', 'CRUISE', 'CRUISE', 'CRUISE', 'CRUISE', 'CRUISE', 'CRUISE', 'PROBE', 'PROBE', 'PROBE', 'PROBE', 'PROBE', 'PROBE', 'PROBE', 'HOLD', 'HOLD', 'HOLD', 'HOLD', 'HOLD', 'HOLD', 'HOLD', 'HOLD', 'HOLD', 'HOLD', 'HOLD', 'HOLD', 'HOLD', 'HOLD', 'HOLD', 'HOLD', 'HOLD', 'HOLD', 'HOLD', 'HOLD', 'HOLD', 'HOLD', 'HOLD', 'HOLD', 'HOLD', 'HOLD', 'HOLD', 'HOLD', 'HOLD', 'HOLD', 'HOLD', 'HOLD', 'HOLD', 'HOLD', 'HOLD', 'HOLD', 'HOLD', 'HOLD', 'HOLD', 'HOLD', 'HOLD', 'HOLD', 'HOLD', 'HOLD', 'HOLD', 'HOLD', 'HOLD', 'HOLD', 'HOLD', 'HOLD', 'HOLD', 'HOLD', 'HOLD', 'HOLD', 'HOLD', 'HOLD', 'HOLD', 'HOLD', 'HOLD', 'HOLD', 'HOLD', 'HOLD', 'HOLD', 'HOLD', 'HOLD', 'HOLD', 'HOLD', 'HOLD', 'HOLD', 'HOLD', 'HOLD', 'HOLD', 'HOLD', 'HOLD', 'HOLD', 'HOLD', 'HOLD', 'HOLD', 'HOLD', 'HOLD', 'HOLD', 'HOLD', 'HOLD', 'HOLD', 'HOLD', 'HOLD', 'HOLD', 'HOLD', 'HOLD', 'HOLD', 'HOLD', 'HOLD', 'HOLD', 'HOLD', 'HOLD', 'HOLD', 'HOLD', 'ABORT', 'ABORT', 'ABORT', 'ABORT', 'ABORT', 'ABORT', 'ABORT', 'ABORT', 'ABORT', 'ABORT', 'ABORT', 'ABORT', 'ABORT', 'ABORT', 'ABORT', 'ABORT']"
pedestrian_curb,rain,2,0.2031,-0.0002,0.0,0.6411,0.5,0,0,"['CRUISE', 'CRUISE', 'CRUISE', 'CRUISE', 'CRUISE', 'CRUISE', 'CRUISE', 'CRUISE', 'PROBE', 'PROBE', 'PROBE', 'PROBE', 'PROBE', 'PROBE', 'PROBE', 'HOLD', 'HOLD', 'HOLD', 'HOLD', 'HOLD', 'HOLD', 'HOLD', 'HOLD', 'HOLD', 'HOLD', 'HOLD', 'HOLD', 'HOLD', 'HOLD', 'HOLD', 'HOLD', 'HOLD', 'HOLD', 'HOLD', 'HOLD', 'HOLD', 'HOLD', 'HOLD', 'HOLD', 'HOLD', 'HOLD', 'HOLD', 'HOLD', 'HOLD', 'HOLD', 'HOLD', 'HOLD', 'HOLD', 'HOLD', 'HOLD', 'HOLD', 'HOLD', 'HOLD', 'HOLD', 'HOLD', 'HOLD', 'HOLD', 'HOLD', 'HOLD', 'HOLD', 'HOLD', 'HOLD', 'HOLD', 'HOLD', 'HOLD', 'HOLD', 'HOLD', 'HOLD', 'HOLD', 'HOLD', 'HOLD', 'HOLD', 'HOLD', 'HOLD', 'HOLD', 'HOLD', 'HOLD', 'HOLD', 'HOLD', 'HOLD', 'HOLD', 'HOLD', 'HOLD', 'HOLD', 'HOLD', 'HOLD', 'HOLD', 'HOLD', 'HOLD', 'HOLD', 'HOLD', 'HOLD', 'HOLD', 'HOLD', 'HOLD', 'HOLD', 'HOLD', 'HOLD', 'HOLD', 'HOLD', 'HOLD', 'HOLD', 'HOLD', 'HOLD', 'HOLD', 'HOLD', 'HOLD', 'HOLD', 'HOLD', 'HOLD', 'HOLD', 'ABORT', 'ABORT', 'ABORT', 'ABORT', 'ABORT', 'ABORT', 'ABORT', 'ABORT', 'ABORT', 'ABORT', 'ABORT', 'ABORT', 'ABORT', 'ABORT', 'ABORT', 'ABORT', 'ABORT']"
pedestrian_curb,rain,3,0.2034,-0.0,0.0,0.6421,0.5,0,0,"['CRUISE', 'CRUISE', 'CRUISE', 'CRUISE', 'CRUISE', 'CRUISE', 'CRUISE', 'CRUISE', 'PROBE', 'PROBE', 'PROBE', 'PROBE', 'PROBE', 'PROBE', 'PROBE', 'HOLD', 'HOLD', 'HOLD', 'HOLD', 'HOLD', 'HOLD', 'HOLD', 'HOLD', 'HOLD', 'HOLD', 'HOLD', 'HOLD', 'HOLD', 'HOLD', 'HOLD', 'HOLD', 'HOLD', 'HOLD', 'HOLD', 'HOLD', 'HOLD', 'HOLD', 'HOLD', 'HOLD', 'HOLD', 'HOLD', 'HOLD', 'HOLD', 'HOLD', 'HOLD', 'HOLD', 'HOLD', 'HOLD', 'HOLD', 'HOLD', 'HOLD', 'HOLD', 'HOLD', 'HOLD', 'HOLD', 'HOLD', 'HOLD', 'HOLD', 'HOLD', 'HOLD', 'HOLD', 'HOLD', 'HOLD', 'HOLD', 'HOLD', 'HOLD', 'HOLD', 'HOLD', 'HOLD', 'HOLD', 'HOLD', 'HOLD', 'HOLD', 'HOLD', 'HOLD', 'HOLD', 'HOLD', 'HOLD', 'HOLD', 'HOLD', 'HOLD', 'HOLD', 'HOLD', 'HOLD', 'HOLD', 'HOLD', 'HOLD', 'HOLD', 'HOLD', 'HOLD', 'HOLD', 'HOLD', 'HOLD', 'HOLD', 'HOLD', 'HOLD', 'HOLD', 'HOLD', 'HOLD', 'HOLD', 'HOLD', 'HOLD', 'HOLD', 'HOLD', 'HOLD', 'HOLD', 'HOLD', 'HOLD', 'HOLD', 'HOLD', 'HOLD', 'HOLD', 'ABORT', 'ABORT', 'ABORT', 'ABORT', 'ABORT', 'ABORT', 'ABORT', 'ABORT', 'ABORT', 'ABORT', 'ABORT', 'ABORT', 'ABORT', 'ABORT', 'ABORT', 'ABORT', 'ABORT']"
pedestrian_curb,rain,4,0.2034,-0.0,0.0,0.6419,0.5,0,0,"['CRUISE', 'CRUISE', 'CRUISE', 'CRUISE', 'CRUISE', 'CRUISE', 'CRUISE', 'CRUISE', 'CRUISE', 'PROBE', 'PROBE', 'PROBE', 'PROBE', 'PROBE', 'PROBE', 'PROBE', 'HOLD', 'HOLD', 'HOLD', 'HOLD', 'HOLD', 'HOLD', 'HOLD', 'HOLD', 'HOLD', 'HOLD', 'HOLD', 'HOLD', 'HOLD', 'HOLD', 'HOLD', 'HOLD', 'HOLD', 'HOLD', 'HOLD', 'HOLD', 'HOLD', 'HOLD', 'HOLD', 'HOLD', 'HOLD', 'HOLD', 'HOLD', 'HOLD', 'HOLD', 'HOLD', 'HOLD', 'HOLD', 'HOLD', 'HOLD', 'HOLD', 'HOLD', 'HOLD', 'HOLD', 'HOLD', 'HOLD', 'HOLD', 'HOLD', 'HOLD', 'HOLD', 'HOLD', 'HOLD', 'HOLD', 'HOLD', 'HOLD', 'HOLD', 'HOLD', 'HOLD', 'HOLD', 'HOLD', 'HOLD', 'HOLD', 'HOLD', 'HOLD', 'HOLD', 'HOLD', 'HOLD', 'HOLD', 'HOLD', 'HOLD', 'HOLD', 'HOLD', 'HOLD', 'HOLD', 'HOLD', 'HOLD', 'HOLD', 'HOLD', 'HOLD', 'HOLD', 'HOLD', 'HOLD', 'HOLD', 'HOLD', 'HOLD', 'HOLD', 'HOLD', 'HOLD', 'HOLD', 'HOLD', 'HOLD', 'HOLD', 'HOLD', 'HOLD', 'HOLD', 'HOLD', 'HOLD', 'HOLD', 'HOLD', 'HOLD', 'HOLD', 'HOLD', 'HOLD', 'ABORT', 'ABORT', 'ABORT', 'ABORT', 'ABORT', 'ABORT', 'ABORT', 'ABORT', 'ABORT', 'ABORT', 'ABORT', 'ABORT', 'ABORT', 'ABORT', 'ABORT', 'ABORT']"
pedestrian_curb,rain,5,0.2035,-0.0,0.0,0.6423,0.5,0,0,"['CRUISE', 'CRUISE', 'CRUISE', 'CRUISE', 'CRUISE', 'CRUISE', 'CRUISE', 'CRUISE', 'CRUISE', 'PROBE', 'PROBE', 'PROBE', 'PROBE', 'PROBE', 'PROBE', 'PROBE', 'HOLD', 'HOLD', 'HOLD', 'HOLD', 'HOLD', 'HOLD', 'HOLD', 'HOLD', 'HOLD', 'HOLD', 'HOLD', 'HOLD', 'HOLD', 'HOLD', 'HOLD', 'HOLD', 'HOLD', 'HOLD', 'HOLD', 'HOLD', 'HOLD', 'HOLD', 'HOLD', 'HOLD', 'HOLD', 'HOLD', 'HOLD', 'HOLD', 'HOLD', 'HOLD', 'HOLD', 'HOLD', 'HOLD', 'HOLD', 'HOLD', 'HOLD', 'HOLD', 'HOLD', 'HOLD', 'HOLD', 'HOLD', 'HOLD', 'HOLD', 'HOLD', 'HOLD', 'HOLD', 'HOLD', 'HOLD', 'HOLD', 'HOLD', 'HOLD', 'HOLD', 'HOLD', 'HOLD', 'HOLD', 'HOLD', 'HOLD', 'HOLD', 'HOLD', 'HOLD', 'HOLD', 'HOLD', 'HOLD', 'HOLD', 'HOLD', 'HOLD', 'HOLD', 'HOLD', 'HOLD', 'HOLD', 'HOLD', 'HOLD', 'HOLD', 'HOLD', 'HOLD', 'HOLD', 'HOLD', 'HOLD', 'HOLD', 'HOLD', 'HOLD', 'HOLD', 'HOLD', 'HOLD', 'HOLD', 'HOLD', 'HOLD', 'HOLD', 'HOLD', 'HOLD', 'HOLD', 'HOLD', 'HOLD', 'HOLD', 'HOLD', 'HOLD', 'ABORT', 'ABORT', 'ABORT', 'ABORT', 'ABORT', 'ABORT', 'ABORT', 'ABORT', 'ABORT', 'ABORT', 'ABORT', 'ABORT', 'ABORT', 'ABORT', 'ABORT', 'ABORT']"
pedestrian_curb,rain,6,0.2034,-0.0,0.0,0.6419,0.5,0,0,"['CRUISE', 'CRUISE', 'CRUISE', 'CRUISE', 'CRUISE', 'CRUISE', 'CRUISE', 'CRUISE', 'CRUISE', 'PROBE', 'PROBE', 'PROBE', 'PROBE', 'PROBE', 'PROBE', 'PROBE', 'HOLD', 'HOLD', 'HOLD', 'HOLD', 'HOLD', 'HOLD', 'HOLD', 'HOLD', 'HOLD', 'HOLD', 'HOLD', 'HOLD', 'HOLD', 'HOLD', 'HOLD', 'HOLD', 'HOLD', 'HOLD', 'HOLD', 'HOLD', 'HOLD', 'HOLD', 'HOLD', 'HOLD', 'HOLD', 'HOLD', 'HOLD', 'HOLD', 'HOLD', 'HOLD', 'HOLD', 'HOLD', 'HOLD', 'HOLD', 'HOLD', 'HOLD', 'HOLD', 'HOLD', 'HOLD', 'HOLD', 'HOLD', 'HOLD', 'HOLD', 'HOLD', 'HOLD', 'HOLD', 'HOLD', 'HOLD', 'HOLD', 'HOLD', 'HOLD', 'HOLD', 'HOLD', 'HOLD', 'HOLD', 'HOLD', 'HOLD', 'HOLD', 'HOLD', 'HOLD', 'HOLD', 'HOLD', 'HOLD', 'HOLD', 'HOLD', 'HOLD', 'HOLD', 'HOLD', 'HOLD', 'HOLD', 'HOLD', 'HOLD', 'HOLD', 'HOLD', 'HOLD', 'HOLD', 'HOLD', 'HOLD', 'HOLD', 'HOLD', 'HOLD', 'HOLD', 'HOLD', 'HOLD', 'HOLD', 'HOLD', 'HOLD', 'HOLD', 'HOLD', 'HOLD', 'HOLD', 'HOLD', 'HOLD', 'HOLD', 'HOLD', 'HOLD', 'ABORT', 'ABORT', 'ABORT', 'ABORT', 'ABORT', 'ABORT', 'ABORT', 'ABORT', 'ABORT', 'ABORT', 'ABORT', 'ABORT', 'ABORT', 'ABORT', 'ABORT', 'ABORT']"
pedestrian_curb,rain,7,0.2032,-0.0,0.0,0.6409,0.5,0,0,"['CRUISE', 'CRUISE', 'CRUISE', 'CRUISE', 'CRUISE', 'CRUISE', 'CRUISE', 'CRUISE', 'PROBE', 'PROBE', 'PROBE', 'PROBE', 'PROBE', 'PROBE', 'PROBE', 'HOLD', 'HOLD', 'HOLD', 'HOLD', 'HOLD', 'HOLD', 'HOLD', 'HOLD', 'HOLD', 'HOLD', 'HOLD', 'HOLD', 'HOLD', 'HOLD', 'HOLD', 'HOLD', 'HOLD', 'HOLD', 'HOLD', 'HOLD', 'HOLD', 'HOLD', 'HOLD', 'HOLD', 'HOLD', 'HOLD', 'HOLD', 'HOLD', 'HOLD', 'HOLD', 'HOLD', 'HOLD', 'HOLD', 'HOLD', 'HOLD', 'HOLD', 'HOLD', 'HOLD', 'HOLD', 'HOLD', 'HOLD', 'HOLD', 'HOLD', 'HOLD', 'HOLD', 'HOLD', 'HOLD', 'HOLD', 'HOLD', 'HOLD', 'HOLD', 'HOLD', 'HOLD', 'HOLD', 'HOLD', 'HOLD', 'HOLD', 'HOLD', 'HOLD', 'HOLD', 'HOLD', 'HOLD', 'HOLD', 'HOLD', 'HOLD', 'HOLD', 'HOLD', 'HOLD', 'HOLD', 'HOLD', 'HOLD', 'HOLD', 'HOLD', 'HOLD', 'HOLD', 'HOLD', 'HOLD', 'HOLD', 'HOLD', 'HOLD', 'HOLD', 'HOLD', 'HOLD', 'HOLD', 'HOLD', 'HOLD', 'HOLD', 'HOLD', 'HOLD', 'HOLD', 'HOLD', 'HOLD', 'HOLD', 'HOLD', 'HOLD', 'HOLD', 'HOLD', 'ABORT', 'ABORT', 'ABORT', 'ABORT', 'ABORT', 'ABORT', 'ABORT', 'ABORT', 'ABORT', 'ABORT', 'ABORT', 'ABORT', 'ABORT', 'ABORT', 'ABORT', 'ABORT', 'ABORT']"
pedestrian_curb,rain,8,0.2035,0.0,0.0,0.6425,0.5,0,0,"['CRUISE', 'CRUISE', 'CRUISE', 'CRUISE', 'CRUISE', 'CRUISE', 'CRUISE', 'CRUISE', 'CRUISE', 'PROBE', 'PROBE', 'PROBE', 'PROBE', 'PROBE', 'PROBE', 'PROBE', 'HOLD', 'HOLD', 'HOLD', 'HOLD', 'HOLD', 'HOLD', 'HOLD', 'HOLD', 'HOLD', 'HOLD', 'HOLD', 'HOLD', 'HOLD', 'HOLD', 'HOLD', 'HOLD', 'HOLD', 'HOLD', 'HOLD', 'HOLD', 'HOLD', 'HOLD', 'HOLD', 'HOLD', 'HOLD', 'HOLD', 'HOLD', 'HOLD', 'HOLD', 'HOLD', 'HOLD', 'HOLD', 'HOLD', 'HOLD', 'HOLD', 'HOLD', 'HOLD', 'HOLD', 'HOLD', 'HOLD', 'HOLD', 'HOLD', 'HOLD', 'HOLD', 'HOLD', 'HOLD', 'HOLD', 'HOLD', 'HOLD', 'HOLD', 'HOLD', 'HOLD', 'HOLD', 'HOLD', 'HOLD', 'HOLD', 'HOLD', 'HOLD', 'HOLD', 'HOLD', 'HOLD', 'HOLD', 'HOLD', 'HOLD', 'HOLD', 'HOLD', 'HOLD', 'HOLD', 'HOLD', 'HOLD', 'HOLD', 'HOLD', 'HOLD', 'HOLD', 'HOLD', 'HOLD', 'HOLD', 'HOLD', 'HOLD', 'HOLD', 'HOLD', 'HOLD', 'HOLD', 'HOLD', 'HOLD', 'HOLD', 'HOLD', 'HOLD', 'HOLD', 'HOLD', 'HOLD', 'HOLD', 'HOLD', 'HOLD', 'HOLD', 'HOLD', 'HOLD', 'ABORT', 'ABORT', 'ABORT', 'ABORT', 'ABORT', 'ABORT', 'ABORT', 'ABORT', 'ABORT', 'ABORT', 'ABORT', 'ABORT', 'ABORT', 'ABORT', 'ABORT', 'ABORT']"
pedestrian_curb,rain,9,0.2033,-0.0,0.0,0.6416,0.5,0,0,"['CRUISE', 'CRUISE', 'CRUISE', 'CRUISE', 'CRUISE', 'CRUISE', 'CRUISE', 'CRUISE', 'PROBE', 'PROBE', 'PROBE', 'PROBE', 'PROBE', 'PROBE', 'PROBE', 'HOLD', 'HOLD', 'HOLD', 'HOLD', 'HOLD', 'HOLD', 'HOLD', 'HOLD', 'HOLD', 'HOLD', 'HOLD', 'HOLD', 'HOLD', 'HOLD', 'HOLD', 'HOLD', 'HOLD', 'HOLD', 'HOLD', 'HOLD', 'HOLD', 'HOLD', 'HOLD', 'HOLD', 'HOLD', 'HOLD', 'HOLD', 'HOLD', 'HOLD', 'HOLD', 'HOLD', 'HOLD', 'HOLD', 'HOLD', 'HOLD', 'HOLD', 'HOLD', 'HOLD', 'HOLD', 'HOLD', 'HOLD', 'HOLD', 'HOLD', 'HOLD', 'HOLD', 'HOLD', 'HOLD', 'HOLD', 'HOLD', 'HOLD', 'HOLD', 'HOLD', 'HOLD', 'HOLD', 'HOLD', 'HOLD', 'HOLD', 'HOLD', 'HOLD', 'HOLD', 'HOLD', 'HOLD', 'HOLD', 'HOLD', 'HOLD', 'HOLD', 'HOLD', 'HOLD', 'HOLD', 'HOLD', 'HOLD', 'HOLD', 'HOLD', 'HOLD', 'HOLD', 'HOLD', 'HOLD', 'HOLD', 'HOLD', 'HOLD', 'HOLD', 'HOLD', 'HOLD', 'HOLD', 'HOLD', 'HOLD', 'HOLD', 'HOLD', 'HOLD', 'HOLD', 'HOLD', 'HOLD', 'HOLD', 'HOLD', 'HOLD', 'HOLD', 'HOLD', 'ABORT', 'ABORT', 'ABORT', 'ABORT', 'ABORT', 'ABORT', 'ABORT', 'ABORT', 'ABORT', 'ABORT', 'ABORT', 'ABORT', 'ABORT', 'ABORT', 'ABORT', 'ABORT', 'ABORT']"
pedestrian_curb,rain,10,0.2034,-0.0,0.0,0.6419,0.5,0,0,"['CRUISE', 'CRUISE', 'CRUISE', 'CRUISE', 'CRUISE', 'CRUISE', 'CRUISE', 'CRUISE', 'CRUISE', 'PROBE', 'PROBE', 'PROBE', 'PROBE', 'PROBE', 'PROBE', 'PROBE', 'HOLD', 'HOLD', 'HOLD', 'HOLD', 'HOLD', 'HOLD', 'HOLD', 'HOLD', 'HOLD', 'HOLD', 'HOLD', 'HOLD', 'HOLD', 'HOLD', 'HOLD', 'HOLD', 'HOLD', 'HOLD', 'HOLD', 'HOLD', 'HOLD', 'HOLD', 'HOLD', 'HOLD', 'HOLD', 'HOLD', 'HOLD', 'HOLD', 'HOLD', 'HOLD', 'HOLD', 'HOLD', 'HOLD', 'HOLD', 'HOLD', 'HOLD', 'HOLD', 'HOLD', 'HOLD', 'HOLD', 'HOLD', 'HOLD', 'HOLD', 'HOLD', 'HOLD', 'HOLD', 'HOLD', 'HOLD', 'HOLD', 'HOLD', 'HOLD', 'HOLD', 'HOLD', 'HOLD', 'HOLD', 'HOLD', 'HOLD', 'HOLD', 'HOLD', 'HOLD', 'HOLD', 'HOLD', 'HOLD', 'HOLD', 'HOLD', 'HOLD', 'HOLD', 'HOLD', 'HOLD', 'HOLD', 'HOLD', 'HOLD', 'HOLD', 'HOLD', 'HOLD', 'HOLD', 'HOLD', 'HOLD', 'HOLD', 'HOLD', 'HOLD', 'HOLD', 'HOLD', 'HOLD', 'HOLD', 'HOLD', 'HOLD', 'HOLD', 'HOLD', 'HOLD', 'HOLD', 'HOLD', 'HOLD', 'HOLD', 'HOLD', 'HOLD', 'ABORT', 'ABORT', 'ABORT', 'ABORT', 'ABORT', 'ABORT', 'ABORT', 'ABORT', 'ABORT', 'ABORT', 'ABORT', 'ABORT', 'ABORT', 'ABORT', 'ABORT', 'ABORT']"
pedestrian_curb,rain,11,0.2033,-0.0,0.0,0.6415,0.5,0,0,"['CRUISE', 'CRUISE', 'CRUISE', 'CRUISE', 'CRUISE', 'CRUISE', 'CRUISE', 'CRUISE', 'PROBE', 'PROBE', 'PROBE', 'PROBE', 'PROBE', 'PROBE', 'PROBE', 'HOLD', 'HOLD', 'HOLD', 'HOLD', 'HOLD', 'HOLD', 'HOLD', 'HOLD', 'HOLD', 'HOLD', 'HOLD', 'HOLD', 'HOLD', 'HOLD', 'HOLD', 'HOLD', 'HOLD', 'HOLD', 'HOLD', 'HOLD', 'HOLD', 'HOLD', 'HOLD', 'HOLD', 'HOLD', 'HOLD', 'HOLD', 'HOLD', 'HOLD', 'HOLD', 'HOLD', 'HOLD', 'HOLD', 'HOLD', 'HOLD', 'HOLD', 'HOLD', 'HOLD', 'HOLD', 'HOLD', 'HOLD', 'HOLD', 'HOLD', 'HOLD', 'HOLD', 'HOLD', 'HOLD', 'HOLD', 'HOLD', 'HOLD', 'HOLD', 'HOLD', 'HOLD', 'HOLD', 'HOLD', 'HOLD', 'HOLD', 'HOLD', 'HOLD', 'HOLD', 'HOLD', 'HOLD', 'HOLD', 'HOLD', 'HOLD', 'HOLD', 'HOLD', 'HOLD', 'HOLD', 'HOLD', 'HOLD', 'HOLD', 'HOLD', 'HOLD', 'HOLD', 'HOLD', 'HOLD', 'HOLD', 'HOLD', 'HOLD', 'HOLD', 'HOLD', 'HOLD', 'HOLD', 'HOLD', 'HOLD', 'HOLD', 'HOLD', 'HOLD', 'HOLD', 'HOLD', 'HOLD', 'HOLD', 'HOLD', 'HOLD', 'HOLD', 'HOLD', 'ABORT', 'ABORT', 'ABORT', 'ABORT', 'ABORT', 'ABORT', 'ABORT', 'ABORT', 'ABORT', 'ABORT', 'ABORT', 'ABORT', 'ABORT', 'ABORT', 'ABORT', 'ABORT', 'ABORT']"
pedestrian_curb,rain,12,0.2034,0.0,0.0,0.6418,0.5,0,0,"['CRUISE', 'CRUISE', 'CRUISE', 'CRUISE', 'CRUISE', 'CRUISE', 'CRUISE', 'CRUISE', 'PROBE', 'PROBE', 'PROBE', 'PROBE', 'PROBE', 'PROBE', 'PROBE', 'HOLD', 'HOLD', 'HOLD', 'HOLD', 'HOLD', 'HOLD', 'HOLD', 'HOLD', 'HOLD', 'HOLD', 'HOLD', 'HOLD', 'HOLD', 'HOLD', 'HOLD', 'HOLD', 'HOLD', 'HOLD', 'HOLD', 'HOLD', 'HOLD', 'HOLD', 'HOLD', 'HOLD', 'HOLD', 'HOLD', 'HOLD', 'HOLD', 'HOLD', 'HOLD', 'HOLD', 'HOLD', 'HOLD', 'HOLD', 'HOLD', 'HOLD', 'HOLD', 'HOLD', 'HOLD', 'HOLD', 'HOLD', 'HOLD', 'HOLD', 'HOLD', 'HOLD', 'HOLD', 'HOLD', 'HOLD', 'HOLD', 'HOLD', 'HOLD', 'HOLD', 'HOLD', 'HOLD', 'HOLD', 'HOLD', 'HOLD', 'HOLD', 'HOLD', 'HOLD', 'HOLD', 'HOLD', 'HOLD', 'HOLD', 'HOLD', 'HOLD', 'HOLD', 'HOLD', 'HOLD', 'HOLD', 'HOLD', 'HOLD', 'HOLD', 'HOLD', 'HOLD', 'HOLD', 'HOLD', 'HOLD', 'HOLD', 'HOLD', 'HOLD', 'HOLD', 'HOLD', 'HOLD', 'HOLD', 'HOLD', 'HOLD', 'HOLD', 'HOLD', 'HOLD', 'HOLD', 'HOLD', 'HOLD', 'HOLD', 'HOLD', 'HOLD', 'HOLD', 'ABORT', 'ABORT', 'ABORT', 'ABORT', 'ABORT', 'ABORT', 'ABORT', 'ABORT', 'ABORT', 'ABORT', 'ABORT', 'ABORT', 'ABORT', 'ABORT', 'ABORT', 'ABORT', 'ABORT']"
pedestrian_curb,rain,13,0.2032,-0.0002,0.0,0.6414,0.5,0,0,"['CRUISE', 'CRUISE', 'CRUISE', 'CRUISE', 'CRUISE', 'CRUISE', 'CRUISE', 'CRUISE', 'CRUISE', 'PROBE', 'PROBE', 'PROBE', 'PROBE', 'PROBE', 'PROBE', 'PROBE', 'HOLD', 'HOLD', 'HOLD', 'HOLD', 'HOLD', 'HOLD', 'HOLD', 'HOLD', 'HOLD', 'HOLD', 'HOLD', 'HOLD', 'HOLD', 'HOLD', 'HOLD', 'HOLD', 'HOLD', 'HOLD', 'HOLD', 'HOLD', 'HOLD', 'HOLD', 'HOLD', 'HOLD', 'HOLD', 'HOLD', 'HOLD', 'HOLD', 'HOLD', 'HOLD', 'HOLD', 'HOLD', 'HOLD', 'HOLD', 'HOLD', 'HOLD', 'HOLD', 'HOLD', 'HOLD', 'HOLD', 'HOLD', 'HOLD', 'HOLD', 'HOLD', 'HOLD', 'HOLD', 'HOLD', 'HOLD', 'HOLD', 'HOLD', 'HOLD', 'HOLD', 'HOLD', 'HOLD', 'HOLD', 'HOLD', 'HOLD', 'HOLD', 'HOLD', 'HOLD', 'HOLD', 'HOLD', 'HOLD', 'HOLD', 'HOLD', 'HOLD', 'HOLD', 'HOLD', 'HOLD', 'HOLD', 'HOLD', 'HOLD', 'HOLD', 'HOLD', 'HOLD', 'HOLD', 'HOLD', 'HOLD', 'HOLD', 'HOLD', 'HOLD', 'HOLD', 'HOLD', 'HOLD', 'HOLD', 'HOLD', 'HOLD', 'HOLD', 'HOLD', 'HOLD', 'HOLD', 'HOLD', 'HOLD', 'HOLD', 'HOLD', 'HOLD', 'HOLD', 'ABORT', 'ABORT', 'ABORT', 'ABORT', 'ABORT', 'ABORT', 'ABORT', 'ABORT', 'ABORT', 'ABORT', 'ABORT', 'ABORT', 'ABORT', 'ABORT', 'ABORT', 'ABORT']"
pedestrian_curb,rain,14,0.2034,-0.0,0.0,0.6418,0.5,0,0,"['CRUISE', 'CRUISE', 'CRUISE', 'CRUISE', 'CRUISE', 'CRUISE', 'CRUISE', 'CRUISE', 'PROBE', 'PROBE', 'PROBE', 'PROBE', 'PROBE', 'PROBE', 'PROBE', 'HOLD', 'HOLD', 'HOLD', 'HOLD', 'HOLD', 'HOLD', 'HOLD', 'HOLD', 'HOLD', 'HOLD', 'HOLD', 'HOLD', 'HOLD', 'HOLD', 'HOLD', 'HOLD', 'HOLD', 'HOLD', 'HOLD', 'HOLD', 'HOLD', 'HOLD', 'HOLD', 'HOLD', 'HOLD', 'HOLD', 'HOLD', 'HOLD', 'HOLD', 'HOLD', 'HOLD', 'HOLD', 'HOLD', 'HOLD', 'HOLD', 'HOLD', 'HOLD', 'HOLD', 'HOLD', 'HOLD', 'HOLD', 'HOLD', 'HOLD', 'HOLD', 'HOLD', 'HOLD', 'HOLD', 'HOLD', 'HOLD', 'HOLD', 'HOLD', 'HOLD', 'HOLD', 'HOLD', 'HOLD', 'HOLD', 'HOLD', 'HOLD', 'HOLD', 'HOLD', 'HOLD', 'HOLD', 'HOLD', 'HOLD', 'HOLD', 'HOLD', 'HOLD', 'HOLD', 'HOLD', 'HOLD', 'HOLD', 'HOLD', 'HOLD', 'HOLD', 'HOLD', 'HOLD', 'HOLD', 'HOLD', 'HOLD', 'HOLD', 'HOLD', 'HOLD', 'HOLD', 'HOLD', 'HOLD', 'HOLD', 'HOLD', 'HOLD', 'HOLD', 'HOLD', 'HOLD', 'HOLD', 'HOLD', 'HOLD', 'HOLD', 'HOLD', 'HOLD', 'ABORT', 'ABORT', 'ABORT', 'ABORT', 'ABORT', 'ABORT', 'ABORT', 'ABORT', 'ABORT', 'ABORT', 'ABORT', 'ABORT', 'ABORT', 'ABORT', 'ABORT', 'ABORT', 'ABORT']"
pedestrian_curb,rain,15,0.2029,-0.0009,0.0,0.6414,0.5,0,0,"['CRUISE', 'CRUISE', 'CRUISE', 'CRUISE', 'CRUISE', 'CRUISE', 'CRUISE', 'CRUISE', 'CRUISE', 'PROBE', 'PROBE', 'PROBE', 'PROBE', 'PROBE', 'PROBE', 'PROBE', 'HOLD', 'HOLD', 'HOLD', 'HOLD', 'HOLD', 'HOLD', 'HOLD', 'HOLD', 'HOLD', 'HOLD', 'HOLD', 'HOLD', 'HOLD', 'HOLD', 'HOLD', 'HOLD', 'HOLD', 'HOLD', 'HOLD', 'HOLD', 'HOLD', 'HOLD', 'HOLD', 'HOLD', 'HOLD', 'HOLD', 'HOLD', 'HOLD', 'HOLD', 'HOLD', 'HOLD', 'HOLD', 'HOLD', 'HOLD', 'HOLD', 'HOLD', 'HOLD', 'HOLD', 'HOLD', 'HOLD', 'HOLD', 'HOLD', 'HOLD', 'HOLD', 'HOLD', 'HOLD', 'HOLD', 'HOLD', 'HOLD', 'HOLD', 'HOLD', 'HOLD', 'HOLD', 'HOLD', 'HOLD', 'HOLD', 'HOLD', 'HOLD', 'HOLD', 'HOLD', 'HOLD', 'HOLD', 'HOLD', 'HOLD', 'HOLD', 'HOLD', 'HOLD', 'HOLD', 'HOLD', 'HOLD', 'HOLD', 'HOLD', 'HOLD', 'HOLD', 'HOLD', 'HOLD', 'HOLD', 'HOLD', 'HOLD', 'HOLD', 'HOLD', 'HOLD', 'HOLD', 'HOLD', 'HOLD', 'HOLD', 'HOLD', 'HOLD', 'HOLD', 'HOLD', 'HOLD', 'HOLD', 'HOLD', 'HOLD', 'HOLD', 'HOLD', 'ABORT', 'ABORT', 'ABORT', 'ABORT', 'ABORT', 'ABORT', 'ABORT', 'ABORT', 'ABORT', 'ABORT', 'ABORT', 'ABORT', 'ABORT', 'ABORT', 'ABORT', 'ABORT']"
pedestrian_curb,rain,16,0.2034,-0.0,0.0,0.642,0.5,0,0,"['CRUISE', 'CRUISE', 'CRUISE', 'CRUISE', 'CRUISE', 'CRUISE', 'CRUISE', 'CRUISE', 'CRUISE', 'PROBE', 'PROBE', 'PROBE', 'PROBE', 'PROBE', 'PROBE', 'PROBE', 'HOLD', 'HOLD', 'HOLD', 'HOLD', 'HOLD', 'HOLD', 'HOLD', 'HOLD', 'HOLD', 'HOLD', 'HOLD', 'HOLD', 'HOLD', 'HOLD', 'HOLD', 'HOLD', 'HOLD', 'HOLD', 'HOLD', 'HOLD', 'HOLD', 'HOLD', 'HOLD', 'HOLD', 'HOLD', 'HOLD', 'HOLD', 'HOLD', 'HOLD', 'HOLD', 'HOLD', 'HOLD', 'HOLD', 'HOLD', 'HOLD', 'HOLD', 'HOLD', 'HOLD', 'HOLD', 'HOLD', 'HOLD', 'HOLD', 'HOLD', 'HOLD', 'HOLD', 'HOLD', 'HOLD', 'HOLD', 'HOLD', 'HOLD', 'HOLD', 'HOLD', 'HOLD', 'HOLD', 'HOLD', 'HOLD', 'HOLD', 'HOLD', 'HOLD', 'HOLD', 'HOLD', 'HOLD', 'HOLD', 'HOLD', 'HOLD', 'HOLD', 'HOLD', 'HOLD', 'HOLD', 'HOLD', 'HOLD', 'HOLD', 'HOLD', 'HOLD', 'HOLD', 'HOLD', 'HOLD', 'HOLD', 'HOLD', 'HOLD', 'HOLD', 'HOLD', 'HOLD', 'HOLD', 'HOLD', 'HOLD', 'HOLD', 'HOLD', 'HOLD', 'HOLD', 'HOLD', 'HOLD', 'HOLD', 'HOLD', 'HOLD', 'HOLD', 'ABORT', 'ABORT', 'ABORT', 'ABORT', 'ABORT', 'ABORT', 'ABORT', 'ABORT', 'ABORT', 'ABORT', 'ABORT', 'ABORT', 'ABORT', 'ABORT', 'ABORT', 'ABORT']"
pedestrian_curb,rain,17,0.2034,-0.0,0.0,0.6422,0.5,0,0,"['CRUISE', 'CRUISE', 'CRUISE', 'CRUISE', 'CRUISE', 'CRUISE', 'CRUISE', 'CRUISE', 'PROBE', 'PROBE', 'PROBE', 'PROBE', 'PROBE', 'PROBE', 'PROBE', 'HOLD', 'HOLD', 'HOLD', 'HOLD', 'HOLD', 'HOLD', 'HOLD', 'HOLD', 'HOLD', 'HOLD', 'HOLD', 'HOLD', 'HOLD', 'HOLD', 'HOLD', 'HOLD', 'HOLD', 'HOLD', 'HOLD', 'HOLD', 'HOLD', 'HOLD', 'HOLD', 'HOLD', 'HOLD', 'HOLD', 'HOLD', 'HOLD', 'HOLD', 'HOLD', 'HOLD', 'HOLD', 'HOLD', 'HOLD', 'HOLD', 'HOLD', 'HOLD', 'HOLD', 'HOLD', 'HOLD', 'HOLD', 'HOLD', 'HOLD', 'HOLD', 'HOLD', 'HOLD', 'HOLD', 'HOLD', 'HOLD', 'HOLD', 'HOLD', 'HOLD', 'HOLD', 'HOLD', 'HOLD', 'HOLD', 'HOLD', 'HOLD', 'HOLD', 'HOLD', 'HOLD', 'HOLD', 'HOLD', 'HOLD', 'HOLD', 'HOLD', 'HOLD', 'HOLD', 'HOLD', 'HOLD', 'HOLD', 'HOLD', 'HOLD', 'HOLD', 'HOLD', 'HOLD', 'HOLD', 'HOLD', 'HOLD', 'HOLD', 'HOLD', 'HOLD', 'HOLD', 'HOLD', 'HOLD', 'HOLD', 'HOLD', 'HOLD', 'HOLD', 'HOLD', 'HOLD', 'HOLD', 'HOLD', 'HOLD', 'HOLD', 'HOLD', 'ABORT', 'ABORT', 'ABORT', 'ABORT', 'ABORT', 'ABORT', 'ABORT', 'ABORT', 'ABORT', 'ABORT', 'ABORT', 'ABORT', 'ABORT', 'ABORT', 'ABORT', 'ABORT', 'ABORT']"
pedestrian_curb,rain,18,0.2026,-0.0012,0.0,0.6405,0.5,0,0,"['CRUISE', 'CRUISE', 'CRUISE', 'CRUISE', 'CRUISE', 'CRUISE', 'CRUISE', 'CRUISE', 'CRUISE', 'PROBE', 'PROBE', 'PROBE', 'PROBE', 'PROBE', 'PROBE', 'PROBE', 'HOLD', 'HOLD', 'HOLD', 'HOLD', 'HOLD', 'HOLD', 'HOLD', 'HOLD', 'HOLD', 'HOLD', 'HOLD', 'HOLD', 'HOLD', 'HOLD', 'HOLD', 'HOLD', 'HOLD', 'HOLD', 'HOLD', 'HOLD', 'HOLD', 'HOLD', 'HOLD', 'HOLD', 'HOLD', 'HOLD', 'HOLD', 'HOLD', 'HOLD', 'HOLD', 'HOLD', 'HOLD', 'HOLD', 'HOLD', 'HOLD', 'HOLD', 'HOLD', 'HOLD', 'HOLD', 'HOLD', 'HOLD', 'HOLD', 'HOLD', 'HOLD', 'HOLD', 'HOLD', 'HOLD', 'HOLD', 'HOLD', 'HOLD', 'HOLD', 'HOLD', 'HOLD', 'HOLD', 'HOLD', 'HOLD', 'HOLD', 'HOLD', 'HOLD', 'HOLD', 'HOLD', 'HOLD', 'HOLD', 'HOLD', 'HOLD', 'HOLD', 'HOLD', 'HOLD', 'HOLD', 'HOLD', 'HOLD', 'HOLD', 'HOLD', 'HOLD', 'HOLD', 'HOLD', 'HOLD', 'HOLD', 'HOLD', 'HOLD', 'HOLD', 'HOLD', 'HOLD', 'HOLD', 'HOLD', 'HOLD', 'HOLD', 'HOLD', 'HOLD', 'HOLD', 'HOLD', 'HOLD', 'HOLD', 'HOLD', 'HOLD', 'HOLD', 'HOLD', 'ABORT', 'ABORT', 'ABORT', 'ABORT', 'ABORT', 'ABORT', 'ABORT', 'ABORT', 'ABORT', 'ABORT', 'ABORT', 'ABORT', 'ABORT', 'ABORT', 'ABORT', 'ABORT']"
pedestrian_curb,rain,19,0.2023,-0.0021,0.0,0.6409,0.5,0,0,"['CRUISE', 'CRUISE', 'CRUISE', 'CRUISE', 'CRUISE', 'CRUISE', 'CRUISE', 'CRUISE', 'CRUISE', 'PROBE', 'PROBE', 'PROBE', 'PROBE', 'PROBE', 'PROBE', 'PROBE', 'HOLD', 'HOLD', 'HOLD', 'HOLD', 'HOLD', 'HOLD', 'HOLD', 'HOLD', 'HOLD', 'HOLD', 'HOLD', 'HOLD', 'HOLD', 'HOLD', 'HOLD', 'HOLD', 'HOLD', 'HOLD', 'HOLD', 'HOLD', 'HOLD', 'HOLD', 'HOLD', 'HOLD', 'HOLD', 'HOLD', 'HOLD', 'HOLD', 'HOLD', 'HOLD', 'HOLD', 'HOLD', 'HOLD', 'HOLD', 'HOLD', 'HOLD', 'HOLD', 'HOLD', 'HOLD', 'HOLD', 'HOLD', 'HOLD', 'HOLD', 'HOLD', 'HOLD', 'HOLD', 'HOLD', 'HOLD', 'HOLD', 'HOLD', 'HOLD', 'HOLD', 'HOLD', 'HOLD', 'HOLD', 'HOLD', 'HOLD', 'HOLD', 'HOLD', 'HOLD', 'HOLD', 'HOLD', 'HOLD', 'HOLD', 'HOLD', 'HOLD', 'HOLD', 'HOLD', 'HOLD', 'HOLD', 'HOLD', 'HOLD', 'HOLD', 'HOLD', 'HOLD', 'HOLD', 'HOLD', 'HOLD', 'HOLD', 'HOLD', 'HOLD', 'HOLD', 'HOLD', 'HOLD', 'HOLD', 'HOLD', 'HOLD', 'HOLD', 'HOLD', 'HOLD', 'HOLD', 'HOLD', 'HOLD', 'HOLD', 'HOLD', 'HOLD', 'HOLD', 'ABORT', 'ABORT', 'ABORT', 'ABORT', 'ABORT', 'ABORT', 'ABORT', 'ABORT', 'ABORT', 'ABORT', 'ABORT', 'ABORT', 'ABORT', 'ABORT', 'ABORT', 'ABORT']"
pedestrian_curb,fog,0,0.2033,-0.0,0.0,0.6414,0.5,0,0,"['CRUISE', 'CRUISE', 'CRUISE', 'CRUISE', 'CRUISE', 'CRUISE', 'CRUISE', 'CRUISE', 'CRUISE', 'PROBE', 'PROBE', 'PROBE', 'PROBE', 'PROBE', 'PROBE', 'PROBE', 'HOLD', 'HOLD', 'HOLD', 'HOLD', 'HOLD', 'HOLD', 'HOLD', 'HOLD', 'HOLD', 'HOLD', 'HOLD', 'HOLD', 'HOLD', 'HOLD', 'HOLD', 'HOLD', 'HOLD', 'HOLD', 'HOLD', 'HOLD', 'HOLD', 'HOLD', 'HOLD', 'HOLD', 'HOLD', 'HOLD', 'HOLD', 'HOLD', 'HOLD', 'HOLD', 'HOLD', 'HOLD', 'HOLD', 'HOLD', 'HOLD', 'HOLD', 'HOLD', 'HOLD', 'HOLD', 'HOLD', 'HOLD', 'HOLD', 'HOLD', 'HOLD', 'HOLD', 'HOLD', 'HOLD', 'HOLD', 'HOLD', 'HOLD', 'HOLD', 'HOLD', 'HOLD', 'HOLD', 'HOLD', 'HOLD', 'HOLD', 'HOLD', 'HOLD', 'HOLD', 'HOLD', 'HOLD', 'HOLD', 'HOLD', 'HOLD', 'HOLD', 'HOLD', 'HOLD', 'HOLD', 'HOLD', 'HOLD', 'HOLD', 'HOLD', 'HOLD', 'HOLD', 'HOLD', 'HOLD', 'HOLD', 'HOLD', 'HOLD', 'HOLD', 'HOLD', 'HOLD', 'HOLD', 'HOLD', 'HOLD', 'HOLD', 'HOLD', 'HOLD', 'HOLD', 'HOLD', 'HOLD', 'HOLD', 'HOLD', 'HOLD', 'HOLD', 'HOLD', 'ABORT', 'ABORT', 'ABORT', 'ABORT', 'ABORT', 'ABORT', 'ABORT', 'ABORT', 'ABORT', 'ABORT', 'ABORT', 'ABORT', 'ABORT', 'ABORT', 'ABORT', 'ABORT']"
pedestrian_curb,fog,1,0.2034,0.0,0.0,0.6422,0.5,0,0,"['CRUISE', 'CRUISE', 'CRUISE', 'CRUISE', 'CRUISE', 'CRUISE', 'CRUISE', 'CRUISE', 'CRUISE', 'PROBE', 'PROBE', 'PROBE', 'PROBE', 'PROBE', 'PROBE', 'PROBE', 'HOLD', 'HOLD', 'HOLD', 'HOLD', 'HOLD', 'HOLD', 'HOLD', 'HOLD', 'HOLD', 'HOLD', 'HOLD', 'HOLD', 'HOLD', 'HOLD', 'HOLD', 'HOLD', 'HOLD', 'HOLD', 'HOLD', 'HOLD', 'HOLD', 'HOLD', 'HOLD', 'HOLD', 'HOLD', 'HOLD', 'HOLD', 'HOLD', 'HOLD', 'HOLD', 'HOLD', 'HOLD', 'HOLD', 'HOLD', 'HOLD', 'HOLD', 'HOLD', 'HOLD', 'HOLD', 'HOLD', 'HOLD', 'HOLD', 'HOLD', 'HOLD', 'HOLD', 'HOLD', 'HOLD', 'HOLD', 'HOLD', 'HOLD', 'HOLD', 'HOLD', 'HOLD', 'HOLD', 'HOLD', 'HOLD', 'HOLD', 'HOLD', 'HOLD', 'HOLD', 'HOLD', 'HOLD', 'HOLD', 'HOLD', 'HOLD', 'HOLD', 'HOLD', 'HOLD', 'HOLD', 'HOLD', 'HOLD', 'HOLD', 'HOLD', 'HOLD', 'HOLD', 'HOLD', 'HOLD', 'HOLD', 'HOLD', 'HOLD', 'HOLD', 'HOLD', 'HOLD', 'HOLD', 'HOLD', 'HOLD', 'HOLD', 'HOLD', 'HOLD', 'HOLD', 'HOLD', 'HOLD', 'HOLD', 'HOLD', 'HOLD', 'HOLD', 'HOLD', 'ABORT', 'ABORT', 'ABORT', 'ABORT', 'ABORT', 'ABORT', 'ABORT', 'ABORT', 'ABORT', 'ABORT', 'ABORT', 'ABORT', 'ABORT', 'ABORT', 'ABORT', 'ABORT']"
pedestrian_curb,fog,2,0.2033,-0.0,0.0,0.6416,0.5,0,0,"['CRUISE', 'CRUISE', 'CRUISE', 'CRUISE', 'CRUISE', 'CRUISE', 'CRUISE', 'CRUISE', 'CRUISE', 'PROBE', 'PROBE', 'PROBE', 'PROBE', 'PROBE', 'PROBE', 'PROBE', 'HOLD', 'HOLD', 'HOLD', 'HOLD', 'HOLD', 'HOLD', 'HOLD', 'HOLD', 'HOLD', 'HOLD', 'HOLD', 'HOLD', 'HOLD', 'HOLD', 'HOLD', 'HOLD', 'HOLD', 'HOLD', 'HOLD', 'HOLD', 'HOLD', 'HOLD', 'HOLD', 'HOLD', 'HOLD', 'HOLD', 'HOLD', 'HOLD', 'HOLD', 'HOLD', 'HOLD', 'HOLD', 'HOLD', 'HOLD', 'HOLD', 'HOLD', 'HOLD', 'HOLD', 'HOLD', 'HOLD', 'HOLD', 'HOLD', 'HOLD', 'HOLD', 'HOLD', 'HOLD', 'HOLD', 'HOLD', 'HOLD', 'HOLD', 'HOLD', 'HOLD', 'HOLD', 'HOLD', 'HOLD', 'HOLD', 'HOLD', 'HOLD', 'HOLD', 'HOLD', 'HOLD', 'HOLD', 'HOLD', 'HOLD', 'HOLD', 'HOLD', 'HOLD', 'HOLD', 'HOLD', 'HOLD', 'HOLD', 'HOLD', 'HOLD', 'HOLD', 'HOLD', 'HOLD', 'HOLD', 'HOLD', 'HOLD', 'HOLD', 'HOLD', 'HOLD', 'HOLD', 'HOLD', 'HOLD', 'HOLD', 'HOLD', 'HOLD', 'HOLD', 'HOLD', 'HOLD', 'HOLD', 'HOLD', 'HOLD', 'HOLD', 'HOLD', 'ABORT', 'ABORT', 'ABORT', 'ABORT', 'ABORT', 'ABORT', 'ABORT', 'ABORT', 'ABORT', 'ABORT', 'ABORT', 'ABORT', 'ABORT', 'ABORT', 'ABORT', 'ABORT', 'ABORT']"
pedestrian_curb,fog,3,0.2034,-0.0,0.0,0.642,0.5,0,0,"['CRUISE', 'CRUISE', 'CRUISE', 'CRUISE', 'CRUISE', 'CRUISE', 'CRUISE', 'CRUISE', 'CRUISE', 'PROBE', 'PROBE', 'PROBE', 'PROBE', 'PROBE', 'PROBE', 'PROBE', 'HOLD', 'HOLD', 'HOLD', 'HOLD', 'HOLD', 'HOLD', 'HOLD', 'HOLD', 'HOLD', 'HOLD', 'HOLD', 'HOLD', 'HOLD', 'HOLD', 'HOLD', 'HOLD', 'HOLD', 'HOLD', 'HOLD', 'HOLD', 'HOLD', 'HOLD', 'HOLD', 'HOLD', 'HOLD', 'HOLD', 'HOLD', 'HOLD', 'HOLD', 'HOLD', 'HOLD', 'HOLD', 'HOLD', 'HOLD', 'HOLD', 'HOLD', 'HOLD', 'HOLD', 'HOLD', 'HOLD', 'HOLD', 'HOLD', 'HOLD', 'HOLD', 'HOLD', 'HOLD', 'HOLD', 'HOLD', 'HOLD', 'HOLD', 'HOLD', 'HOLD', 'HOLD', 'HOLD', 'HOLD', 'HOLD', 'HOLD', 'HOLD', 'HOLD', 'HOLD', 'HOLD', 'HOLD', 'HOLD', 'HOLD', 'HOLD', 'HOLD', 'HOLD', 'HOLD', 'HOLD', 'HOLD', 'HOLD', 'HOLD', 'HOLD', 'HOLD', 'HOLD', 'HOLD', 'HOLD', 'HOLD', 'HOLD', 'HOLD', 'HOLD', 'HOLD', 'HOLD', 'HOLD', 'HOLD', 'HOLD', 'HOLD', 'HOLD', 'HOLD', 'HOLD', 'HOLD', 'HOLD', 'HOLD', 'HOLD', 'HOLD', 'HOLD', 'HOLD', 'ABORT', 'ABORT', 'ABORT', 'ABORT', 'ABORT', 'ABORT', 'ABORT', 'ABORT', 'ABORT', 'ABORT', 'ABORT', 'ABORT', 'ABORT', 'ABORT', 'ABORT', 'ABORT']"
pedestrian_curb,fog,4,0.2033,-0.0002,0.0,0.642,0.5,0,0,"['CRUISE', 'CRUISE', 'CRUISE', 'CRUISE', 'CRUISE', 'CRUISE', 'CRUISE', 'CRUISE', 'PROBE', 'PROBE', 'PROBE', 'PROBE', 'PROBE', 'PROBE', 'PROBE', 'HOLD', 'HOLD', 'HOLD', 'HOLD', 'HOLD', 'HOLD', 'HOLD', 'HOLD', 'HOLD', 'HOLD', 'HOLD', 'HOLD', 'HOLD', 'HOLD', 'HOLD', 'HOLD', 'HOLD', 'HOLD', 'HOLD', 'HOLD', 'HOLD', 'HOLD', 'HOLD', 'HOLD', 'HOLD', 'HOLD', 'HOLD', 'HOLD', 'HOLD', 'HOLD', 'HOLD', 'HOLD', 'HOLD', 'HOLD', 'HOLD', 'HOLD', 'HOLD', 'HOLD', 'HOLD', 'HOLD', 'HOLD', 'HOLD', 'HOLD', 'HOLD', 'HOLD', 'HOLD', 'HOLD', 'HOLD', 'HOLD', 'HOLD', 'HOLD', 'HOLD', 'HOLD', 'HOLD', 'HOLD', 'HOLD', 'HOLD', 'HOLD', 'HOLD', 'HOLD', 'HOLD', 'HOLD', 'HOLD', 'HOLD', 'HOLD', 'HOLD', 'HOLD', 'HOLD', 'HOLD', 'HOLD', 'HOLD', 'HOLD', 'HOLD', 'HOLD', 'HOLD', 'HOLD', 'HOLD', 'HOLD', 'HOLD', 'HOLD', 'HOLD', 'HOLD', 'HOLD', 'HOLD', 'HOLD', 'HOLD', 'HOLD', 'HOLD', 'HOLD', 'HOLD', 'HOLD', 'HOLD', 'HOLD', 'HOLD', 'HOLD', 'HOLD', 'HOLD', 'ABORT', 'ABORT', 'ABORT', 'ABORT', 'ABORT', 'ABORT', 'ABORT', 'ABORT', 'ABORT', 'ABORT', 'ABORT', 'ABORT', 'ABORT', 'ABORT', 'ABORT', 'ABORT', 'ABORT']"
pedestrian_curb,fog,5,0.2034,0.0,0.0,0.6421,0.5,0,0,"['CRUISE', 'CRUISE', 'CRUISE', 'CRUISE', 'CRUISE', 'CRUISE', 'CRUISE', 'CRUISE', 'CRUISE', 'PROBE', 'PROBE', 'PROBE', 'PROBE', 'PROBE', 'PROBE', 'PROBE', 'HOLD', 'HOLD', 'HOLD', 'HOLD', 'HOLD', 'HOLD', 'HOLD', 'HOLD', 'HOLD', 'HOLD', 'HOLD', 'HOLD', 'HOLD', 'HOLD', 'HOLD', 'HOLD', 'HOLD', 'HOLD', 'HOLD', 'HOLD', 'HOLD', 'HOLD', 'HOLD', 'HOLD', 'HOLD', 'HOLD', 'HOLD', 'HOLD', 'HOLD', 'HOLD', 'HOLD', 'HOLD', 'HOLD', 'HOLD', 'HOLD', 'HOLD', 'HOLD', 'HOLD', 'HOLD', 'HOLD', 'HOLD', 'HOLD', 'HOLD', 'HOLD', 'HOLD', 'HOLD', 'HOLD', 'HOLD', 'HOLD', 'HOLD', 'HOLD', 'HOLD', 'HOLD', 'HOLD', 'HOLD', 'HOLD', 'HOLD', 'HOLD', 'HOLD', 'HOLD', 'HOLD', 'HOLD', 'HOLD', 'HOLD', 'HOLD', 'HOLD', 'HOLD', 'HOLD', 'HOLD', 'HOLD', 'HOLD', 'HOLD', 'HOLD', 'HOLD', 'HOLD', 'HOLD', 'HOLD', 'HOLD', 'HOLD', 'HOLD', 'HOLD', 'HOLD', 'HOLD', 'HOLD', 'HOLD', 'HOLD', 'HOLD', 'HOLD', 'HOLD', 'HOLD', 'HOLD', 'HOLD', 'HOLD', 'HOLD', 'HOLD', 'HOLD', 'HOLD', 'ABORT', 'ABORT', 'ABORT', 'ABORT', 'ABORT', 'ABORT', 'ABORT', 'ABORT', 'ABORT', 'ABORT', 'ABORT', 'ABORT', 'ABORT', 'ABORT', 'ABORT', 'ABORT']"
pedestrian_curb,fog,6,0.2034,-0.0,0.0,0.6418,0.5,0,0,"['CRUISE', 'CRUISE', 'CRUISE', 'CRUISE', 'CRUISE', 'CRUISE', 'CRUISE', 'CRUISE', 'CRUISE', 'PROBE', 'PROBE', 'PROBE', 'PROBE', 'PROBE', 'PROBE', 'PROBE', 'HOLD', 'HOLD', 'HOLD', 'HOLD', 'HOLD', 'HOLD', 'HOLD', 'HOLD', 'HOLD', 'HOLD', 'HOLD', 'HOLD', 'HOLD', 'HOLD', 'HOLD', 'HOLD', 'HOLD', 'HOLD', 'HOLD', 'HOLD', 'HOLD', 'HOLD', 'HOLD', 'HOLD', 'HOLD', 'HOLD', 'HOLD', 'HOLD', 'HOLD', 'HOLD', 'HOLD', 'HOLD', 'HOLD', 'HOLD', 'HOLD', 'HOLD', 'HOLD', 'HOLD', 'HOLD', 'HOLD', 'HOLD', 'HOLD', 'HOLD', 'HOLD', 'HOLD', 'HOLD', 'HOLD', 'HOLD', 'HOLD', 'HOLD', 'HOLD', 'HOLD', 'HOLD', 'HOLD', 'HOLD', 'HOLD', 'HOLD', 'HOLD', 'HOLD', 'HOLD', 'HOLD', 'HOLD', 'HOLD', 'HOLD', 'HOLD', 'HOLD', 'HOLD', 'HOLD', 'HOLD', 'HOLD', 'HOLD', 'HOLD', 'HOLD', 'HOLD', 'HOLD', 'HOLD', 'HOLD', 'HOLD', 'HOLD', 'HOLD', 'HOLD', 'HOLD', 'HOLD', 'HOLD', 'HOLD', 'HOLD', 'HOLD', 'HOLD', 'HOLD', 'HOLD', 'HOLD', 'HOLD', 'HOLD', 'HOLD', 'HOLD', 'HOLD', 'HOLD', 'ABORT', 'ABORT', 'ABORT', 'ABORT', 'ABORT', 'ABORT', 'ABORT', 'ABORT', 'ABORT', 'ABORT', 'ABORT', 'ABORT', 'ABORT', 'ABORT', 'ABORT', 'ABORT']"
pedestrian_curb,fog,7,0.2034,-0.0,0.0,0.6419,0.5,0,0,"['CRUISE', 'CRUISE', 'CRUISE', 'CRUISE', 'CRUISE', 'CRUISE', 'CRUISE', 'CRUISE', 'PROBE', 'PROBE', 'PROBE', 'PROBE', 'PROBE', 'PROBE', 'PROBE', 'HOLD', 'HOLD', 'HOLD', 'HOLD', 'HOLD', 'HOLD', 'HOLD', 'HOLD', 'HOLD', 'HOLD', 'HOLD', 'HOLD', 'HOLD', 'HOLD', 'HOLD', 'HOLD', 'HOLD', 'HOLD', 'HOLD', 'HOLD', 'HOLD', 'HOLD', 'HOLD', 'HOLD', 'HOLD', 'HOLD', 'HOLD', 'HOLD', 'HOLD', 'HOLD', 'HOLD', 'HOLD', 'HOLD', 'HOLD', 'HOLD', 'HOLD', 'HOLD', 'HOLD', 'HOLD', 'HOLD', 'HOLD', 'HOLD', 'HOLD', 'HOLD', 'HOLD', 'HOLD', 'HOLD', 'HOLD', 'HOLD', 'HOLD', 'HOLD', 'HOLD', 'HOLD', 'HOLD', 'HOLD', 'HOLD', 'HOLD', 'HOLD', 'HOLD', 'HOLD', 'HOLD', 'HOLD', 'HOLD', 'HOLD', 'HOLD', 'HOLD', 'HOLD', 'HOLD', 'HOLD', 'HOLD', 'HOLD', 'HOLD', 'HOLD', 'HOLD', 'HOLD', 'HOLD', 'HOLD', 'HOLD', 'HOLD', 'HOLD', 'HOLD', 'HOLD', 'HOLD', 'HOLD', 'HOLD', 'HOLD', 'HOLD', 'HOLD', 'HOLD', 'HOLD', 'HOLD', 'HOLD', 'HOLD', 'HOLD', 'HOLD', 'HOLD', 'HOLD', 'ABORT', 'ABORT', 'ABORT', 'ABORT', 'ABORT', 'ABORT', 'ABORT', 'ABORT', 'ABORT', 'ABORT', 'ABORT', 'ABORT', 'ABORT', 'ABORT', 'ABORT', 'ABORT', 'ABORT']"
pedestrian_curb,fog,8,0.2033,-0.0,0.0,0.6417,0.5,0,0,"['CRUISE', 'CRUISE', 'CRUISE', 'CRUISE', 'CRUISE', 'CRUISE', 'CRUISE', 'CRUISE', 'CRUISE', 'PROBE', 'PROBE', 'PROBE', 'PROBE', 'PROBE', 'PROBE', 'PROBE', 'HOLD', 'HOLD', 'HOLD', 'HOLD', 'HOLD', 'HOLD', 'HOLD', 'HOLD', 'HOLD', 'HOLD', 'HOLD', 'HOLD', 'HOLD', 'HOLD', 'HOLD', 'HOLD', 'HOLD', 'HOLD', 'HOLD', 'HOLD', 'HOLD', 'HOLD', 'HOLD', 'HOLD', 'HOLD', 'HOLD', 'HOLD', 'HOLD', 'HOLD', 'HOLD', 'HOLD', 'HOLD', 'HOLD', 'HOLD', 'HOLD', 'HOLD', 'HOLD', 'HOLD', 'HOLD', 'HOLD', 'HOLD', 'HOLD', 'HOLD', 'HOLD', 'HOLD', 'HOLD', 'HOLD', 'HOLD', 'HOLD', 'HOLD', 'HOLD', 'HOLD', 'HOLD', 'HOLD', 'HOLD', 'HOLD', 'HOLD', 'HOLD', 'HOLD', 'HOLD', 'HOLD', 'HOLD', 'HOLD', 'HOLD', 'HOLD', 'HOLD', 'HOLD', 'HOLD', 'HOLD', 'HOLD', 'HOLD', 'HOLD', 'HOLD', 'HOLD', 'HOLD', 'HOLD', 'HOLD', 'HOLD', 'HOLD', 'HOLD', 'HOLD', 'HOLD', 'HOLD', 'HOLD', 'HOLD', 'HOLD', 'HOLD', 'HOLD', 'HOLD', 'HOLD', 'HOLD', 'HOLD', 'HOLD', 'HOLD', 'HOLD', 'HOLD', 'HOLD', 'ABORT', 'ABORT', 'ABORT', 'ABORT', 'ABORT', 'ABORT', 'ABORT', 'ABORT', 'ABORT', 'ABORT', 'ABORT', 'ABORT', 'ABORT', 'ABORT', 'ABORT', 'ABORT']"
pedestrian_curb,fog,9,0.2032,-0.0,0.0,0.6413,0.5,0,0,"['CRUISE', 'CRUISE', 'CRUISE', 'CRUISE', 'CRUISE', 'CRUISE', 'CRUISE', 'CRUISE', 'CRUISE', 'PROBE', 'PROBE', 'PROBE', 'PROBE', 'PROBE', 'PROBE', 'PROBE', 'HOLD', 'HOLD', 'HOLD', 'HOLD', 'HOLD', 'HOLD', 'HOLD', 'HOLD', 'HOLD', 'HOLD', 'HOLD', 'HOLD', 'HOLD', 'HOLD', 'HOLD', 'HOLD', 'HOLD', 'HOLD', 'HOLD', 'HOLD', 'HOLD', 'HOLD', 'HOLD', 'HOLD', 'HOLD', 'HOLD', 'HOLD', 'HOLD', 'HOLD', 'HOLD', 'HOLD', 'HOLD', 'HOLD', 'HOLD', 'HOLD', 'HOLD', 'HOLD', 'HOLD', 'HOLD', 'HOLD', 'HOLD', 'HOLD', 'HOLD', 'HOLD', 'HOLD', 'HOLD', 'HOLD', 'HOLD', 'HOLD', 'HOLD', 'HOLD', 'HOLD', 'HOLD', 'HOLD', 'HOLD', 'HOLD', 'HOLD', 'HOLD', 'HOLD', 'HOLD', 'HOLD', 'HOLD', 'HOLD', 'HOLD', 'HOLD', 'HOLD', 'HOLD', 'HOLD', 'HOLD', 'HOLD', 'HOLD', 'HOLD', 'HOLD', 'HOLD', 'HOLD', 'HOLD', 'HOLD', 'HOLD', 'HOLD', 'HOLD', 'HOLD', 'HOLD', 'HOLD', 'HOLD', 'HOLD', 'HOLD', 'HOLD', 'HOLD', 'HOLD', 'HOLD', 'HOLD', 'HOLD', 'HOLD', 'HOLD', 'HOLD', 'HOLD', 'ABORT', 'ABORT', 'ABORT', 'ABORT', 'ABORT', 'ABORT', 'ABORT', 'ABORT', 'ABORT', 'ABORT', 'ABORT', 'ABORT', 'ABORT', 'ABORT', 'ABORT', 'ABORT']"
pedestrian_curb,fog,10,0.2034,-0.0,0.0,0.6418,0.5,0,0,"['CRUISE', 'CRUISE', 'CRUISE', 'CRUISE', 'CRUISE', 'CRUISE', 'CRUISE', 'CRUISE', 'CRUISE', 'PROBE', 'PROBE', 'PROBE', 'PROBE', 'PROBE', 'PROBE', 'PROBE', 'HOLD', 'HOLD', 'HOLD', 'HOLD', 'HOLD', 'HOLD', 'HOLD', 'HOLD', 'HOLD', 'HOLD', 'HOLD', 'HOLD', 'HOLD', 'HOLD', 'HOLD', 'HOLD', 'HOLD', 'HOLD', 'HOLD', 'HOLD', 'HOLD', 'HOLD', 'HOLD', 'HOLD', 'HOLD', 'HOLD', 'HOLD', 'HOLD', 'HOLD', 'HOLD', 'HOLD', 'HOLD', 'HOLD', 'HOLD', 'HOLD', 'HOLD', 'HOLD', 'HOLD', 'HOLD', 'HOLD', 'HOLD', 'HOLD', 'HOLD', 'HOLD', 'HOLD', 'HOLD', 'HOLD', 'HOLD', 'HOLD', 'HOLD', 'HOLD', 'HOLD', 'HOLD', 'HOLD', 'HOLD', 'HOLD', 'HOLD', 'HOLD', 'HOLD', 'HOLD', 'HOLD', 'HOLD', 'HOLD', 'HOLD', 'HOLD', 'HOLD', 'HOLD', 'HOLD', 'HOLD', 'HOLD', 'HOLD', 'HOLD', 'HOLD', 'HOLD', 'HOLD', 'HOLD', 'HOLD', 'HOLD', 'HOLD', 'HOLD', 'HOLD', 'HOLD', 'HOLD', 'HOLD', 'HOLD', 'HOLD', 'HOLD', 'HOLD', 'HOLD', 'HOLD', 'HOLD', 'HOLD', 'HOLD', 'HOLD', 'HOLD', 'HOLD', 'HOLD', 'ABORT', 'ABORT', 'ABORT', 'ABORT', 'ABORT', 'ABORT', 'ABORT', 'ABORT', 'ABORT', 'ABORT', 'ABORT', 'ABORT', 'ABORT', 'ABORT', 'ABORT', 'ABORT']"
pedestrian_curb,fog,11,0.2033,-0.0,0.0,0.6415,0.5,0,0,"['CRUISE', 'CRUISE', 'CRUISE', 'CRUISE', 'CRUISE', 'CRUISE', 'CRUISE', 'CRUISE', 'CRUISE', 'PROBE', 'PROBE', 'PROBE', 'PROBE', 'PROBE', 'PROBE', 'PROBE', 'HOLD', 'HOLD', 'HOLD', 'HOLD', 'HOLD', 'HOLD', 'HOLD', 'HOLD', 'HOLD', 'HOLD', 'HOLD', 'HOLD', 'HOLD', 'HOLD', 'HOLD', 'HOLD', 'HOLD', 'HOLD', 'HOLD', 'HOLD', 'HOLD', 'HOLD', 'HOLD', 'HOLD', 'HOLD', 'HOLD', 'HOLD', 'HOLD', 'HOLD', 'HOLD', 'HOLD', 'HOLD', 'HOLD', 'HOLD', 'HOLD', 'HOLD', 'HOLD', 'HOLD', 'HOLD', 'HOLD', 'HOLD', 'HOLD', 'HOLD', 'HOLD', 'HOLD', 'HOLD', 'HOLD', 'HOLD', 'HOLD', 'HOLD', 'HOLD', 'HOLD', 'HOLD', 'HOLD', 'HOLD', 'HOLD', 'HOLD', 'HOLD', 'HOLD', 'HOLD', 'HOLD', 'HOLD', 'HOLD', 'HOLD', 'HOLD', 'HOLD', 'HOLD', 'HOLD', 'HOLD', 'HOLD', 'HOLD', 'HOLD', 'HOLD', 'HOLD', 'HOLD', 'HOLD', 'HOLD', 'HOLD', 'HOLD', 'HOLD', 'HOLD', 'HOLD', 'HOLD', 'HOLD', 'HOLD', 'HOLD', 'HOLD', 'HOLD', 'HOLD', 'HOLD', 'HOLD', 'HOLD', 'HOLD', 'HOLD', 'HOLD', 'HOLD', 'ABORT', 'ABORT', 'ABORT', 'ABORT', 'ABORT', 'ABORT', 'ABORT', 'ABORT', 'ABORT', 'ABORT', 'ABORT', 'ABORT', 'ABORT', 'ABORT', 'ABORT', 'ABORT', 'ABORT']"
pedestrian_curb,fog,12,0.2032,-0.0,0.0,0.6412,0.5,0,0,"['CRUISE', 'CRUISE', 'CRUISE', 'CRUISE', 'CRUISE', 'CRUISE', 'CRUISE', 'CRUISE', 'CRUISE', 'PROBE', 'PROBE', 'PROBE', 'PROBE', 'PROBE', 'PROBE', 'PROBE', 'HOLD', 'HOLD', 'HOLD', 'HOLD', 'HOLD', 'HOLD', 'HOLD', 'HOLD', 'HOLD', 'HOLD', 'HOLD', 'HOLD', 'HOLD', 'HOLD', 'HOLD', 'HOLD', 'HOLD', 'HOLD', 'HOLD', 'HOLD', 'HOLD', 'HOLD', 'HOLD', 'HOLD', 'HOLD', 'HOLD', 'HOLD', 'HOLD', 'HOLD', 'HOLD', 'HOLD', 'HOLD', 'HOLD', 'HOLD', 'HOLD', 'HOLD', 'HOLD', 'HOLD', 'HOLD', 'HOLD', 'HOLD', 'HOLD', 'HOLD', 'HOLD', 'HOLD', 'HOLD', 'HOLD', 'HOLD', 'HOLD', 'HOLD', 'HOLD', 'HOLD', 'HOLD', 'HOLD', 'HOLD', 'HOLD', 'HOLD', 'HOLD', 'HOLD', 'HOLD', 'HOLD', 'HOLD', 'HOLD', 'HOLD', 'HOLD', 'HOLD', 'HOLD', 'HOLD', 'HOLD', 'HOLD', 'HOLD', 'HOLD', 'HOLD', 'HOLD', 'HOLD', 'HOLD', 'HOLD', 'HOLD', 'HOLD', 'HOLD', 'HOLD', 'HOLD', 'HOLD', 'HOLD', 'HOLD', 'HOLD', 'HOLD', 'HOLD', 'HOLD', 'HOLD', 'HOLD', 'HOLD', 'HOLD', 'HOLD', 'HOLD', 'HOLD', 'HOLD', 'ABORT', 'ABORT', 'ABORT', 'ABORT', 'ABORT', 'ABORT', 'ABORT', 'ABORT', 'ABORT', 'ABORT', 'ABORT', 'ABORT', 'ABORT', 'ABORT', 'ABORT', 'ABORT']"
pedestrian_curb,fog,13,0.6,0.0,0.0,0.0,0.0,0,0,"['CRUISE', 'CRUISE', 'CRUISE', 'CRUISE', 'CRUISE', 'CRUISE', 'CRUISE', 'CRUISE', 'CRUISE', 'PROBE', 'PROBE', 'PROBE', 'PROBE', 'PROBE', 'PROBE', 'PROBE', 'PROBE', 'HOLD', 'HOLD', 'HOLD', 'HOLD', 'HOLD', 'HOLD', 'HOLD', 'HOLD', 'HOLD', 'HOLD', 'HOLD', 'HOLD', 'HOLD', 'HOLD', 'HOLD', 'HOLD', 'HOLD', 'HOLD', 'HOLD', 'HOLD', 'HOLD', 'HOLD', 'HOLD', 'HOLD', 'HOLD', 'HOLD', 'HOLD', 'HOLD', 'HOLD', 'HOLD', 'HOLD', 'HOLD', 'HOLD', 'HOLD', 'HOLD', 'HOLD', 'HOLD', 'HOLD', 'HOLD', 'HOLD', 'HOLD', 'HOLD', 'HOLD', 'HOLD', 'HOLD', 'HOLD', 'HOLD', 'HOLD', 'HOLD', 'HOLD', 'HOLD', 'HOLD', 'HOLD', 'HOLD', 'HOLD', 'HOLD', 'HOLD', 'HOLD', 'HOLD', 'HOLD', 'HOLD', 'HOLD', 'HOLD', 'HOLD', 'HOLD', 'HOLD', 'HOLD', 'HOLD', 'HOLD', 'HOLD', 'HOLD', 'HOLD', 'HOLD', 'HOLD', 'HOLD', 'HOLD', 'PROBE', 'PROBE', 'PROBE', 'PROBE', 'PROBE', 'PROBE', 'PROBE', 'PROBE', 'PROBE', 'PROBE', 'PROBE', 'PROBE', 'PROBE', 'PROBE', 'PROBE', 'PROBE', 'HOLD', 'HOLD', 'HOLD', 'HOLD', 'HOLD', 'HOLD', 'HOLD', 'HOLD', 'HOLD', 'HOLD', 'HOLD', 'HOLD', 'HOLD', 'HOLD', 'HOLD', 'HOLD', 'HOLD', 'HOLD', 'HOLD', 'HOLD']"
pedestrian_curb,fog,14,0.2034,-0.0,0.0,0.642,0.5,0,0,"['CRUISE', 'CRUISE', 'CRUISE', 'CRUISE', 'CRUISE', 'CRUISE', 'CRUISE', 'CRUISE', 'PROBE', 'PROBE', 'PROBE', 'PROBE', 'PROBE', 'PROBE', 'PROBE', 'HOLD', 'HOLD', 'HOLD', 'HOLD', 'HOLD', 'HOLD', 'HOLD', 'HOLD', 'HOLD', 'HOLD', 'HOLD', 'HOLD', 'HOLD', 'HOLD', 'HOLD', 'HOLD', 'HOLD', 'HOLD', 'HOLD', 'HOLD', 'HOLD', 'HOLD', 'HOLD', 'HOLD', 'HOLD', 'HOLD', 'HOLD', 'HOLD', 'HOLD', 'HOLD', 'HOLD', 'HOLD', 'HOLD', 'HOLD', 'HOLD', 'HOLD', 'HOLD', 'HOLD', 'HOLD', 'HOLD', 'HOLD', 'HOLD', 'HOLD', 'HOLD', 'HOLD', 'HOLD', 'HOLD', 'HOLD', 'HOLD', 'HOLD', 'HOLD', 'HOLD', 'HOLD', 'HOLD', 'HOLD', 'HOLD', 'HOLD', 'HOLD', 'HOLD', 'HOLD', 'HOLD', 'HOLD', 'HOLD', 'HOLD', 'HOLD', 'HOLD', 'HOLD', 'HOLD', 'HOLD', 'HOLD', 'HOLD', 'HOLD', 'HOLD', 'HOLD', 'HOLD', 'HOLD', 'HOLD', 'HOLD', 'HOLD', 'HOLD', 'HOLD', 'HOLD', 'HOLD', 'HOLD', 'HOLD', 'HOLD', 'HOLD', 'HOLD', 'HOLD', 'HOLD', 'HOLD', 'HOLD', 'HOLD', 'HOLD', 'HOLD', 'HOLD', 'HOLD', 'ABORT', 'ABORT', 'ABORT', 'ABORT', 'ABORT', 'ABORT', 'ABORT', 'ABORT', 'ABORT', 'ABORT', 'ABORT', 'ABORT', 'ABORT', 'ABORT', 'ABORT', 'ABORT', 'ABORT']"
pedestrian_curb,fog,15,0.2034,-0.0,0.0,0.6419,0.5,0,0,"['CRUISE', 'CRUISE', 'CRUISE', 'CRUISE', 'CRUISE', 'CRUISE', 'CRUISE', 'CRUISE', 'CRUISE', 'PROBE', 'PROBE', 'PROBE', 'PROBE', 'PROBE', 'PROBE', 'PROBE', 'HOLD', 'HOLD', 'HOLD', 'HOLD', 'HOLD', 'HOLD', 'HOLD', 'HOLD', 'HOLD', 'HOLD', 'HOLD', 'HOLD', 'HOLD', 'HOLD', 'HOLD', 'HOLD', 'HOLD', 'HOLD', 'HOLD', 'HOLD', 'HOLD', 'HOLD', 'HOLD', 'HOLD', 'HOLD', 'HOLD', 'HOLD', 'HOLD', 'HOLD', 'HOLD', 'HOLD', 'HOLD', 'HOLD', 'HOLD', 'HOLD', 'HOLD', 'HOLD', 'HOLD', 'HOLD', 'HOLD', 'HOLD', 'HOLD', 'HOLD', 'HOLD', 'HOLD', 'HOLD', 'HOLD', 'HOLD', 'HOLD', 'HOLD', 'HOLD', 'HOLD', 'HOLD', 'HOLD', 'HOLD', 'HOLD', 'HOLD', 'HOLD', 'HOLD', 'HOLD', 'HOLD', 'HOLD', 'HOLD', 'HOLD', 'HOLD', 'HOLD', 'HOLD', 'HOLD', 'HOLD', 'HOLD', 'HOLD', 'HOLD', 'HOLD', 'HOLD', 'HOLD', 'HOLD', 'HOLD', 'HOLD', 'HOLD', 'HOLD', 'HOLD', 'HOLD', 'HOLD', 'HOLD', 'HOLD', 'HOLD', 'HOLD', 'HOLD', 'HOLD', 'HOLD', 'HOLD', 'HOLD', 'HOLD', 'HOLD', 'HOLD', 'HOLD', 'HOLD', 'ABORT', 'ABORT', 'ABORT', 'ABORT', 'ABORT', 'ABORT', 'ABORT', 'ABORT', 'ABORT', 'ABORT', 'ABORT', 'ABORT', 'ABORT', 'ABORT', 'ABORT', 'ABORT']"
pedestrian_curb,fog,16,0.6,0.0,0.0,0.0,0.0,0,0,"['CRUISE', 'CRUISE', 'CRUISE', 'CRUISE', 'CRUISE', 'CRUISE', 'CRUISE', 'CRUISE', 'CRUISE', 'CRUISE', 'CRUISE', 'CRUISE', 'CRUISE', 'CRUISE', 'CRUISE', 'CRUISE', 'CRUISE', 'CRUISE', 'CRUISE', 'CRUISE', 'CRUISE', 'CRUISE', 'CRUISE', 'CRUISE', 'CRUISE', 'CRUISE', 'CRUISE', 'CRUISE', 'CRUISE', 'CRUISE', 'CRUISE', 'CRUISE', 'CRUISE', 'CRUISE', 'CRUISE', 'CRUISE', 'CRUISE', 'CRUISE', 'CRUISE', 'CRUISE', 'CRUISE', 'CRUISE', 'CRUISE', 'CRUISE', 'CRUISE', 'CRUISE', 'CRUISE', 'CRUISE', 'CRUISE', 'CRUISE', 'CRUISE', 'CRUISE', 'CRUISE', 'CRUISE', 'CRUISE', 'CRUISE', 'CRUISE', 'CRUISE', 'CRUISE', 'CRUISE', 'CRUISE', 'CRUISE', 'CRUISE', 'CRUISE', 'CRUISE', 'CRUISE', 'CRUISE', 'CRUISE', 'CRUISE', 'CRUISE', 'CRUISE', 'CRUISE', 'CRUISE', 'CRUISE', 'CRUISE', 'CRUISE', 'CRUISE', 'CRUISE', 'CRUISE', 'CRUISE', 'CRUISE', 'CRUISE', 'CRUISE', 'CRUISE', 'CRUISE', 'CRUISE', 'CRUISE', 'CRUISE', 'CRUISE', 'CRUISE', 'CRUISE', 'CRUISE', 'CRUISE', 'CRUISE', 'CRUISE', 'CRUISE', 'CRUISE', 'CRUISE', 'CRUISE', 'CRUISE', 'CRUISE', 'CRUISE', 'CRUISE', 'CRUISE', 'CRUISE', 'CRUISE', 'CRUISE', 'CRUISE', 'CRUISE', 'CRUISE', 'CRUISE', 'CRUISE', 'CRUISE', 'CRUISE', 'CRUISE', 'CRUISE', 'CRUISE', 'CRUISE', 'CRUISE', 'CRUISE', 'CRUISE', 'CRUISE', 'CRUISE', 'CRUISE', 'CRUISE', 'CRUISE', 'CRUISE', 'CRUISE', 'CRUISE']"
pedestrian_curb,fog,17,0.2034,-0.0,0.0,0.6419,0.5,0,0,"['CRUISE', 'CRUISE', 'CRUISE', 'CRUISE', 'CRUISE', 'CRUISE', 'CRUISE', 'CRUISE', 'CRUISE', 'PROBE', 'PROBE', 'PROBE', 'PROBE', 'PROBE', 'PROBE', 'PROBE', 'HOLD', 'HOLD', 'HOLD', 'HOLD', 'HOLD', 'HOLD', 'HOLD', 'HOLD', 'HOLD', 'HOLD', 'HOLD', 'HOLD', 'HOLD', 'HOLD', 'HOLD', 'HOLD', 'HOLD', 'HOLD', 'HOLD', 'HOLD', 'HOLD', 'HOLD', 'HOLD', 'HOLD', 'HOLD', 'HOLD', 'HOLD', 'HOLD', 'HOLD', 'HOLD', 'HOLD', 'HOLD', 'HOLD', 'HOLD', 'HOLD', 'HOLD', 'HOLD', 'HOLD', 'HOLD', 'HOLD', 'HOLD', 'HOLD', 'HOLD', 'HOLD', 'HOLD', 'HOLD', 'HOLD', 'HOLD', 'HOLD', 'HOLD', 'HOLD', 'HOLD', 'HOLD', 'HOLD', 'HOLD', 'HOLD', 'HOLD', 'HOLD', 'HOLD', 'HOLD', 'HOLD', 'HOLD', 'HOLD', 'HOLD', 'HOLD', 'HOLD', 'HOLD', 'HOLD', 'HOLD', 'HOLD', 'HOLD', 'HOLD', 'HOLD', 'HOLD', 'HOLD', 'HOLD', 'HOLD', 'HOLD', 'HOLD', 'HOLD', 'HOLD', 'HOLD', 'HOLD', 'HOLD', 'HOLD', 'HOLD', 'HOLD', 'HOLD', 'HOLD', 'HOLD', 'HOLD', 'HOLD', 'HOLD', 'HOLD', 'HOLD', 'HOLD', 'HOLD', 'ABORT', 'ABORT', 'ABORT', 'ABORT', 'ABORT', 'ABORT', 'ABORT', 'ABORT', 'ABORT', 'ABORT', 'ABORT', 'ABORT', 'ABORT', 'ABORT', 'ABORT', 'ABORT']"
pedestrian_curb,fog,18,0.2033,-0.0,0.0,0.6417,0.5,0,0,"['CRUISE', 'CRUISE', 'CRUISE', 'CRUISE', 'CRUISE', 'CRUISE', 'CRUISE', 'CRUISE', 'CRUISE', 'PROBE', 'PROBE', 'PROBE', 'PROBE', 'PROBE', 'PROBE', 'PROBE', 'HOLD', 'HOLD', 'HOLD', 'HOLD', 'HOLD', 'HOLD', 'HOLD', 'HOLD', 'HOLD', 'HOLD', 'HOLD', 'HOLD', 'HOLD', 'HOLD', 'HOLD', 'HOLD', 'HOLD', 'HOLD', 'HOLD', 'HOLD', 'HOLD', 'HOLD', 'HOLD', 'HOLD', 'HOLD', 'HOLD', 'HOLD', 'HOLD', 'HOLD', 'HOLD', 'HOLD', 'HOLD', 'HOLD', 'HOLD', 'HOLD', 'HOLD', 'HOLD', 'HOLD', 'HOLD', 'HOLD', 'HOLD', 'HOLD', 'HOLD', 'HOLD', 'HOLD', 'HOLD', 'HOLD', 'HOLD', 'HOLD', 'HOLD', 'HOLD', 'HOLD', 'HOLD', 'HOLD', 'HOLD', 'HOLD', 'HOLD', 'HOLD', 'HOLD', 'HOLD', 'HOLD', 'HOLD', 'HOLD', 'HOLD', 'HOLD', 'HOLD', 'HOLD', 'HOLD', 'HOLD', 'HOLD', 'HOLD', 'HOLD', 'HOLD', 'HOLD', 'HOLD', 'HOLD', 'HOLD', 'HOLD', 'HOLD', 'HOLD', 'HOLD', 'HOLD', 'HOLD', 'HOLD', 'HOLD', 'HOLD', 'HOLD', 'HOLD', 'HOLD', 'HOLD', 'HOLD', 'HOLD', 'HOLD', 'HOLD', 'HOLD', 'HOLD', 'HOLD', 'ABORT', 'ABORT', 'ABORT', 'ABORT', 'ABORT', 'ABORT', 'ABORT', 'ABORT', 'ABORT', 'ABORT', 'ABORT', 'ABORT', 'ABORT', 'ABORT', 'ABORT', 'ABORT']"
pedestrian_curb,fog,19,0.2035,-0.0,0.0,0.6423,0.5,0,0,"['CRUISE', 'CRUISE', 'CRUISE', 'CRUISE', 'CRUISE', 'CRUISE', 'CRUISE', 'CRUISE', 'CRUISE', 'PROBE', 'PROBE', 'PROBE', 'PROBE', 'PROBE', 'PROBE', 'PROBE', 'HOLD', 'HOLD', 'HOLD', 'HOLD', 'HOLD', 'HOLD', 'HOLD', 'HOLD', 'HOLD', 'HOLD', 'HOLD', 'HOLD', 'HOLD', 'HOLD', 'HOLD', 'HOLD', 'HOLD', 'HOLD', 'HOLD', 'HOLD', 'HOLD', 'HOLD', 'HOLD', 'HOLD', 'HOLD', 'HOLD', 'HOLD', 'HOLD', 'HOLD', 'HOLD', 'HOLD', 'HOLD', 'HOLD', 'HOLD', 'HOLD', 'HOLD', 'HOLD', 'HOLD', 'HOLD', 'HOLD', 'HOLD', 'HOLD', 'HOLD', 'HOLD', 'HOLD', 'HOLD', 'HOLD', 'HOLD', 'HOLD', 'HOLD', 'HOLD', 'HOLD', 'HOLD', 'HOLD', 'HOLD', 'HOLD', 'HOLD', 'HOLD', 'HOLD', 'HOLD', 'HOLD', 'HOLD', 'HOLD', 'HOLD', 'HOLD', 'HOLD', 'HOLD', 'HOLD', 'HOLD', 'HOLD', 'HOLD', 'HOLD', 'HOLD', 'HOLD', 'HOLD', 'HOLD', 'HOLD', 'HOLD', 'HOLD', 'HOLD', 'HOLD', 'HOLD', 'HOLD', 'HOLD', 'HOLD', 'HOLD', 'HOLD', 'HOLD', 'HOLD', 'HOLD', 'HOLD', 'HOLD', 'HOLD', 'HOLD', 'HOLD', 'HOLD', 'HOLD', 'ABORT', 'ABORT', 'ABORT', 'ABORT', 'ABORT', 'ABORT', 'ABORT', 'ABORT', 'ABORT', 'ABORT', 'ABORT', 'ABORT', 'ABORT', 'ABORT', 'ABORT', 'ABORT']"
pedestrian_curb,night,0,0.2034,-0.0,0.0,0.642,0.5,0,0,"['CRUISE', 'CRUISE', 'CRUISE', 'CRUISE', 'CRUISE', 'CRUISE', 'CRUISE', 'CRUISE', 'CRUISE', 'PROBE', 'PROBE', 'PROBE', 'PROBE', 'PROBE', 'PROBE', 'PROBE', 'HOLD', 'HOLD', 'HOLD', 'HOLD', 'HOLD', 'HOLD', 'HOLD', 'HOLD', 'HOLD', 'HOLD', 'HOLD', 'HOLD', 'HOLD', 'HOLD', 'HOLD', 'HOLD', 'HOLD', 'HOLD', 'HOLD', 'HOLD', 'HOLD', 'HOLD', 'HOLD', 'HOLD', 'HOLD', 'HOLD', 'HOLD', 'HOLD', 'HOLD', 'HOLD', 'HOLD', 'HOLD', 'HOLD', 'HOLD', 'HOLD', 'HOLD', 'HOLD', 'HOLD', 'HOLD', 'HOLD', 'HOLD', 'HOLD', 'HOLD', 'HOLD', 'HOLD', 'HOLD', 'HOLD', 'HOLD', 'HOLD', 'HOLD', 'HOLD', 'HOLD', 'HOLD', 'HOLD', 'HOLD', 'HOLD', 'HOLD', 'HOLD', 'HOLD', 'HOLD', 'HOLD', 'HOLD', 'HOLD', 'HOLD', 'HOLD', 'HOLD', 'HOLD', 'HOLD', 'HOLD', 'HOLD', 'HOLD', 'HOLD', 'HOLD', 'HOLD', 'HOLD', 'HOLD', 'HOLD', 'HOLD', 'HOLD', 'HOLD', 'HOLD', 'HOLD', 'HOLD', 'HOLD', 'HOLD', 'HOLD', 'HOLD', 'HOLD', 'HOLD', 'HOLD', 'HOLD', 'HOLD', 'HOLD', 'HOLD', 'HOLD', 'HOLD', 'HOLD', 'ABORT', 'ABORT', 'ABORT', 'ABORT', 'ABORT', 'ABORT', 'ABORT', 'ABORT', 'ABORT', 'ABORT', 'ABORT', 'ABORT', 'ABORT', 'ABORT', 'ABORT', 'ABORT']"
pedestrian_curb,night,1,0.2033,-0.0,0.0,0.6417,0.5,0,0,"['CRUISE', 'CRUISE', 'CRUISE', 'CRUISE', 'CRUISE', 'CRUISE', 'CRUISE', 'CRUISE', 'CRUISE', 'PROBE', 'PROBE', 'PROBE', 'PROBE', 'PROBE', 'PROBE', 'PROBE', 'HOLD', 'HOLD', 'HOLD', 'HOLD', 'HOLD', 'HOLD', 'HOLD', 'HOLD', 'HOLD', 'HOLD', 'HOLD', 'HOLD', 'HOLD', 'HOLD', 'HOLD', 'HOLD', 'HOLD', 'HOLD', 'HOLD', 'HOLD', 'HOLD', 'HOLD', 'HOLD', 'HOLD', 'HOLD', 'HOLD', 'HOLD', 'HOLD', 'HOLD', 'HOLD', 'HOLD', 'HOLD', 'HOLD', 'HOLD', 'HOLD', 'HOLD', 'HOLD', 'HOLD', 'HOLD', 'HOLD', 'HOLD', 'HOLD', 'HOLD', 'HOLD', 'HOLD', 'HOLD', 'HOLD', 'HOLD', 'HOLD', 'HOLD', 'HOLD', 'HOLD', 'HOLD', 'HOLD', 'HOLD', 'HOLD', 'HOLD', 'HOLD', 'HOLD', 'HOLD', 'HOLD', 'HOLD', 'HOLD', 'HOLD', 'HOLD', 'HOLD', 'HOLD', 'HOLD', 'HOLD', 'HOLD', 'HOLD', 'HOLD', 'HOLD', 'HOLD', 'HOLD', 'HOLD', 'HOLD', 'HOLD', 'HOLD', 'HOLD', 'HOLD', 'HOLD', 'HOLD', 'HOLD', 'HOLD', 'HOLD', 'HOLD', 'HOLD', 'HOLD', 'HOLD', 'HOLD', 'HOLD', 'HOLD', 'HOLD', 'HOLD', 'HOLD', 'HOLD', 'ABORT', 'ABORT', 'ABORT', 'ABORT', 'ABORT', 'ABORT', 'ABORT', 'ABORT', 'ABORT', 'ABORT', 'ABORT', 'ABORT', 'ABORT', 'ABORT', 'ABORT', 'ABORT']"
pedestrian_curb,night,2,0.2035,-0.0,0.0,0.6423,0.5,0,0,"['CRUISE', 'CRUISE', 'CRUISE', 'CRUISE', 'CRUISE', 'CRUISE', 'CRUISE', 'CRUISE', 'CRUISE', 'PROBE', 'PROBE', 'PROBE', 'PROBE', 'PROBE', 'PROBE', 'PROBE', 'HOLD', 'HOLD', 'HOLD', 'HOLD', 'HOLD', 'HOLD', 'HOLD', 'HOLD', 'HOLD', 'HOLD', 'HOLD', 'HOLD', 'HOLD', 'HOLD', 'HOLD', 'HOLD', 'HOLD', 'HOLD', 'HOLD', 'HOLD', 'HOLD', 'HOLD', 'HOLD', 'HOLD', 'HOLD', 'HOLD', 'HOLD', 'HOLD', 'HOLD', 'HOLD', 'HOLD', 'HOLD', 'HOLD', 'HOLD', 'HOLD', 'HOLD', 'HOLD', 'HOLD', 'HOLD', 'HOLD', 'HOLD', 'HOLD', 'HOLD', 'HOLD', 'HOLD', 'HOLD', 'HOLD', 'HOLD', 'HOLD', 'HOLD', 'HOLD', 'HOLD', 'HOLD', 'HOLD', 'HOLD', 'HOLD', 'HOLD', 'HOLD', 'HOLD', 'HOLD', 'HOLD', 'HOLD', 'HOLD', 'HOLD', 'HOLD', 'HOLD', 'HOLD', 'HOLD', 'HOLD', 'HOLD', 'HOLD', 'HOLD', 'HOLD', 'HOLD', 'HOLD', 'HOLD', 'HOLD', 'HOLD', 'HOLD', 'HOLD', 'HOLD', 'HOLD', 'HOLD', 'HOLD', 'HOLD', 'HOLD', 'HOLD', 'HOLD', 'HOLD', 'HOLD', 'HOLD', 'HOLD', 'HOLD', 'HOLD', 'HOLD', 'HOLD', 'HOLD', 'ABORT', 'ABORT', 'ABORT', 'ABORT', 'ABORT', 'ABORT', 'ABORT', 'ABORT', 'ABORT', 'ABORT', 'ABORT', 'ABORT', 'ABORT', 'ABORT', 'ABORT', 'ABORT']"
pedestrian_curb,night,3,0.2034,-0.0,0.0,0.6419,0.5,0,0,"['CRUISE', 'CRUISE', 'CRUISE', 'CRUISE', 'CRUISE', 'CRUISE', 'CRUISE', 'CRUISE', 'CRUISE', 'PROBE', 'PROBE', 'PROBE', 'PROBE', 'PROBE', 'PROBE', 'PROBE', 'HOLD', 'HOLD', 'HOLD', 'HOLD', 'HOLD', 'HOLD', 'HOLD', 'HOLD', 'HOLD', 'HOLD', 'HOLD', 'HOLD', 'HOLD', 'HOLD', 'HOLD', 'HOLD', 'HOLD', 'HOLD', 'HOLD', 'HOLD', 'HOLD', 'HOLD', 'HOLD', 'HOLD', 'HOLD', 'HOLD', 'HOLD', 'HOLD', 'HOLD', 'HOLD', 'HOLD', 'HOLD', 'HOLD', 'HOLD', 'HOLD', 'HOLD', 'HOLD', 'HOLD', 'HOLD', 'HOLD', 'HOLD', 'HOLD', 'HOLD', 'HOLD', 'HOLD', 'HOLD', 'HOLD', 'HOLD', 'HOLD', 'HOLD', 'HOLD', 'HOLD', 'HOLD', 'HOLD', 'HOLD', 'HOLD', 'HOLD', 'HOLD', 'HOLD', 'HOLD', 'HOLD', 'HOLD', 'HOLD', 'HOLD', 'HOLD', 'HOLD', 'HOLD', 'HOLD', 'HOLD', 'HOLD', 'HOLD', 'HOLD', 'HOLD', 'HOLD', 'HOLD', 'HOLD', 'HOLD', 'HOLD', 'HOLD', 'HOLD', 'HOLD', 'HOLD', 'HOLD', 'HOLD', 'HOLD', 'HOLD', 'HOLD', 'HOLD', 'HOLD', 'HOLD', 'HOLD', 'HOLD', 'HOLD', 'HOLD', 'HOLD', 'HOLD', 'HOLD', 'ABORT', 'ABORT', 'ABORT', 'ABORT', 'ABORT', 'ABORT', 'ABORT', 'ABORT', 'ABORT', 'ABORT', 'ABORT', 'ABORT', 'ABORT', 'ABORT', 'ABORT', 'ABORT']"
pedestrian_curb,night,4,0.2018,-0.0034,0.0,0.6409,0.5,0,0,"['CRUISE', 'CRUISE', 'CRUISE', 'CRUISE', 'CRUISE', 'CRUISE', 'CRUISE', 'CRUISE', 'CRUISE', 'PROBE', 'PROBE', 'PROBE', 'PROBE', 'PROBE', 'PROBE', 'PROBE', 'HOLD', 'HOLD', 'HOLD', 'HOLD', 'HOLD', 'HOLD', 'HOLD', 'HOLD', 'HOLD', 'HOLD', 'HOLD', 'HOLD', 'HOLD', 'HOLD', 'HOLD', 'HOLD', 'HOLD', 'HOLD', 'HOLD', 'HOLD', 'HOLD', 'HOLD', 'HOLD', 'HOLD', 'HOLD', 'HOLD', 'HOLD', 'HOLD', 'HOLD', 'HOLD', 'HOLD', 'HOLD', 'HOLD', 'HOLD', 'HOLD', 'HOLD', 'HOLD', 'HOLD', 'HOLD', 'HOLD', 'HOLD', 'HOLD', 'HOLD', 'HOLD', 'HOLD', 'HOLD', 'HOLD', 'HOLD', 'HOLD', 'HOLD', 'HOLD', 'HOLD', 'HOLD', 'HOLD', 'HOLD', 'HOLD', 'HOLD', 'HOLD', 'HOLD', 'HOLD', 'HOLD', 'HOLD', 'HOLD', 'HOLD', 'HOLD', 'HOLD', 'HOLD', 'HOLD', 'HOLD', 'HOLD', 'HOLD', 'HOLD', 'HOLD', 'HOLD', 'HOLD', 'HOLD', 'HOLD', 'HOLD', 'HOLD', 'HOLD', 'HOLD', 'HOLD', 'HOLD', 'HOLD', 'HOLD', 'HOLD', 'HOLD', 'HOLD', 'HOLD', 'HOLD', 'HOLD', 'HOLD', 'HOLD', 'HOLD', 'HOLD', 'HOLD', 'HOLD', 'ABORT', 'ABORT', 'ABORT', 'ABORT', 'ABORT', 'ABORT', 'ABORT', 'ABORT', 'ABORT', 'ABORT', 'ABORT', 'ABORT', 'ABORT', 'ABORT', 'ABORT', 'ABORT']"
pedestrian_curb,night,5,0.6,0.0,0.0,0.0,0.0,0,0,"['CRUISE', 'CRUISE', 'CRUISE', 'CRUISE', 'CRUISE', 'CRUISE', 'CRUISE', 'CRUISE', 'PROBE', 'PROBE', 'PROBE', 'PROBE', 'PROBE', 'PROBE', 'PROBE', 'PROBE', 'PROBE', 'PROBE', 'HOLD', 'HOLD', 'HOLD', 'HOLD', 'HOLD', 'HOLD', 'HOLD', 'HOLD', 'HOLD', 'HOLD', 'HOLD', 'HOLD', 'HOLD', 'HOLD', 'HOLD', 'HOLD', 'HOLD', 'HOLD', 'HOLD', 'HOLD', 'HOLD', 'HOLD', 'HOLD', 'HOLD', 'HOLD', 'HOLD', 'HOLD', 'HOLD', 'HOLD', 'HOLD', 'PROBE', 'PROBE', 'PROBE', 'PROBE', 'PROBE', 'PROBE', 'PROBE', 'HOLD', 'HOLD', 'HOLD', 'HOLD', 'HOLD', 'HOLD', 'HOLD', 'HOLD', 'HOLD', 'HOLD', 'HOLD', 'HOLD', 'HOLD', 'HOLD', 'HOLD', 'HOLD', 'HOLD', 'HOLD', 'HOLD', 'HOLD', 'HOLD', 'HOLD', 'HOLD', 'HOLD', 'HOLD', 'HOLD', 'HOLD', 'HOLD', 'HOLD', 'HOLD', 'HOLD', 'HOLD', 'HOLD', 'HOLD', 'HOLD', 'HOLD', 'HOLD', 'HOLD', 'HOLD', 'HOLD', 'HOLD', 'HOLD', 'HOLD', 'HOLD', 'HOLD', 'HOLD', 'HOLD', 'HOLD', 'HOLD', 'HOLD', 'HOLD', 'HOLD', 'HOLD', 'HOLD', 'HOLD', 'HOLD', 'HOLD', 'HOLD', 'HOLD', 'HOLD', 'HOLD', 'HOLD', 'HOLD', 'HOLD', 'HOLD', 'HOLD', 'HOLD', 'HOLD', 'HOLD', 'HOLD', 'HOLD', 'HOLD', 'HOLD', 'HOLD']"
pedestrian_curb,night,6,0.2032,-0.0005,0.0,0.6418,0.5,0,0,"['CRUISE', 'CRUISE', 'CRUISE', 'CRUISE', 'CRUISE', 'CRUISE', 'CRUISE', 'CRUISE', 'CRUISE', 'PROBE', 'PROBE', 'PROBE', 'PROBE', 'PROBE', 'PROBE', 'PROBE', 'HOLD', 'HOLD', 'HOLD', 'HOLD', 'HOLD', 'HOLD', 'HOLD', 'HOLD', 'HOLD', 'HOLD', 'HOLD', 'HOLD', 'HOLD', 'HOLD', 'HOLD', 'HOLD', 'HOLD', 'HOLD', 'HOLD', 'HOLD', 'HOLD', 'HOLD', 'HOLD', 'HOLD', 'HOLD', 'HOLD', 'HOLD', 'HOLD', 'HOLD', 'HOLD', 'HOLD', 'HOLD', 'HOLD', 'HOLD', 'HOLD', 'HOLD', 'HOLD', 'HOLD', 'HOLD', 'HOLD', 'HOLD', 'HOLD', 'HOLD', 'HOLD', 'HOLD', 'HOLD', 'HOLD', 'HOLD', 'HOLD', 'HOLD', 'HOLD', 'HOLD', 'HOLD', 'HOLD', 'HOLD', 'HOLD', 'HOLD', 'HOLD', 'HOLD', 'HOLD', 'HOLD', 'HOLD', 'HOLD', 'HOLD', 'HOLD', 'HOLD', 'HOLD', 'HOLD', 'HOLD', 'HOLD', 'HOLD', 'HOLD', 'HOLD', 'HOLD', 'HOLD', 'HOLD', 'HOLD', 'HOLD', 'HOLD', 'HOLD', 'HOLD', 'HOLD', 'HOLD', 'HOLD', 'HOLD', 'HOLD', 'HOLD', 'HOLD', 'HOLD', 'HOLD', 'HOLD', 'HOLD', 'HOLD', 'HOLD', 'HOLD', 'HOLD', 'HOLD', 'ABORT', 'ABORT', 'ABORT', 'ABORT', 'ABORT', 'ABORT', 'ABORT', 'ABORT', 'ABORT', 'ABORT', 'ABORT', 'ABORT', 'ABORT', 'ABORT', 'ABORT', 'ABORT']"
pedestrian_curb,night,7,0.2033,0.0,0.0,0.6415,0.5,0,0,"['CRUISE', 'CRUISE', 'CRUISE', 'CRUISE', 'CRUISE', 'CRUISE', 'CRUISE', 'CRUISE', 'CRUISE', 'PROBE', 'PROBE', 'PROBE', 'PROBE', 'PROBE', 'PROBE', 'PROBE', 'HOLD', 'HOLD', 'HOLD', 'HOLD', 'HOLD', 'HOLD', 'HOLD', 'HOLD', 'HOLD', 'HOLD', 'HOLD', 'HOLD', 'HOLD', 'HOLD', 'HOLD', 'HOLD', 'HOLD', 'HOLD', 'HOLD', 'HOLD', 'HOLD', 'HOLD', 'HOLD', 'HOLD', 'HOLD', 'HOLD', 'HOLD', 'HOLD', 'HOLD', 'HOLD', 'HOLD', 'HOLD', 'HOLD', 'HOLD', 'HOLD', 'HOLD', 'HOLD', 'HOLD', 'HOLD', 'HOLD', 'HOLD', 'HOLD', 'HOLD', 'HOLD', 'HOLD', 'HOLD', 'HOLD', 'HOLD', 'HOLD', 'HOLD', 'HOLD', 'HOLD', 'HOLD', 'HOLD', 'HOLD', 'HOLD', 'HOLD', 'HOLD', 'HOLD', 'HOLD', 'HOLD', 'HOLD', 'HOLD', 'HOLD', 'HOLD', 'HOLD', 'HOLD', 'HOLD', 'HOLD', 'HOLD', 'HOLD', 'HOLD', 'HOLD', 'HOLD', 'HOLD', 'HOLD', 'HOLD', 'HOLD', 'HOLD', 'HOLD', 'HOLD', 'HOLD', 'HOLD', 'HOLD', 'HOLD', 'HOLD', 'HOLD', 'HOLD', 'HOLD', 'HOLD', 'HOLD', 'HOLD', 'HOLD', 'HOLD', 'HOLD', 'HOLD', 'HOLD', 'ABORT', 'ABORT', 'ABORT', 'ABORT', 'ABORT', 'ABORT', 'ABORT', 'ABORT', 'ABORT', 'ABORT', 'ABORT', 'ABORT', 'ABORT', 'ABORT', 'ABORT', 'ABORT']"
pedestrian_curb,night,8,0.2033,-0.0,0.0,0.6416,0.5,0,0,"['CRUISE', 'CRUISE', 'CRUISE', 'CRUISE', 'CRUISE', 'CRUISE', 'CRUISE', 'CRUISE', 'PROBE', 'PROBE', 'PROBE', 'PROBE', 'PROBE', 'PROBE', 'PROBE', 'HOLD', 'HOLD', 'HOLD', 'HOLD', 'HOLD', 'HOLD', 'HOLD', 'HOLD', 'HOLD', 'HOLD', 'HOLD', 'HOLD', 'HOLD', 'HOLD', 'HOLD', 'HOLD', 'HOLD', 'HOLD', 'HOLD', 'HOLD', 'HOLD', 'HOLD', 'HOLD', 'HOLD', 'HOLD', 'HOLD', 'HOLD', 'HOLD', 'HOLD', 'HOLD', 'HOLD', 'HOLD', 'HOLD', 'HOLD', 'HOLD', 'HOLD', 'HOLD', 'HOLD', 'HOLD', 'HOLD', 'HOLD', 'HOLD', 'HOLD', 'HOLD', 'HOLD', 'HOLD', 'HOLD', 'HOLD', 'HOLD', 'HOLD', 'HOLD', 'HOLD', 'HOLD', 'HOLD', 'HOLD', 'HOLD', 'HOLD', 'HOLD', 'HOLD', 'HOLD', 'HOLD', 'HOLD', 'HOLD', 'HOLD', 'HOLD', 'HOLD', 'HOLD', 'HOLD', 'HOLD', 'HOLD', 'HOLD', 'HOLD', 'HOLD', 'HOLD', 'HOLD', 'HOLD', 'HOLD', 'HOLD', 'HOLD', 'HOLD', 'HOLD', 'HOLD', 'HOLD', 'HOLD', 'HOLD', 'HOLD', 'HOLD', 'HOLD', 'HOLD', 'HOLD', 'HOLD', 'HOLD', 'HOLD', 'HOLD', 'HOLD', 'HOLD', 'ABORT', 'ABORT', 'ABORT', 'ABORT', 'ABORT', 'ABORT', 'ABORT', 'ABORT', 'ABORT', 'ABORT', 'ABORT', 'ABORT', 'ABORT', 'ABORT', 'ABORT', 'ABORT', 'ABORT']"
pedestrian_curb,night,9,0.2034,-0.0,0.0,0.6422,0.5,0,0,"['CRUISE', 'CRUISE', 'CRUISE', 'CRUISE', 'CRUISE', 'CRUISE', 'CRUISE', 'CRUISE', 'CRUISE', 'PROBE', 'PROBE', 'PROBE', 'PROBE', 'PROBE', 'PROBE', 'PROBE', 'HOLD', 'HOLD', 'HOLD', 'HOLD', 'HOLD', 'HOLD', 'HOLD', 'HOLD', 'HOLD', 'HOLD', 'HOLD', 'HOLD', 'HOLD', 'HOLD', 'HOLD', 'HOLD', 'HOLD', 'HOLD', 'HOLD', 'HOLD', 'HOLD', 'HOLD', 'HOLD', 'HOLD', 'HOLD', 'HOLD', 'HOLD', 'HOLD', 'HOLD', 'HOLD', 'HOLD', 'HOLD', 'HOLD', 'HOLD', 'HOLD', 'HOLD', 'HOLD', 'HOLD', 'HOLD', 'HOLD', 'HOLD', 'HOLD', 'HOLD', 'HOLD', 'HOLD', 'HOLD', 'HOLD', 'HOLD', 'HOLD', 'HOLD', 'HOLD', 'HOLD', 'HOLD', 'HOLD', 'HOLD', 'HOLD', 'HOLD', 'HOLD', 'HOLD', 'HOLD', 'HOLD', 'HOLD', 'HOLD', 'HOLD', 'HOLD', 'HOLD', 'HOLD', 'HOLD', 'HOLD', 'HOLD', 'HOLD', 'HOLD', 'HOLD', 'HOLD', 'HOLD', 'HOLD', 'HOLD', 'HOLD', 'HOLD', 'HOLD', 'HOLD', 'HOLD', 'HOLD', 'HOLD', 'HOLD', 'HOLD', 'HOLD', 'HOLD', 'HOLD', 'HOLD', 'HOLD', 'HOLD', 'HOLD', 'HOLD', 'HOLD', 'HOLD', 'HOLD', 'ABORT', 'ABORT', 'ABORT', 'ABORT', 'ABORT', 'ABORT', 'ABORT', 'ABORT', 'ABORT', 'ABORT', 'ABORT', 'ABORT', 'ABORT', 'ABORT', 'ABORT', 'ABORT']"
pedestrian_curb,night,10,0.203,0.0,0.0,0.6399,0.5,0,0,"['CRUISE', 'CRUISE', 'CRUISE', 'CRUISE', 'CRUISE', 'CRUISE', 'CRUISE', 'CRUISE', 'CRUISE', 'PROBE', 'PROBE', 'PROBE', 'PROBE', 'PROBE', 'PROBE', 'PROBE', 'HOLD', 'HOLD', 'HOLD', 'HOLD', 'HOLD', 'HOLD', 'HOLD', 'HOLD', 'HOLD', 'HOLD', 'HOLD', 'HOLD', 'HOLD', 'HOLD', 'HOLD', 'HOLD', 'HOLD', 'HOLD', 'HOLD', 'HOLD', 'HOLD', 'HOLD', 'HOLD', 'HOLD', 'HOLD', 'HOLD', 'HOLD', 'HOLD', 'HOLD', 'HOLD', 'HOLD', 'HOLD', 'HOLD', 'HOLD', 'HOLD', 'HOLD', 'HOLD', 'HOLD', 'HOLD', 'HOLD', 'HOLD', 'HOLD', 'HOLD', 'HOLD', 'HOLD', 'HOLD', 'HOLD', 'HOLD', 'HOLD', 'HOLD', 'HOLD', 'HOLD', 'HOLD', 'HOLD', 'HOLD', 'HOLD', 'HOLD', 'HOLD', 'HOLD', 'HOLD', 'HOLD', 'HOLD', 'HOLD', 'HOLD', 'HOLD', 'HOLD', 'HOLD', 'HOLD', 'HOLD', 'HOLD', 'HOLD', 'HOLD', 'HOLD', 'HOLD', 'HOLD', 'HOLD', 'HOLD', 'HOLD', 'HOLD', 'HOLD', 'HOLD', 'HOLD', 'HOLD', 'HOLD', 'HOLD', 'HOLD', 'HOLD', 'HOLD', 'HOLD', 'HOLD', 'HOLD', 'HOLD', 'HOLD', 'HOLD', 'HOLD', 'HOLD', 'HOLD', 'ABORT', 'ABORT', 'ABORT', 'ABORT', 'ABORT', 'ABORT', 'ABORT', 'ABORT', 'ABORT', 'ABORT', 'ABORT', 'ABORT', 'ABORT', 'ABORT', 'ABORT', 'ABORT']"
pedestrian_curb,night,11,0.2033,-0.0,0.0,0.6417,0.5,0,0,"['CRUISE', 'CRUISE', 'CRUISE', 'CRUISE', 'CRUISE', 'CRUISE', 'CRUISE', 'CRUISE', 'CRUISE', 'PROBE', 'PROBE', 'PROBE', 'PROBE', 'PROBE', 'PROBE', 'PROBE', 'HOLD', 'HOLD', 'HOLD', 'HOLD', 'HOLD', 'HOLD', 'HOLD', 'HOLD', 'HOLD', 'HOLD', 'HOLD', 'HOLD', 'HOLD', 'HOLD', 'HOLD', 'HOLD', 'HOLD', 'HOLD', 'HOLD', 'HOLD', 'HOLD', 'HOLD', 'HOLD', 'HOLD', 'HOLD', 'HOLD', 'HOLD', 'HOLD', 'HOLD', 'HOLD', 'HOLD', 'HOLD', 'HOLD', 'HOLD', 'HOLD', 'HOLD', 'HOLD', 'HOLD', 'HOLD', 'HOLD', 'HOLD', 'HOLD', 'HOLD', 'HOLD', 'HOLD', 'HOLD', 'HOLD', 'HOLD', 'HOLD', 'HOLD', 'HOLD', 'HOLD', 'HOLD', 'HOLD', 'HOLD', 'HOLD', 'HOLD', 'HOLD', 'HOLD', 'HOLD', 'HOLD', 'HOLD', 'HOLD', 'HOLD', 'HOLD', 'HOLD', 'HOLD', 'HOLD', 'HOLD', 'HOLD', 'HOLD', 'HOLD', 'HOLD', 'HOLD', 'HOLD', 'HOLD', 'HOLD', 'HOLD', 'HOLD', 'HOLD', 'HOLD', 'HOLD', 'HOLD', 'HOLD', 'HOLD', 'HOLD', 'HOLD', 'HOLD', 'HOLD', 'HOLD', 'HOLD', 'HOLD', 'HOLD', 'HOLD', 'HOLD', 'HOLD', 'ABORT', 'ABORT', 'ABORT', 'ABORT', 'ABORT', 'ABORT', 'ABORT', 'ABORT', 'ABORT', 'ABORT', 'ABORT', 'ABORT', 'ABORT', 'ABORT', 'ABORT', 'ABORT']"
pedestrian_curb,night,12,0.2033,-0.0,0.0,0.6416,0.5,0,0,"['CRUISE', 'CRUISE', 'CRUISE', 'CRUISE', 'CRUISE', 'CRUISE', 'CRUISE', 'CRUISE', 'CRUISE', 'PROBE', 'PROBE', 'PROBE', 'PROBE', 'PROBE', 'PROBE', 'PROBE', 'HOLD', 'HOLD', 'HOLD', 'HOLD', 'HOLD', 'HOLD', 'HOLD', 'HOLD', 'HOLD', 'HOLD', 'HOLD', 'HOLD', 'HOLD', 'HOLD', 'HOLD', 'HOLD', 'HOLD', 'HOLD', 'HOLD', 'HOLD', 'HOLD', 'HOLD', 'HOLD', 'HOLD', 'HOLD', 'HOLD', 'HOLD', 'HOLD', 'HOLD', 'HOLD', 'HOLD', 'HOLD', 'HOLD', 'HOLD', 'HOLD', 'HOLD', 'HOLD', 'HOLD', 'HOLD', 'HOLD', 'HOLD', 'HOLD', 'HOLD', 'HOLD', 'HOLD', 'HOLD', 'HOLD', 'HOLD', 'HOLD', 'HOLD', 'HOLD', 'HOLD', 'HOLD', 'HOLD', 'HOLD', 'HOLD', 'HOLD', 'HOLD', 'HOLD', 'HOLD', 'HOLD', 'HOLD', 'HOLD', 'HOLD', 'HOLD', 'HOLD', 'HOLD', 'HOLD', 'HOLD', 'HOLD', 'HOLD', 'HOLD', 'HOLD', 'HOLD', 'HOLD', 'HOLD', 'HOLD', 'HOLD', 'HOLD', 'HOLD', 'HOLD', 'HOLD', 'HOLD', 'HOLD', 'HOLD', 'HOLD', 'HOLD', 'HOLD', 'HOLD', 'HOLD', 'HOLD', 'HOLD', 'HOLD', 'HOLD', 'HOLD', 'HOLD', 'HOLD', 'ABORT', 'ABORT', 'ABORT', 'ABORT', 'ABORT', 'ABORT', 'ABORT', 'ABORT', 'ABORT', 'ABORT', 'ABORT', 'ABORT', 'ABORT', 'ABORT', 'ABORT', 'ABORT']"
pedestrian_curb,night,13,0.2033,-0.0003,0.0,0.6418,0.5,0,0,"['CRUISE', 'CRUISE', 'CRUISE', 'CRUISE', 'CRUISE', 'CRUISE', 'CRUISE', 'CRUISE', 'CRUISE', 'PROBE', 'PROBE', 'PROBE', 'PROBE', 'PROBE', 'PROBE', 'PROBE', 'HOLD', 'HOLD', 'HOLD', 'HOLD', 'HOLD', 'HOLD', 'HOLD', 'HOLD', 'HOLD', 'HOLD', 'HOLD', 'HOLD', 'HOLD', 'HOLD', 'HOLD', 'HOLD', 'HOLD', 'HOLD', 'HOLD', 'HOLD', 'HOLD', 'HOLD', 'HOLD', 'HOLD', 'HOLD', 'HOLD', 'HOLD', 'HOLD', 'HOLD', 'HOLD', 'HOLD', 'HOLD', 'HOLD', 'HOLD', 'HOLD', 'HOLD', 'HOLD', 'HOLD', 'HOLD', 'HOLD', 'HOLD', 'HOLD', 'HOLD', 'HOLD', 'HOLD', 'HOLD', 'HOLD', 'HOLD', 'HOLD', 'HOLD', 'HOLD', 'HOLD', 'HOLD', 'HOLD', 'HOLD', 'HOLD', 'HOLD', 'HOLD', 'HOLD', 'HOLD', 'HOLD', 'HOLD', 'HOLD', 'HOLD', 'HOLD', 'HOLD', 'HOLD', 'HOLD', 'HOLD', 'HOLD', 'HOLD', 'HOLD', 'HOLD', 'HOLD', 'HOLD', 'HOLD', 'HOLD', 'HOLD', 'HOLD', 'HOLD', 'HOLD', 'HOLD', 'HOLD', 'HOLD', 'HOLD', 'HOLD', 'HOLD', 'HOLD', 'HOLD', 'HOLD', 'HOLD', 'HOLD', 'HOLD', 'HOLD', 'HOLD', 'HOLD', 'HOLD', 'ABORT', 'ABORT', 'ABORT', 'ABORT', 'ABORT', 'ABORT', 'ABORT', 'ABORT', 'ABORT', 'ABORT', 'ABORT', 'ABORT', 'ABORT', 'ABORT', 'ABORT', 'ABORT']"
pedestrian_curb,night,14,0.6,0.0,0.0,0.0,0.0,0,0,"['CRUISE', 'CRUISE', 'CRUISE', 'CRUISE', 'CRUISE', 'CRUISE', 'CRUISE', 'CRUISE', 'CRUISE', 'CRUISE', 'CRUISE', 'CRUISE', 'CRUISE', 'CRUISE', 'CRUISE', 'CRUISE', 'CRUISE', 'CRUISE', 'CRUISE', 'CRUISE', 'CRUISE', 'CRUISE', 'CRUISE', 'CRUISE', 'CRUISE', 'CRUISE', 'CRUISE', 'CRUISE', 'CRUISE', 'CRUISE', 'CRUISE', 'CRUISE', 'CRUISE', 'CRUISE', 'CRUISE', 'CRUISE', 'CRUISE', 'CRUISE', 'CRUISE', 'CRUISE', 'CRUISE', 'CRUISE', 'CRUISE', 'CRUISE', 'CRUISE', 'CRUISE', 'CRUISE', 'CRUISE', 'CRUISE', 'CRUISE', 'CRUISE', 'CRUISE', 'CRUISE', 'CRUISE', 'CRUISE', 'CRUISE', 'CRUISE', 'CRUISE', 'CRUISE', 'CRUISE', 'CRUISE', 'CRUISE', 'CRUISE', 'CRUISE', 'CRUISE', 'CRUISE', 'CRUISE', 'CRUISE', 'CRUISE', 'CRUISE', 'CRUISE', 'CRUISE', 'CRUISE', 'CRUISE', 'CRUISE', 'CRUISE', 'CRUISE', 'CRUISE', 'CRUISE', 'CRUISE', 'CRUISE', 'CRUISE', 'CRUISE', 'CRUISE', 'CRUISE', 'CRUISE', 'CRUISE', 'CRUISE', 'CRUISE', 'CRUISE', 'CRUISE', 'CRUISE', 'CRUISE', 'CRUISE', 'CRUISE', 'CRUISE', 'CRUISE', 'CRUISE', 'CRUISE', 'CRUISE', 'CRUISE', 'CRUISE', 'CRUISE', 'CRUISE', 'CRUISE', 'CRUISE', 'CRUISE', 'CRUISE', 'CRUISE', 'CRUISE', 'CRUISE', 'CRUISE', 'CRUISE', 'CRUISE', 'CRUISE', 'CRUISE', 'CRUISE', 'CRUISE', 'CRUISE', 'CRUISE', 'CRUISE', 'CRUISE', 'CRUISE', 'CRUISE', 'CRUISE', 'CRUISE', 'CRUISE', 'CRUISE', 'CRUISE']"
pedestrian_curb,night,15,0.2029,0.0,0.0,0.6396,0.5,0,0,"['CRUISE', 'CRUISE', 'CRUISE', 'CRUISE', 'CRUISE', 'CRUISE', 'CRUISE', 'CRUISE', 'CRUISE', 'PROBE', 'PROBE', 'PROBE', 'PROBE', 'PROBE', 'PROBE', 'PROBE', 'PROBE', 'HOLD', 'HOLD', 'HOLD', 'HOLD', 'HOLD', 'HOLD', 'HOLD', 'HOLD', 'HOLD', 'HOLD', 'HOLD', 'HOLD', 'HOLD', 'HOLD', 'HOLD', 'HOLD', 'HOLD', 'HOLD', 'HOLD', 'HOLD', 'HOLD', 'HOLD', 'HOLD', 'HOLD', 'HOLD', 'HOLD', 'HOLD', 'HOLD', 'HOLD', 'HOLD', 'HOLD', 'HOLD', 'HOLD', 'HOLD', 'HOLD', 'HOLD', 'HOLD', 'HOLD', 'HOLD', 'HOLD', 'HOLD', 'HOLD', 'HOLD', 'HOLD', 'HOLD', 'HOLD', 'HOLD', 'HOLD', 'HOLD', 'HOLD', 'HOLD', 'HOLD', 'HOLD', 'HOLD', 'HOLD', 'HOLD', 'HOLD', 'HOLD', 'HOLD', 'HOLD', 'HOLD', 'HOLD', 'HOLD', 'HOLD', 'HOLD', 'HOLD', 'HOLD', 'HOLD', 'HOLD', 'HOLD', 'HOLD', 'HOLD', 'HOLD', 'HOLD', 'HOLD', 'HOLD', 'HOLD', 'HOLD', 'HOLD', 'HOLD', 'HOLD', 'HOLD', 'HOLD', 'HOLD', 'HOLD', 'HOLD', 'HOLD', 'HOLD', 'HOLD', 'HOLD', 'HOLD', 'HOLD', 'HOLD', 'HOLD', 'HOLD', 'HOLD', 'HOLD', 'ABORT', 'ABORT', 'ABORT', 'ABORT', 'ABORT', 'ABORT', 'ABORT', 'ABORT', 'ABORT', 'ABORT', 'ABORT', 'ABORT', 'ABORT', 'ABORT', 'ABORT']"
pedestrian_curb,night,16,0.2031,-0.0001,0.0,0.6409,0.5,0,0,"['CRUISE', 'CRUISE', 'CRUISE', 'CRUISE', 'CRUISE', 'CRUISE', 'CRUISE', 'CRUISE', 'CRUISE', 'PROBE', 'PROBE', 'PROBE', 'PROBE', 'PROBE', 'PROBE', 'PROBE', 'HOLD', 'HOLD', 'HOLD', 'HOLD', 'HOLD', 'HOLD', 'HOLD', 'HOLD', 'HOLD', 'HOLD', 'HOLD', 'HOLD', 'HOLD', 'HOLD', 'HOLD', 'HOLD', 'HOLD', 'HOLD', 'HOLD', 'HOLD', 'HOLD', 'HOLD', 'HOLD', 'HOLD', 'HOLD', 'HOLD', 'HOLD', 'HOLD', 'HOLD', 'HOLD', 'HOLD', 'HOLD', 'HOLD', 'HOLD', 'HOLD', 'HOLD', 'HOLD', 'HOLD', 'HOLD', 'HOLD', 'HOLD', 'HOLD', 'HOLD', 'HOLD', 'HOLD', 'HOLD', 'HOLD', 'HOLD', 'HOLD', 'HOLD', 'HOLD', 'HOLD', 'HOLD', 'HOLD', 'HOLD', 'HOLD', 'HOLD', 'HOLD', 'HOLD', 'HOLD', 'HOLD', 'HOLD', 'HOLD', 'HOLD', 'HOLD', 'HOLD', 'HOLD', 'HOLD', 'HOLD', 'HOLD', 'HOLD', 'HOLD', 'HOLD', 'HOLD', 'HOLD', 'HOLD', 'HOLD', 'HOLD', 'HOLD', 'HOLD', 'HOLD', 'HOLD', 'HOLD', 'HOLD', 'HOLD', 'HOLD', 'HOLD', 'HOLD', 'HOLD', 'HOLD', 'HOLD', 'HOLD', 'HOLD', 'HOLD', 'HOLD', 'HOLD', 'HOLD', 'ABORT', 'ABORT', 'ABORT', 'ABORT', 'ABORT', 'ABORT', 'ABORT', 'ABORT', 'ABORT', 'ABORT', 'ABORT', 'ABORT', 'ABORT', 'ABORT', 'ABORT', 'ABORT']"
pedestrian_curb,night,17,0.2034,0.0,0.0,0.6419,0.5,0,0,"['CRUISE', 'CRUISE', 'CRUISE', 'CRUISE', 'CRUISE', 'CRUISE', 'CRUISE', 'CRUISE', 'CRUISE', 'PROBE', 'PROBE', 'PROBE', 'PROBE', 'PROBE', 'PROBE', 'PROBE', 'HOLD', 'HOLD', 'HOLD', 'HOLD', 'HOLD', 'HOLD', 'HOLD', 'HOLD', 'HOLD', 'HOLD', 'HOLD', 'HOLD', 'HOLD', 'HOLD', 'HOLD', 'HOLD', 'HOLD', 'HOLD', 'HOLD', 'HOLD', 'HOLD', 'HOLD', 'HOLD', 'HOLD', 'HOLD', 'HOLD', 'HOLD', 'HOLD', 'HOLD', 'HOLD', 'HOLD', 'HOLD', 'HOLD', 'HOLD', 'HOLD', 'HOLD', 'HOLD', 'HOLD', 'HOLD', 'HOLD', 'HOLD', 'HOLD', 'HOLD', 'HOLD', 'HOLD', 'HOLD', 'HOLD', 'HOLD', 'HOLD', 'HOLD', 'HOLD', 'HOLD', 'HOLD', 'HOLD', 'HOLD', 'HOLD', 'HOLD', 'HOLD', 'HOLD', 'HOLD', 'HOLD', 'HOLD', 'HOLD', 'HOLD', 'HOLD', 'HOLD', 'HOLD', 'HOLD', 'HOLD', 'HOLD', 'HOLD', 'HOLD', 'HOLD', 'HOLD', 'HOLD', 'HOLD', 'HOLD', 'HOLD', 'HOLD', 'HOLD', 'HOLD', 'HOLD', 'HOLD', 'HOLD', 'HOLD', 'HOLD', 'HOLD', 'HOLD', 'HOLD', 'HOLD', 'HOLD', 'HOLD', 'HOLD', 'HOLD', 'HOLD', 'HOLD', 'HOLD', 'ABORT', 'ABORT', 'ABORT', 'ABORT', 'ABORT', 'ABORT', 'ABORT', 'ABORT', 'ABORT', 'ABORT', 'ABORT', 'ABORT', 'ABORT', 'ABORT', 'ABORT', 'ABORT']"
pedestrian_curb,night,18,0.2034,0.0,0.0,0.6421,0.5,0,0,"['CRUISE', 'CRUISE', 'CRUISE', 'CRUISE', 'CRUISE', 'CRUISE', 'CRUISE', 'CRUISE', 'CRUISE', 'PROBE', 'PROBE', 'PROBE', 'PROBE', 'PROBE', 'PROBE', 'PROBE', 'HOLD', 'HOLD', 'HOLD', 'HOLD', 'HOLD', 'HOLD', 'HOLD', 'HOLD', 'HOLD', 'HOLD', 'HOLD', 'HOLD', 'HOLD', 'HOLD', 'HOLD', 'HOLD', 'HOLD', 'HOLD', 'HOLD', 'HOLD', 'HOLD', 'HOLD', 'HOLD', 'HOLD', 'HOLD', 'HOLD', 'HOLD', 'HOLD', 'HOLD', 'HOLD', 'HOLD', 'HOLD', 'HOLD', 'HOLD', 'HOLD', 'HOLD', 'HOLD', 'HOLD', 'HOLD', 'HOLD', 'HOLD', 'HOLD', 'HOLD', 'HOLD', 'HOLD', 'HOLD', 'HOLD', 'HOLD', 'HOLD', 'HOLD', 'HOLD', 'HOLD', 'HOLD', 'HOLD', 'HOLD', 'HOLD', 'HOLD', 'HOLD', 'HOLD', 'HOLD', 'HOLD', 'HOLD', 'HOLD', 'HOLD', 'HOLD', 'HOLD', 'HOLD', 'HOLD', 'HOLD', 'HOLD', 'HOLD', 'HOLD', 'HOLD', 'HOLD', 'HOLD', 'HOLD', 'HOLD', 'HOLD', 'HOLD', 'HOLD', 'HOLD', 'HOLD', 'HOLD', 'HOLD', 'HOLD', 'HOLD', 'HOLD', 'HOLD', 'HOLD', 'HOLD', 'HOLD', 'HOLD', 'HOLD', 'HOLD', 'HOLD', 'HOLD', 'HOLD', 'ABORT', 'ABORT', 'ABORT', 'ABORT', 'ABORT', 'ABORT', 'ABORT', 'ABORT', 'ABORT', 'ABORT', 'ABORT', 'ABORT', 'ABORT', 'ABORT', 'ABORT', 'ABORT']"
pedestrian_curb,night,19,0.6,0.0,0.0,0.0,0.0,0,0,"['CRUISE', 'CRUISE', 'CRUISE', 'CRUISE', 'CRUISE', 'CRUISE', 'CRUISE', 'CRUISE', 'CRUISE', 'CRUISE', 'CRUISE', 'CRUISE', 'CRUISE', 'CRUISE', 'CRUISE', 'CRUISE', 'CRUISE', 'CRUISE', 'CRUISE', 'CRUISE', 'CRUISE', 'CRUISE', 'CRUISE', 'CRUISE', 'CRUISE', 'CRUISE', 'CRUISE', 'CRUISE', 'CRUISE', 'CRUISE', 'CRUISE', 'CRUISE', 'CRUISE', 'CRUISE', 'CRUISE', 'CRUISE', 'CRUISE', 'CRUISE', 'CRUISE', 'CRUISE', 'CRUISE', 'CRUISE', 'CRUISE', 'CRUISE', 'CRUISE', 'CRUISE', 'CRUISE', 'CRUISE', 'CRUISE', 'CRUISE', 'CRUISE', 'CRUISE', 'CRUISE', 'CRUISE', 'CRUISE', 'CRUISE', 'CRUISE', 'CRUISE', 'CRUISE', 'CRUISE', 'CRUISE', 'CRUISE', 'CRUISE', 'CRUISE', 'CRUISE', 'CRUISE', 'CRUISE', 'CRUISE', 'CRUISE', 'CRUISE', 'CRUISE', 'CRUISE', 'CRUISE', 'CRUISE', 'CRUISE', 'CRUISE', 'CRUISE', 'CRUISE', 'CRUISE', 'CRUISE', 'CRUISE', 'CRUISE', 'CRUISE', 'CRUISE', 'CRUISE', 'CRUISE', 'CRUISE', 'CRUISE', 'CRUISE', 'CRUISE', 'CRUISE', 'CRUISE', 'CRUISE', 'CRUISE', 'CRUISE', 'CRUISE', 'CRUISE', 'CRUISE', 'CRUISE', 'CRUISE', 'CRUISE', 'CRUISE', 'CRUISE', 'CRUISE', 'CRUISE', 'CRUISE', 'CRUISE', 'CRUISE', 'CRUISE', 'CRUISE', 'CRUISE', 'CRUISE', 'CRUISE', 'CRUISE', 'CRUISE', 'CRUISE', 'CRUISE', 'CRUISE', 'CRUISE', 'CRUISE', 'CRUISE', 'CRUISE', 'CRUISE', 'CRUISE', 'CRUISE', 'CRUISE', 'CRUISE', 'CRUISE', 'CRUISE']"
merge_hesitation,clear,0,0.2033,-0.0,0.0,0.6417,0.5,0,0,"['CRUISE', 'CRUISE', 'CRUISE', 'CRUISE', 'CRUISE', 'CRUISE', 'CRUISE', 'CRUISE', 'CRUISE', 'PROBE', 'PROBE', 'PROBE', 'PROBE', 'PROBE', 'PROBE', 'PROBE', 'HOLD', 'HOLD', 'HOLD', 'HOLD', 'HOLD', 'HOLD', 'HOLD', 'HOLD', 'HOLD', 'HOLD', 'HOLD', 'HOLD', 'HOLD', 'HOLD', 'HOLD', 'HOLD', 'HOLD', 'HOLD', 'HOLD', 'HOLD', 'HOLD', 'HOLD', 'HOLD', 'HOLD', 'HOLD', 'HOLD', 'HOLD', 'HOLD', 'HOLD', 'HOLD', 'HOLD', 'HOLD', 'HOLD', 'HOLD', 'HOLD', 'HOLD', 'HOLD', 'HOLD', 'HOLD', 'HOLD', 'HOLD', 'HOLD', 'HOLD', 'HOLD', 'HOLD', 'HOLD', 'HOLD', 'HOLD', 'HOLD', 'HOLD', 'HOLD', 'HOLD', 'HOLD', 'HOLD', 'HOLD', 'HOLD', 'HOLD', 'HOLD', 'HOLD', 'HOLD', 'HOLD', 'HOLD', 'HOLD', 'HOLD', 'HOLD', 'HOLD', 'HOLD', 'HOLD', 'HOLD', 'HOLD', 'HOLD', 'HOLD', 'HOLD', 'HOLD', 'HOLD', 'HOLD', 'HOLD', 'HOLD', 'HOLD', 'HOLD', 'HOLD', 'HOLD', 'HOLD', 'HOLD', 'HOLD', 'HOLD', 'HOLD', 'HOLD', 'HOLD', 'HOLD', 'HOLD', 'HOLD', 'HOLD', 'HOLD', 'HOLD', 'HOLD', 'HOLD', 'ABORT', 'ABORT', 'ABORT', 'ABORT', 'ABORT', 'ABORT', 'ABORT', 'ABORT', 'ABORT', 'ABORT', 'ABORT', 'ABORT', 'ABORT', 'ABORT', 'ABORT', 'ABORT']"
merge_hesitation,clear,1,0.2035,-0.0,0.0,0.6423,0.5,0,0,"['CRUISE', 'CRUISE', 'CRUISE', 'CRUISE', 'CRUISE', 'CRUISE', 'CRUISE', 'CRUISE', 'CRUISE', 'PROBE', 'PROBE', 'PROBE', 'PROBE', 'PROBE', 'PROBE', 'PROBE', 'HOLD', 'HOLD', 'HOLD', 'HOLD', 'HOLD', 'HOLD', 'HOLD', 'HOLD', 'HOLD', 'HOLD', 'HOLD', 'HOLD', 'HOLD', 'HOLD', 'HOLD', 'HOLD', 'HOLD', 'HOLD', 'HOLD', 'HOLD', 'HOLD', 'HOLD', 'HOLD', 'HOLD', 'HOLD', 'HOLD', 'HOLD', 'HOLD', 'HOLD', 'HOLD', 'HOLD', 'HOLD', 'HOLD', 'HOLD', 'HOLD', 'HOLD', 'HOLD', 'HOLD', 'HOLD', 'HOLD', 'HOLD', 'HOLD', 'HOLD', 'HOLD', 'HOLD', 'HOLD', 'HOLD', 'HOLD', 'HOLD', 'HOLD', 'HOLD', 'HOLD', 'HOLD', 'HOLD', 'HOLD', 'HOLD', 'HOLD', 'HOLD', 'HOLD', 'HOLD', 'HOLD', 'HOLD', 'HOLD', 'HOLD', 'HOLD', 'HOLD', 'HOLD', 'HOLD', 'HOLD', 'HOLD', 'HOLD', 'HOLD', 'HOLD', 'HOLD', 'HOLD', 'HOLD', 'HOLD', 'HOLD', 'HOLD', 'HOLD', 'HOLD', 'HOLD', 'HOLD', 'HOLD', 'HOLD', 'HOLD', 'HOLD', 'HOLD', 'HOLD', 'HOLD', 'HOLD', 'HOLD', 'HOLD', 'HOLD', 'HOLD', 'HOLD', 'HOLD', 'ABORT', 'ABORT', 'ABORT', 'ABORT', 'ABORT', 'ABORT', 'ABORT', 'ABORT', 'ABORT', 'ABORT', 'ABORT', 'ABORT', 'ABORT', 'ABORT', 'ABORT', 'ABORT']"
merge_hesitation,clear,2,0.6,0.0,0.0,0.0,0.0,0,0,"['CRUISE', 'CRUISE', 'CRUISE', 'CRUISE', 'CRUISE', 'CRUISE', 'CRUISE', 'CRUISE', 'CRUISE', 'PROBE', 'PROBE', 'PROBE', 'PROBE', 'PROBE', 'PROBE', 'PROBE', 'PROBE', 'PROBE', 'PROBE', 'PROBE', 'PROBE', 'PROBE', 'PROBE', 'PROBE', 'PROBE', 'PROBE', 'PROBE', 'PROBE', 'PROBE', 'PROBE', 'PROBE', 'PROBE', 'PROBE', 'PROBE', 'PROBE', 'PROBE', 'PROBE', 'PROBE', 'PROBE', 'PROBE', 'PROBE', 'PROBE', 'PROBE', 'PROBE', 'PROBE', 'PROBE', 'PROBE', 'PROBE', 'PROBE', 'PROBE', 'PROBE', 'PROBE', 'PROBE', 'PROBE', 'PROBE', 'PROBE', 'PROBE', 'PROBE', 'HOLD', 'HOLD', 'HOLD', 'HOLD', 'HOLD', 'HOLD', 'HOLD', 'HOLD', 'HOLD', 'HOLD', 'PROBE', 'PROBE', 'PROBE', 'PROBE', 'PROBE', 'PROBE', 'PROBE', 'PROBE', 'PROBE', 'PROBE', 'PROBE', 'PROBE', 'PROBE', 'PROBE', 'PROBE', 'PROBE', 'PROBE', 'PROBE', 'PROBE', 'PROBE', 'PROBE', 'PROBE', 'PROBE', 'PROBE', 'PROBE', 'PROBE', 'PROBE', 'PROBE', 'PROBE', 'PROBE', 'PROBE', 'PROBE', 'PROBE', 'PROBE', 'PROBE', 'PROBE', 'PROBE', 'PROBE', 'PROBE', 'PROBE', 'PROBE', 'PROBE', 'PROBE', 'PROBE', 'PROBE', 'PROBE', 'PROBE', 'PROBE', 'HOLD', 'HOLD', 'HOLD', 'HOLD', 'HOLD', 'HOLD', 'HOLD', 'HOLD', 'PROBE', 'PROBE', 'PROBE', 'PROBE']"
merge_hesitation,clear,3,0.2034,-0.0,0.0,0.642,0.5,0,0,"['CRUISE', 'CRUISE', 'CRUISE', 'CRUISE', 'CRUISE', 'CRUISE', 'CRUISE', 'CRUISE', 'PROBE', 'PROBE', 'PROBE', 'PROBE', 'PROBE', 'PROBE', 'PROBE', 'HOLD', 'HOLD', 'HOLD', 'HOLD', 'HOLD', 'HOLD', 'HOLD', 'HOLD', 'HOLD', 'HOLD', 'HOLD', 'HOLD', 'HOLD', 'HOLD', 'HOLD', 'HOLD', 'HOLD', 'HOLD', 'HOLD', 'HOLD', 'HOLD', 'HOLD', 'HOLD', 'HOLD', 'HOLD', 'HOLD', 'HOLD', 'HOLD', 'HOLD', 'HOLD', 'HOLD', 'HOLD', 'HOLD', 'HOLD', 'HOLD', 'HOLD', 'HOLD', 'HOLD', 'HOLD', 'HOLD', 'HOLD', 'HOLD', 'HOLD', 'HOLD', 'HOLD', 'HOLD', 'HOLD', 'HOLD', 'HOLD', 'HOLD', 'HOLD', 'HOLD', 'HOLD', 'HOLD', 'HOLD', 'HOLD', 'HOLD', 'HOLD', 'HOLD', 'HOLD', 'HOLD', 'HOLD', 'HOLD', 'HOLD', 'HOLD', 'HOLD', 'HOLD', 'HOLD', 'HOLD', 'HOLD', 'HOLD', 'HOLD', 'HOLD', 'HOLD', 'HOLD', 'HOLD', 'HOLD', 'HOLD', 'HOLD', 'HOLD', 'HOLD', 'HOLD', 'HOLD', 'HOLD', 'HOLD', 'HOLD', 'HOLD', 'HOLD', 'HOLD', 'HOLD', 'HOLD', 'HOLD', 'HOLD', 'HOLD', 'HOLD', 'HOLD', 'HOLD', 'ABORT', 'ABORT', 'ABORT', 'ABORT', 'ABORT', 'ABORT', 'ABORT', 'ABORT', 'ABORT', 'ABORT', 'ABORT', 'ABORT', 'ABORT', 'ABORT', 'ABORT', 'ABORT']"
merge_hesitation,clear,4,0.2033,-0.0,0.0,0.6414,0.5,0,0,"['CRUISE', 'CRUISE', 'CRUISE', 'CRUISE', 'CRUISE', 'CRUISE', 'CRUISE', 'CRUISE', 'CRUISE', 'PROBE', 'PROBE', 'PROBE', 'PROBE', 'PROBE', 'PROBE', 'PROBE', 'HOLD', 'HOLD', 'HOLD', 'HOLD', 'HOLD', 'HOLD', 'HOLD', 'HOLD', 'HOLD', 'HOLD', 'HOLD', 'HOLD', 'HOLD', 'HOLD', 'HOLD', 'HOLD', 'HOLD', 'HOLD', 'HOLD', 'HOLD', 'HOLD', 'HOLD', 'HOLD', 'HOLD', 'HOLD', 'HOLD', 'HOLD', 'HOLD', 'HOLD', 'HOLD', 'HOLD', 'HOLD', 'HOLD', 'HOLD', 'HOLD', 'HOLD', 'HOLD', 'HOLD', 'HOLD', 'HOLD', 'HOLD', 'HOLD', 'HOLD', 'HOLD', 'HOLD', 'HOLD', 'HOLD', 'HOLD', 'HOLD', 'HOLD', 'HOLD', 'HOLD', 'HOLD', 'HOLD', 'HOLD', 'HOLD', 'HOLD', 'HOLD', 'HOLD', 'HOLD', 'HOLD', 'HOLD', 'HOLD', 'HOLD', 'HOLD', 'HOLD', 'HOLD', 'HOLD', 'HOLD', 'HOLD', 'HOLD', 'HOLD', 'HOLD', 'HOLD', 'HOLD', 'HOLD', 'HOLD', 'HOLD', 'HOLD', 'HOLD', 'HOLD', 'HOLD', 'HOLD', 'HOLD', 'HOLD', 'HOLD', 'HOLD', 'HOLD', 'HOLD', 'HOLD', 'HOLD', 'HOLD', 'HOLD', 'HOLD', 'HOLD', 'HOLD', 'ABORT', 'ABORT', 'ABORT', 'ABORT', 'ABORT', 'ABORT', 'ABORT', 'ABORT', 'ABORT', 'ABORT', 'ABORT', 'ABORT', 'ABORT', 'ABORT', 'ABORT', 'ABORT']"
merge_hesitation,clear,5,0.6,0.0,0.0,0.0,0.0,0,0,"['CRUISE', 'CRUISE', 'CRUISE', 'CRUISE', 'CRUISE', 'CRUISE', 'CRUISE', 'CRUISE', 'CRUISE', 'PROBE', 'PROBE', 'PROBE', 'PROBE', 'PROBE', 'PROBE', 'PROBE', 'PROBE', 'PROBE', 'PROBE', 'PROBE', 'PROBE', 'PROBE', 'PROBE', 'PROBE', 'PROBE', 'PROBE', 'PROBE', 'PROBE', 'PROBE', 'PROBE', 'PROBE', 'PROBE', 'PROBE', 'PROBE', 'PROBE', 'PROBE', 'PROBE', 'PROBE', 'PROBE', 'PROBE', 'PROBE', 'PROBE', 'PROBE', 'PROBE', 'PROBE', 'PROBE', 'PROBE', 'PROBE', 'PROBE', 'PROBE', 'PROBE', 'PROBE', 'PROBE', 'PROBE', 'PROBE', 'PROBE', 'PROBE', 'PROBE', 'HOLD', 'HOLD', 'HOLD', 'HOLD', 'HOLD', 'HOLD', 'HOLD', 'HOLD', 'HOLD', 'PROBE', 'PROBE', 'PROBE', 'PROBE', 'PROBE', 'PROBE', 'PROBE', 'PROBE', 'PROBE', 'PROBE', 'PROBE', 'PROBE', 'PROBE', 'PROBE', 'PROBE', 'PROBE', 'PROBE', 'PROBE', 'PROBE', 'PROBE', 'PROBE', 'PROBE', 'PROBE', 'PROBE', 'PROBE', 'PROBE', 'PROBE', 'PROBE', 'PROBE', 'PROBE', 'PROBE', 'PROBE', 'PROBE', 'PROBE', 'PROBE', 'PROBE', 'PROBE', 'PROBE', 'PROBE', 'PROBE', 'PROBE', 'PROBE', 'PROBE', 'PROBE', 'PROBE', 'PROBE', 'PROBE', 'PROBE', 'PROBE', 'HOLD', 'HOLD', 'HOLD', 'HOLD', 'HOLD', 'HOLD', 'HOLD', 'HOLD', 'HOLD', 'HOLD', 'PROBE', 'PROBE', 'PROBE']"
merge_hesitation,clear,6,0.2034,0.0,0.0,0.6418,0.5,0,0,"['CRUISE', 'CRUISE', 'CRUISE', 'CRUISE', 'CRUISE', 'CRUISE', 'CRUISE', 'CRUISE', 'CRUISE', 'PROBE', 'PROBE', 'PROBE', 'PROBE', 'PROBE', 'PROBE', 'PROBE', 'PROBE', 'HOLD', 'HOLD', 'HOLD', 'HOLD', 'HOLD', 'HOLD', 'HOLD', 'HOLD', 'HOLD', 'HOLD', 'HOLD', 'HOLD', 'HOLD', 'HOLD', 'HOLD', 'HOLD', 'HOLD', 'HOLD', 'HOLD', 'HOLD', 'HOLD', 'HOLD', 'HOLD', 'HOLD', 'HOLD', 'HOLD', 'HOLD', 'HOLD', 'HOLD', 'HOLD', 'HOLD', 'HOLD', 'HOLD', 'HOLD', 'HOLD', 'HOLD', 'HOLD', 'HOLD', 'HOLD', 'HOLD', 'HOLD', 'HOLD', 'HOLD', 'HOLD', 'HOLD', 'HOLD', 'HOLD', 'HOLD', 'HOLD', 'HOLD', 'HOLD', 'HOLD', 'HOLD', 'HOLD', 'HOLD', 'HOLD', 'HOLD', 'HOLD', 'HOLD', 'HOLD', 'HOLD', 'HOLD', 'HOLD', 'HOLD', 'HOLD', 'HOLD', 'HOLD', 'HOLD', 'HOLD', 'HOLD', 'HOLD', 'HOLD', 'HOLD', 'HOLD', 'HOLD', 'HOLD', 'HOLD', 'HOLD', 'HOLD', 'HOLD', 'HOLD', 'HOLD', 'HOLD', 'HOLD', 'HOLD', 'HOLD', 'HOLD', 'HOLD', 'HOLD', 'HOLD', 'HOLD', 'HOLD', 'HOLD', 'HOLD', 'HOLD', 'HOLD', 'HOLD', 'ABORT', 'ABORT', 'ABORT', 'ABORT', 'ABORT', 'ABORT', 'ABORT', 'ABORT', 'ABORT', 'ABORT', 'ABORT', 'ABORT', 'ABORT', 'ABORT', 'ABORT']"
merge_hesitation,clear,7,0.6,0.0,0.0,0.0,0.0,0,0,"['CRUISE', 'CRUISE', 'CRUISE', 'CRUISE', 'CRUISE', 'CRUISE', 'CRUISE', 'CRUISE', 'CRUISE', 'PROBE', 'PROBE', 'PROBE', 'PROBE', 'PROBE', 'PROBE', 'PROBE', 'PROBE', 'PROBE', 'PROBE', 'PROBE', 'PROBE', 'PROBE', 'PROBE', 'PROBE', 'PROBE', 'PROBE', 'PROBE', 'PROBE', 'PROBE', 'PROBE', 'PROBE', 'PROBE', 'PROBE', 'PROBE', 'PROBE', 'PROBE', 'PROBE', 'PROBE', 'PROBE', 'PROBE', 'PROBE', 'PROBE', 'PROBE', 'PROBE', 'PROBE', 'PROBE', 'PROBE', 'PROBE', 'PROBE', 'PROBE', 'PROBE', 'PROBE', 'PROBE', 'PROBE', 'PROBE', 'PROBE', 'PROBE', 'PROBE', 'HOLD', 'HOLD', 'HOLD', 'HOLD', 'HOLD', 'HOLD', 'HOLD', 'HOLD', 'HOLD', 'HOLD', 'HOLD', 'HOLD', 'HOLD', 'HOLD', 'HOLD', 'HOLD', 'HOLD', 'HOLD', 'HOLD', 'HOLD', 'HOLD', 'PROBE', 'PROBE', 'PROBE', 'PROBE', 'PROBE', 'PROBE', 'PROBE', 'PROBE', 'PROBE', 'PROBE', 'PROBE', 'PROBE', 'PROBE', 'PROBE', 'PROBE', 'PROBE', 'PROBE', 'PROBE', 'PROBE', 'PROBE', 'PROBE', 'PROBE', 'PROBE', 'PROBE', 'PROBE', 'PROBE', 'PROBE', 'PROBE', 'PROBE', 'PROBE', 'PROBE', 'PROBE', 'PROBE', 'PROBE', 'PROBE', 'PROBE', 'PROBE', 'PROBE', 'PROBE', 'PROBE', 'PROBE', 'PROBE', 'PROBE', 'PROBE', 'PROBE', 'PROBE', 'PROBE', 'PROBE', 'PROBE', 'HOLD']"
merge_hesitation,clear,8,0.2034,-0.0,0.0,0.6418,0.5,0,0,"['CRUISE', 'CRUISE', 'CRUISE', 'CRUISE', 'CRUISE', 'CRUISE', 'CRUISE', 'CRUISE', 'CRUISE', 'PROBE', 'PROBE', 'PROBE', 'PROBE', 'PROBE', 'PROBE', 'PROBE', 'HOLD', 'HOLD', 'HOLD', 'HOLD', 'HOLD', 'HOLD', 'HOLD', 'HOLD', 'HOLD', 'HOLD', 'HOLD', 'HOLD', 'HOLD', 'HOLD', 'HOLD', 'HOLD', 'HOLD', 'HOLD', 'HOLD', 'HOLD', 'HOLD', 'HOLD', 'HOLD', 'HOLD', 'HOLD', 'HOLD', 'HOLD', 'HOLD', 'HOLD', 'HOLD', 'HOLD', 'HOLD', 'HOLD', 'HOLD', 'HOLD', 'HOLD', 'HOLD', 'HOLD', 'HOLD', 'HOLD', 'HOLD', 'HOLD', 'HOLD', 'HOLD', 'HOLD', 'HOLD', 'HOLD', 'HOLD', 'HOLD', 'HOLD', 'HOLD', 'HOLD', 'HOLD', 'HOLD', 'HOLD', 'HOLD', 'HOLD', 'HOLD', 'HOLD', 'HOLD', 'HOLD', 'HOLD', 'HOLD', 'HOLD', 'HOLD', 'HOLD', 'HOLD', 'HOLD', 'HOLD', 'HOLD', 'HOLD', 'HOLD', 'HOLD', 'HOLD', 'HOLD', 'HOLD', 'HOLD', 'HOLD', 'HOLD', 'HOLD', 'HOLD', 'HOLD', 'HOLD', 'HOLD', 'HOLD', 'HOLD', 'HOLD', 'HOLD', 'HOLD', 'HOLD', 'HOLD', 'HOLD', 'HOLD', 'HOLD', 'HOLD', 'HOLD', 'HOLD', 'ABORT', 'ABORT', 'ABORT', 'ABORT', 'ABORT', 'ABORT', 'ABORT', 'ABORT', 'ABORT', 'ABORT', 'ABORT', 'ABORT', 'ABORT', 'ABORT', 'ABORT', 'ABORT']"
merge_hesitation,clear,9,0.6,0.0,0.0,0.0,0.0,0,0,"['CRUISE', 'CRUISE', 'CRUISE', 'CRUISE', 'CRUISE', 'CRUISE', 'CRUISE', 'CRUISE', 'CRUISE', 'PROBE', 'PROBE', 'PROBE', 'PROBE', 'PROBE', 'PROBE', 'PROBE', 'PROBE', 'PROBE', 'PROBE', 'PROBE', 'PROBE', 'PROBE', 'PROBE', 'PROBE', 'PROBE', 'PROBE', 'PROBE', 'PROBE', 'PROBE', 'PROBE', 'PROBE', 'PROBE', 'PROBE', 'PROBE', 'PROBE', 'PROBE', 'PROBE', 'PROBE', 'PROBE', 'PROBE', 'PROBE', 'PROBE', 'PROBE', 'PROBE', 'PROBE', 'PROBE', 'PROBE', 'PROBE', 'PROBE', 'PROBE', 'PROBE', 'PROBE', 'PROBE', 'PROBE', 'PROBE', 'PROBE', 'PROBE', 'HOLD', 'HOLD', 'HOLD', 'HOLD', 'HOLD', 'HOLD', 'HOLD', 'HOLD', 'HOLD', 'HOLD', 'HOLD', 'HOLD', 'HOLD', 'HOLD', 'HOLD', 'HOLD', 'HOLD', 'HOLD', 'HOLD', 'HOLD', 'HOLD', 'HOLD', 'HOLD', 'HOLD', 'HOLD', 'HOLD', 'PROBE', 'PROBE', 'PROBE', 'PROBE', 'PROBE', 'PROBE', 'PROBE', 'HOLD', 'HOLD', 'HOLD', 'HOLD', 'HOLD', 'HOLD', 'HOLD', 'HOLD', 'PROBE', 'PROBE', 'PROBE', 'PROBE', 'PROBE', 'PROBE', 'PROBE', 'PROBE', 'PROBE', 'PROBE', 'PROBE', 'PROBE', 'PROBE', 'PROBE', 'PROBE', 'PROBE', 'PROBE', 'PROBE', 'PROBE', 'PROBE', 'PROBE', 'PROBE', 'PROBE', 'PROBE', 'PROBE', 'PROBE', 'HOLD', 'HOLD', 'HOLD', 'HOLD', 'HOLD']"
merge_hesitation,clear,10,0.6,0.0,0.0,0.0,0.0,0,0,"['CRUISE', 'CRUISE', 'CRUISE', 'CRUISE', 'CRUISE', 'CRUISE', 'CRUISE', 'CRUISE', 'PROBE', 'PROBE', 'PROBE', 'PROBE', 'PROBE', 'PROBE', 'PROBE', 'PROBE', 'PROBE', 'PROBE', 'PROBE', 'PROBE', 'PROBE', 'PROBE', 'PROBE', 'PROBE', 'PROBE', 'PROBE', 'PROBE', 'PROBE', 'PROBE', 'PROBE', 'PROBE', 'PROBE', 'PROBE', 'PROBE', 'PROBE', 'PROBE', 'PROBE', 'PROBE', 'PROBE', 'PROBE', 'PROBE', 'PROBE', 'PROBE', 'PROBE', 'PROBE', 'PROBE', 'PROBE', 'PROBE', 'PROBE', 'PROBE', 'PROBE', 'PROBE', 'PROBE', 'PROBE', 'PROBE', 'PROBE', 'PROBE', 'HOLD', 'HOLD', 'HOLD', 'HOLD', 'HOLD', 'HOLD', 'HOLD', 'HOLD', 'HOLD', 'HOLD', 'HOLD', 'HOLD', 'HOLD', 'HOLD', 'HOLD', 'HOLD', 'HOLD', 'HOLD', 'HOLD', 'HOLD', 'HOLD', 'HOLD', 'HOLD', 'HOLD', 'HOLD', 'PROBE', 'PROBE', 'PROBE', 'PROBE', 'PROBE', 'PROBE', 'PROBE', 'PROBE', 'PROBE', 'PROBE', 'PROBE', 'PROBE', 'PROBE', 'PROBE', 'PROBE', 'PROBE', 'PROBE', 'PROBE', 'PROBE', 'PROBE', 'PROBE', 'PROBE', 'PROBE', 'PROBE', 'PROBE', 'PROBE', 'PROBE', 'PROBE', 'PROBE', 'PROBE', 'PROBE', 'PROBE', 'PROBE', 'PROBE', 'PROBE', 'PROBE', 'PROBE', 'PROBE', 'PROBE', 'PROBE', 'PROBE', 'PROBE', 'PROBE', 'PROBE', 'PROBE', 'PROBE', 'PROBE']"
merge_hesitation,clear,11,0.2034,-0.0,0.0,0.6421,0.5,0,0,"['CRUISE', 'CRUISE', 'CRUISE', 'CRUISE', 'CRUISE', 'CRUISE', 'CRUISE', 'CRUISE', 'CRUISE', 'PROBE', 'PROBE', 'PROBE', 'PROBE', 'PROBE', 'PROBE', 'PROBE', 'HOLD', 'HOLD', 'HOLD', 'HOLD', 'HOLD', 'HOLD', 'HOLD', 'HOLD', 'HOLD', 'HOLD', 'HOLD', 'HOLD', 'HOLD', 'HOLD', 'HOLD', 'HOLD', 'HOLD', 'HOLD', 'HOLD', 'HOLD', 'HOLD', 'HOLD', 'HOLD', 'HOLD', 'HOLD', 'HOLD', 'HOLD', 'HOLD', 'HOLD', 'HOLD', 'HOLD', 'HOLD', 'HOLD', 'HOLD', 'HOLD', 'HOLD', 'HOLD', 'HOLD', 'HOLD', 'HOLD', 'HOLD', 'HOLD', 'HOLD', 'HOLD', 'HOLD', 'HOLD', 'HOLD', 'HOLD', 'HOLD', 'HOLD', 'HOLD', 'HOLD', 'HOLD', 'HOLD', 'HOLD', 'HOLD', 'HOLD', 'HOLD', 'HOLD', 'HOLD', 'HOLD', 'HOLD', 'HOLD', 'HOLD', 'HOLD', 'HOLD', 'HOLD', 'HOLD', 'HOLD', 'HOLD', 'HOLD', 'HOLD', 'HOLD', 'HOLD', 'HOLD', 'HOLD', 'HOLD', 'HOLD', 'HOLD', 'HOLD', 'HOLD', 'HOLD', 'HOLD', 'HOLD', 'HOLD', 'HOLD', 'HOLD', 'HOLD', 'HOLD', 'HOLD', 'HOLD', 'HOLD', 'HOLD', 'HOLD', 'HOLD', 'HOLD', 'HOLD', 'ABORT', 'ABORT', 'ABORT', 'ABORT', 'ABORT', 'ABORT', 'ABORT', 'ABORT', 'ABORT', 'ABORT', 'ABORT', 'ABORT', 'ABORT', 'ABORT', 'ABORT', 'ABORT']"
merge_hesitation,clear,12,0.2034,-0.0,0.0,0.6418,0.5,0,0,"['CRUISE', 'CRUISE', 'CRUISE', 'CRUISE', 'CRUISE', 'CRUISE', 'CRUISE', 'CRUISE', 'PROBE', 'PROBE', 'PROBE', 'PROBE', 'PROBE', 'PROBE', 'PROBE', 'PROBE', 'PROBE', 'PROBE', 'PROBE', 'PROBE', 'PROBE', 'HOLD', 'HOLD', 'HOLD', 'HOLD', 'HOLD', 'HOLD', 'HOLD', 'HOLD', 'HOLD', 'HOLD', 'HOLD', 'HOLD', 'HOLD', 'HOLD', 'HOLD', 'HOLD', 'HOLD', 'HOLD', 'HOLD', 'HOLD', 'HOLD', 'HOLD', 'HOLD', 'HOLD', 'HOLD', 'HOLD', 'HOLD', 'HOLD', 'HOLD', 'HOLD', 'HOLD', 'HOLD', 'HOLD', 'HOLD', 'HOLD', 'HOLD', 'HOLD', 'HOLD', 'HOLD', 'HOLD', 'HOLD', 'HOLD', 'HOLD', 'HOLD', 'HOLD', 'HOLD', 'HOLD', 'HOLD', 'HOLD', 'HOLD', 'HOLD', 'HOLD', 'HOLD', 'HOLD', 'HOLD', 'HOLD', 'HOLD', 'HOLD', 'HOLD', 'HOLD', 'HOLD', 'HOLD', 'HOLD', 'HOLD', 'HOLD', 'HOLD', 'HOLD', 'HOLD', 'HOLD', 'HOLD', 'HOLD', 'HOLD', 'HOLD', 'HOLD', 'HOLD', 'HOLD', 'HOLD', 'HOLD', 'HOLD', 'HOLD', 'HOLD', 'HOLD', 'HOLD', 'HOLD', 'HOLD', 'HOLD', 'HOLD', 'HOLD', 'HOLD', 'HOLD', 'HOLD', 'HOLD', 'HOLD', 'HOLD', 'HOLD', 'HOLD', 'HOLD', 'ABORT', 'ABORT', 'ABORT', 'ABORT', 'ABORT', 'ABORT', 'ABORT', 'ABORT', 'ABORT', 'ABORT', 'ABORT']"
merge_hesitation,clear,13,0.6,0.0,0.0,0.0,0.0,0,0,"['CRUISE', 'CRUISE', 'CRUISE', 'CRUISE', 'CRUISE', 'CRUISE', 'CRUISE', 'CRUISE', 'CRUISE', 'PROBE', 'PROBE', 'PROBE', 'PROBE', 'PROBE', 'PROBE', 'PROBE', 'PROBE', 'PROBE', 'PROBE', 'PROBE', 'PROBE', 'PROBE', 'PROBE', 'PROBE', 'PROBE', 'PROBE', 'PROBE', 'PROBE', 'HOLD', 'HOLD', 'HOLD', 'HOLD', 'HOLD', 'HOLD', 'HOLD', 'HOLD', 'HOLD', 'HOLD', 'HOLD', 'HOLD', 'PROBE', 'PROBE', 'PROBE', 'PROBE', 'PROBE', 'PROBE', 'PROBE', 'PROBE', 'PROBE', 'PROBE', 'PROBE', 'PROBE', 'PROBE', 'PROBE', 'PROBE', 'PROBE', 'PROBE', 'PROBE', 'HOLD', 'HOLD', 'HOLD', 'HOLD', 'HOLD', 'HOLD', 'HOLD', 'HOLD', 'HOLD', 'HOLD', 'HOLD', 'HOLD', 'HOLD', 'HOLD', 'HOLD', 'HOLD', 'HOLD', 'HOLD', 'HOLD', 'HOLD', 'HOLD', 'HOLD', 'PROBE', 'PROBE', 'PROBE', 'PROBE', 'PROBE', 'PROBE', 'PROBE', 'PROBE', 'PROBE', 'HOLD', 'HOLD', 'HOLD', 'HOLD', 'HOLD', 'HOLD', 'HOLD', 'HOLD', 'HOLD', 'HOLD', 'HOLD', 'HOLD', 'HOLD', 'HOLD', 'HOLD', 'HOLD', 'HOLD', 'HOLD', 'HOLD', 'HOLD', 'HOLD', 'HOLD', 'HOLD', 'HOLD', 'HOLD', 'HOLD', 'HOLD', 'HOLD', 'HOLD', 'HOLD', 'HOLD', 'HOLD', 'HOLD', 'HOLD', 'HOLD', 'HOLD', 'HOLD', 'HOLD', 'HOLD', 'HOLD']"
merge_hesitation,clear,14,0.6,0.0,0.0,0.0,0.0,0,0,"['CRUISE', 'CRUISE', 'CRUISE', 'CRUISE', 'CRUISE', 'CRUISE', 'CRUISE', 'CRUISE', 'CRUISE', 'PROBE', 'PROBE', 'PROBE', 'PROBE', 'PROBE', 'PROBE', 'PROBE', 'PROBE', 'PROBE', 'PROBE', 'PROBE', 'PROBE', 'PROBE', 'PROBE', 'PROBE', 'PROBE', 'PROBE', 'PROBE', 'PROBE', 'PROBE', 'PROBE', 'PROBE', 'PROBE', 'PROBE', 'PROBE', 'PROBE', 'PROBE', 'PROBE', 'PROBE', 'PROBE', 'PROBE', 'PROBE', 'PROBE', 'PROBE', 'PROBE', 'PROBE', 'PROBE', 'PROBE', 'PROBE', 'PROBE', 'PROBE', 'PROBE', 'PROBE', 'PROBE', 'PROBE', 'PROBE', 'PROBE', 'PROBE', 'PROBE', 'HOLD', 'HOLD', 'HOLD', 'HOLD', 'HOLD', 'HOLD', 'HOLD', 'HOLD', 'HOLD', 'PROBE', 'PROBE', 'PROBE', 'PROBE', 'PROBE', 'PROBE', 'PROBE', 'PROBE', 'PROBE', 'PROBE', 'PROBE', 'PROBE', 'PROBE', 'PROBE', 'PROBE', 'PROBE', 'PROBE', 'PROBE', 'PROBE', 'PROBE', 'PROBE', 'PROBE', 'PROBE', 'PROBE', 'PROBE', 'PROBE', 'PROBE', 'PROBE', 'PROBE', 'PROBE', 'PROBE', 'PROBE', 'PROBE', 'PROBE', 'PROBE', 'PROBE', 'PROBE', 'PROBE', 'PROBE', 'PROBE', 'PROBE', 'PROBE', 'PROBE', 'PROBE', 'PROBE', 'PROBE', 'PROBE', 'PROBE', 'PROBE', 'HOLD', 'HOLD', 'HOLD', 'HOLD', 'HOLD', 'HOLD', 'HOLD', 'HOLD', 'HOLD', 'HOLD', 'HOLD', 'HOLD', 'HOLD']"
merge_hesitation,clear,15,0.2034,-0.0,0.0,0.6419,0.5,0,0,"['CRUISE', 'CRUISE', 'CRUISE', 'CRUISE', 'CRUISE', 'CRUISE', 'CRUISE', 'CRUISE', 'CRUISE', 'PROBE', 'PROBE', 'PROBE', 'PROBE', 'PROBE', 'PROBE', 'PROBE', 'HOLD', 'HOLD', 'HOLD', 'HOLD', 'HOLD', 'HOLD', 'HOLD', 'HOLD', 'HOLD', 'HOLD', 'HOLD', 'HOLD', 'HOLD', 'HOLD', 'HOLD', 'HOLD', 'HOLD', 'HOLD', 'HOLD', 'HOLD', 'HOLD', 'HOLD', 'HOLD', 'HOLD', 'HOLD', 'HOLD', 'HOLD', 'HOLD', 'HOLD', 'HOLD', 'HOLD', 'HOLD', 'HOLD', 'HOLD', 'HOLD', 'HOLD', 'HOLD', 'HOLD', 'HOLD', 'HOLD', 'HOLD', 'HOLD', 'HOLD', 'HOLD', 'HOLD', 'HOLD', 'HOLD', 'HOLD', 'HOLD', 'HOLD', 'HOLD', 'HOLD', 'HOLD', 'HOLD', 'HOLD', 'HOLD', 'HOLD', 'HOLD', 'HOLD', 'HOLD', 'HOLD', 'HOLD', 'HOLD', 'HOLD', 'HOLD', 'HOLD', 'HOLD', 'HOLD', 'HOLD', 'HOLD', 'HOLD', 'HOLD', 'HOLD', 'HOLD', 'HOLD', 'HOLD', 'HOLD', 'HOLD', 'HOLD', 'HOLD', 'HOLD', 'HOLD', 'HOLD', 'HOLD', 'HOLD', 'HOLD', 'HOLD', 'HOLD', 'HOLD', 'HOLD', 'HOLD', 'HOLD', 'HOLD', 'HOLD', 'HOLD', 'HOLD', 'HOLD', 'ABORT', 'ABORT', 'ABORT', 'ABORT', 'ABORT', 'ABORT', 'ABORT', 'ABORT', 'ABORT', 'ABORT', 'ABORT', 'ABORT', 'ABORT', 'ABORT', 'ABORT', 'ABORT']"
merge_hesitation,clear,16,0.6,0.0,0.0,0.0,0.0,0,0,"['CRUISE', 'CRUISE', 'CRUISE', 'CRUISE', 'CRUISE', 'CRUISE', 'CRUISE', 'CRUISE', 'CRUISE', 'PROBE', 'PROBE', 'PROBE', 'PROBE', 'PROBE', 'PROBE', 'PROBE', 'PROBE', 'PROBE', 'PROBE', 'PROBE', 'PROBE', 'PROBE', 'PROBE', 'PROBE', 'PROBE', 'PROBE', 'PROBE', 'PROBE', 'PROBE', 'PROBE', 'PROBE', 'PROBE', 'PROBE', 'PROBE', 'PROBE', 'PROBE', 'PROBE', 'PROBE', 'PROBE', 'PROBE', 'PROBE', 'PROBE', 'PROBE', 'PROBE', 'PROBE', 'PROBE', 'PROBE', 'PROBE', 'PROBE', 'PROBE', 'PROBE', 'PROBE', 'PROBE', 'PROBE', 'PROBE', 'PROBE', 'PROBE', 'PROBE', 'HOLD', 'HOLD', 'HOLD', 'HOLD', 'HOLD', 'HOLD', 'HOLD', 'HOLD', 'HOLD', 'PROBE', 'PROBE', 'PROBE', 'PROBE', 'PROBE', 'PROBE', 'PROBE', 'PROBE', 'PROBE', 'PROBE', 'PROBE', 'PROBE', 'PROBE', 'PROBE', 'PROBE', 'PROBE', 'PROBE', 'PROBE', 'PROBE', 'PROBE', 'PROBE', 'PROBE', 'PROBE', 'PROBE', 'PROBE', 'PROBE', 'PROBE', 'PROBE', 'PROBE', 'PROBE', 'PROBE', 'PROBE', 'PROBE', 'PROBE', 'PROBE', 'PROBE', 'PROBE', 'PROBE', 'PROBE', 'PROBE', 'PROBE', 'PROBE', 'PROBE', 'PROBE', 'PROBE', 'PROBE', 'PROBE', 'PROBE', 'PROBE', 'HOLD', 'HOLD', 'HOLD', 'HOLD', 'HOLD', 'HOLD', 'HOLD', 'HOLD', 'HOLD', 'HOLD', 'HOLD', 'HOLD', 'HOLD']"
merge_hesitation,clear,17,0.2035,-0.0,0.0,0.6423,0.5,0,0,"['CRUISE', 'CRUISE', 'CRUISE', 'CRUISE', 'CRUISE', 'CRUISE', 'CRUISE', 'CRUISE', 'CRUISE', 'PROBE', 'PROBE', 'PROBE', 'PROBE', 'PROBE', 'PROBE', 'PROBE', 'HOLD', 'HOLD', 'HOLD', 'HOLD', 'HOLD', 'HOLD', 'HOLD', 'HOLD', 'HOLD', 'HOLD', 'HOLD', 'HOLD', 'HOLD', 'HOLD', 'HOLD', 'HOLD', 'HOLD', 'HOLD', 'HOLD', 'HOLD', 'HOLD', 'HOLD', 'HOLD', 'HOLD', 'HOLD', 'HOLD', 'HOLD', 'HOLD', 'HOLD', 'HOLD', 'HOLD', 'HOLD', 'HOLD', 'HOLD', 'HOLD', 'HOLD', 'HOLD', 'HOLD', 'HOLD', 'HOLD', 'HOLD', 'HOLD', 'HOLD', 'HOLD', 'HOLD', 'HOLD', 'HOLD', 'HOLD', 'HOLD', 'HOLD', 'HOLD', 'HOLD', 'HOLD', 'HOLD', 'HOLD', 'HOLD', 'HOLD', 'HOLD', 'HOLD', 'HOLD', 'HOLD', 'HOLD', 'HOLD', 'HOLD', 'HOLD', 'HOLD', 'HOLD', 'HOLD', 'HOLD', 'HOLD', 'HOLD', 'HOLD', 'HOLD', 'HOLD', 'HOLD', 'HOLD', 'HOLD', 'HOLD', 'HOLD', 'HOLD', 'HOLD', 'HOLD', 'HOLD', 'HOLD', 'HOLD', 'HOLD', 'HOLD', 'HOLD', 'HOLD', 'HOLD', 'HOLD', 'HOLD', 'HOLD', 'HOLD', 'HOLD', 'HOLD', 'HOLD', 'ABORT', 'ABORT', 'ABORT', 'ABORT', 'ABORT', 'ABORT', 'ABORT', 'ABORT', 'ABORT', 'ABORT', 'ABORT', 'ABORT', 'ABORT', 'ABORT', 'ABORT', 'ABORT']"
merge_hesitation,clear,18,0.6,0.0,0.0,0.0,0.0,0,0,"['CRUISE', 'CRUISE', 'CRUISE', 'CRUISE', 'CRUISE', 'CRUISE', 'CRUISE', 'CRUISE', 'CRUISE', 'PROBE', 'PROBE', 'PROBE', 'PROBE', 'PROBE', 'PROBE', 'PROBE', 'PROBE', 'PROBE', 'PROBE', 'PROBE', 'PROBE', 'PROBE', 'PROBE', 'PROBE', 'PROBE', 'PROBE', 'PROBE', 'PROBE', 'PROBE', 'PROBE', 'PROBE', 'PROBE', 'PROBE', 'PROBE', 'PROBE', 'PROBE', 'PROBE', 'PROBE', 'PROBE', 'PROBE', 'PROBE', 'PROBE', 'PROBE', 'PROBE', 'PROBE', 'PROBE', 'PROBE', 'PROBE', 'PROBE', 'PROBE', 'PROBE', 'PROBE', 'PROBE', 'PROBE', 'PROBE', 'PROBE', 'PROBE', 'HOLD', 'HOLD', 'HOLD', 'HOLD', 'HOLD', 'HOLD', 'HOLD', 'HOLD', 'HOLD', 'HOLD', 'HOLD', 'HOLD', 'HOLD', 'HOLD', 'HOLD', 'PROBE', 'PROBE', 'PROBE', 'PROBE', 'PROBE', 'PROBE', 'PROBE', 'PROBE', 'PROBE', 'PROBE', 'PROBE', 'PROBE', 'PROBE', 'PROBE', 'PROBE', 'PROBE', 'PROBE', 'PROBE', 'PROBE', 'PROBE', 'PROBE', 'PROBE', 'PROBE', 'PROBE', 'PROBE', 'PROBE', 'PROBE', 'PROBE', 'PROBE', 'PROBE', 'PROBE', 'PROBE', 'PROBE', 'PROBE', 'PROBE', 'PROBE', 'PROBE', 'PROBE', 'PROBE', 'PROBE', 'PROBE', 'PROBE', 'PROBE', 'PROBE', 'PROBE', 'PROBE', 'PROBE', 'PROBE', 'HOLD', 'HOLD', 'HOLD', 'HOLD', 'HOLD', 'HOLD', 'HOLD', 'HOLD', 'HOLD']"
merge_hesitation,clear,19,0.2032,-0.0,0.0,0.6412,0.5,0,0,"['CRUISE', 'CRUISE', 'CRUISE', 'CRUISE', 'CRUISE', 'CRUISE', 'CRUISE', 'CRUISE', 'CRUISE', 'PROBE', 'PROBE', 'PROBE', 'PROBE', 'PROBE', 'PROBE', 'PROBE', 'HOLD', 'HOLD', 'HOLD', 'HOLD', 'HOLD', 'HOLD', 'HOLD', 'HOLD', 'HOLD', 'HOLD', 'HOLD', 'HOLD', 'HOLD', 'HOLD', 'HOLD', 'HOLD', 'HOLD', 'HOLD', 'HOLD', 'HOLD', 'HOLD', 'HOLD', 'HOLD', 'HOLD', 'HOLD', 'HOLD', 'HOLD', 'HOLD', 'HOLD', 'HOLD', 'HOLD', 'HOLD', 'HOLD', 'HOLD', 'HOLD', 'HOLD', 'HOLD', 'HOLD', 'HOLD', 'HOLD', 'HOLD', 'HOLD', 'HOLD', 'HOLD', 'HOLD', 'HOLD', 'HOLD', 'HOLD', 'HOLD', 'HOLD', 'HOLD', 'HOLD', 'HOLD', 'HOLD', 'HOLD', 'HOLD', 'HOLD', 'HOLD', 'HOLD', 'HOLD', 'HOLD', 'HOLD', 'HOLD', 'HOLD', 'HOLD', 'HOLD', 'HOLD', 'HOLD', 'HOLD', 'HOLD', 'HOLD', 'HOLD', 'HOLD', 'HOLD', 'HOLD', 'HOLD', 'HOLD', 'HOLD', 'HOLD', 'HOLD', 'HOLD', 'HOLD', 'HOLD', 'HOLD', 'HOLD', 'HOLD', 'HOLD', 'HOLD', 'HOLD', 'HOLD', 'HOLD', 'HOLD', 'HOLD', 'HOLD', 'HOLD', 'HOLD', 'HOLD', 'ABORT', 'ABORT', 'ABORT', 'ABORT', 'ABORT', 'ABORT', 'ABORT', 'ABORT', 'ABORT', 'ABORT', 'ABORT', 'ABORT', 'ABORT', 'ABORT', 'ABORT', 'ABORT']"
merge_hesitation,rain,0,0.6,0.0,0.0,0.0,0.0,0,0,"['CRUISE', 'CRUISE', 'CRUISE', 'CRUISE', 'CRUISE', 'CRUISE', 'CRUISE', 'CRUISE', 'CRUISE', 'PROBE', 'PROBE', 'PROBE', 'PROBE', 'PROBE', 'PROBE', 'PROBE', 'PROBE', 'PROBE', 'PROBE', 'PROBE', 'PROBE', 'PROBE', 'PROBE', 'PROBE', 'PROBE', 'PROBE', 'PROBE', 'PROBE', 'PROBE', 'PROBE', 'PROBE', 'PROBE', 'PROBE', 'PROBE', 'PROBE', 'PROBE', 'PROBE', 'PROBE', 'PROBE', 'PROBE', 'PROBE', 'PROBE', 'PROBE', 'PROBE', 'PROBE', 'PROBE', 'PROBE', 'PROBE', 'PROBE', 'PROBE', 'PROBE', 'PROBE', 'PROBE', 'PROBE', 'PROBE', 'PROBE', 'PROBE', 'PROBE', 'HOLD', 'HOLD', 'HOLD', 'HOLD', 'HOLD', 'HOLD', 'HOLD', 'HOLD', 'HOLD', 'HOLD', 'HOLD', 'HOLD', 'HOLD', 'HOLD', 'HOLD', 'HOLD', 'HOLD', 'HOLD', 'HOLD', 'HOLD', 'HOLD', 'HOLD', 'HOLD', 'PROBE', 'PROBE', 'PROBE', 'PROBE', 'PROBE', 'PROBE', 'PROBE', 'PROBE', 'PROBE', 'PROBE', 'PROBE', 'PROBE', 'PROBE', 'PROBE', 'PROBE', 'PROBE', 'PROBE', 'PROBE', 'PROBE', 'PROBE', 'PROBE', 'PROBE', 'PROBE', 'PROBE', 'PROBE', 'PROBE', 'PROBE', 'PROBE', 'PROBE', 'PROBE', 'PROBE', 'PROBE', 'PROBE', 'PROBE', 'PROBE', 'PROBE', 'PROBE', 'PROBE', 'PROBE', 'PROBE', 'PROBE', 'PROBE', 'PROBE', 'PROBE', 'PROBE', 'PROBE', 'PROBE', 'PROBE']"
merge_hesitation,rain,1,0.2034,-0.0,0.0,0.6421,0.5,0,0,"['CRUISE', 'CRUISE', 'CRUISE', 'CRUISE', 'CRUISE', 'CRUISE', 'CRUISE', 'CRUISE', 'CRUISE', 'PROBE', 'PROBE', 'PROBE', 'PROBE', 'PROBE', 'PROBE', 'PROBE', 'HOLD', 'HOLD', 'HOLD', 'HOLD', 'HOLD', 'HOLD', 'HOLD', 'HOLD', 'HOLD', 'HOLD', 'HOLD', 'HOLD', 'HOLD', 'HOLD', 'HOLD', 'HOLD', 'HOLD', 'HOLD', 'HOLD', 'HOLD', 'HOLD', 'HOLD', 'HOLD', 'HOLD', 'HOLD', 'HOLD', 'HOLD', 'HOLD', 'HOLD', 'HOLD', 'HOLD', 'HOLD', 'HOLD', 'HOLD', 'HOLD', 'HOLD', 'HOLD', 'HOLD', 'HOLD', 'HOLD', 'HOLD', 'HOLD', 'HOLD', 'HOLD', 'HOLD', 'HOLD', 'HOLD', 'HOLD', 'HOLD', 'HOLD', 'HOLD', 'HOLD', 'HOLD', 'HOLD', 'HOLD', 'HOLD', 'HOLD', 'HOLD', 'HOLD', 'HOLD', 'HOLD', 'HOLD', 'HOLD', 'HOLD', 'HOLD', 'HOLD', 'HOLD', 'HOLD', 'HOLD', 'HOLD', 'HOLD', 'HOLD', 'HOLD', 'HOLD', 'HOLD', 'HOLD', 'HOLD', 'HOLD', 'HOLD', 'HOLD', 'HOLD', 'HOLD', 'HOLD', 'HOLD', 'HOLD', 'HOLD', 'HOLD', 'HOLD', 'HOLD', 'HOLD', 'HOLD', 'HOLD', 'HOLD', 'HOLD', 'HOLD', 'HOLD', 'HOLD', 'ABORT', 'ABORT', 'ABORT', 'ABORT', 'ABORT', 'ABORT', 'ABORT', 'ABORT', 'ABORT', 'ABORT', 'ABORT', 'ABORT', 'ABORT', 'ABORT', 'ABORT', 'ABORT']"
merge_hesitation,rain,2,0.2033,-0.0,0.0,0.6415,0.5,0,0,"['CRUISE', 'CRUISE', 'CRUISE', 'CRUISE', 'CRUISE', 'CRUISE', 'CRUISE', 'CRUISE', 'PROBE', 'PROBE', 'PROBE', 'PROBE', 'PROBE', 'PROBE', 'PROBE', 'PROBE', 'HOLD', 'HOLD', 'HOLD', 'HOLD', 'HOLD', 'HOLD', 'HOLD', 'HOLD', 'HOLD', 'HOLD', 'HOLD', 'HOLD', 'HOLD', 'HOLD', 'HOLD', 'HOLD', 'HOLD', 'HOLD', 'HOLD', 'HOLD', 'HOLD', 'HOLD', 'HOLD', 'HOLD', 'HOLD', 'HOLD', 'HOLD', 'HOLD', 'HOLD', 'HOLD', 'HOLD', 'HOLD', 'HOLD', 'HOLD', 'HOLD', 'HOLD', 'HOLD', 'HOLD', 'HOLD', 'HOLD', 'HOLD', 'HOLD', 'HOLD', 'HOLD', 'HOLD', 'HOLD', 'HOLD', 'HOLD', 'HOLD', 'HOLD', 'HOLD', 'HOLD', 'HOLD', 'HOLD', 'HOLD', 'HOLD', 'HOLD', 'HOLD', 'HOLD', 'HOLD', 'HOLD', 'HOLD', 'HOLD', 'HOLD', 'HOLD', 'HOLD', 'HOLD', 'HOLD', 'HOLD', 'HOLD', 'HOLD', 'HOLD', 'HOLD', 'HOLD', 'HOLD', 'HOLD', 'HOLD', 'HOLD', 'HOLD', 'HOLD', 'HOLD', 'HOLD', 'HOLD', 'HOLD', 'HOLD', 'HOLD', 'HOLD', 'HOLD', 'HOLD', 'HOLD', 'HOLD', 'HOLD', 'HOLD', 'HOLD', 'HOLD', 'HOLD', 'HOLD', 'ABORT', 'ABORT', 'ABORT', 'ABORT', 'ABORT', 'ABORT', 'ABORT', 'ABORT', 'ABORT', 'ABORT', 'ABORT', 'ABORT', 'ABORT', 'ABORT', 'ABORT', 'ABORT']"
merge_hesitation,rain,3,0.6,0.0,0.0,0.0,0.0,0,0,"['CRUISE', 'CRUISE', 'CRUISE', 'CRUISE', 'CRUISE', 'CRUISE', 'CRUISE', 'CRUISE', 'CRUISE', 'PROBE', 'PROBE', 'PROBE', 'PROBE', 'PROBE', 'PROBE', 'PROBE', 'PROBE', 'PROBE', 'PROBE', 'PROBE', 'PROBE', 'PROBE', 'PROBE', 'PROBE', 'PROBE', 'PROBE', 'PROBE', 'PROBE', 'PROBE', 'PROBE', 'PROBE', 'PROBE', 'PROBE', 'PROBE', 'PROBE', 'PROBE', 'PROBE', 'PROBE', 'PROBE', 'PROBE', 'PROBE', 'PROBE', 'PROBE', 'PROBE', 'PROBE', 'PROBE', 'PROBE', 'PROBE', 'PROBE', 'PROBE', 'PROBE', 'PROBE', 'PROBE', 'PROBE', 'PROBE', 'PROBE', 'PROBE', 'PROBE', 'HOLD', 'HOLD', 'HOLD', 'HOLD', 'HOLD', 'HOLD', 'HOLD', 'HOLD', 'HOLD', 'HOLD', 'HOLD', 'HOLD', 'HOLD', 'PROBE', 'PROBE', 'PROBE', 'PROBE', 'PROBE', 'PROBE', 'PROBE', 'PROBE', 'PROBE', 'PROBE', 'PROBE', 'PROBE', 'PROBE', 'PROBE', 'PROBE', 'PROBE', 'PROBE', 'PROBE', 'PROBE', 'PROBE', 'PROBE', 'PROBE', 'PROBE', 'PROBE', 'PROBE', 'PROBE', 'PROBE', 'PROBE', 'PROBE', 'PROBE', 'PROBE', 'PROBE', 'PROBE', 'PROBE', 'PROBE', 'PROBE', 'PROBE', 'PROBE', 'PROBE', 'PROBE', 'PROBE', 'PROBE', 'PROBE', 'PROBE', 'PROBE', 'PROBE', 'PROBE', 'PROBE', 'PROBE', 'HOLD', 'HOLD', 'HOLD', 'HOLD', 'HOLD', 'HOLD', 'HOLD', 'HOLD', 'HOLD']"
merge_hesitation,rain,4,0.2034,-0.0,0.0,0.6422,0.5,0,0,"['CRUISE', 'CRUISE', 'CRUISE', 'CRUISE', 'CRUISE', 'CRUISE', 'CRUISE', 'CRUISE', 'CRUISE', 'PROBE', 'PROBE', 'PROBE', 'PROBE', 'PROBE', 'PROBE', 'PROBE', 'HOLD', 'HOLD', 'HOLD', 'HOLD', 'HOLD', 'HOLD', 'HOLD', 'HOLD', 'HOLD', 'HOLD', 'HOLD', 'HOLD', 'HOLD', 'HOLD', 'HOLD', 'HOLD', 'HOLD', 'HOLD', 'HOLD', 'HOLD', 'HOLD', 'HOLD', 'HOLD', 'HOLD', 'HOLD', 'HOLD', 'HOLD', 'HOLD', 'HOLD', 'HOLD', 'HOLD', 'HOLD', 'HOLD', 'HOLD', 'HOLD', 'HOLD', 'HOLD', 'HOLD', 'HOLD', 'HOLD', 'HOLD', 'HOLD', 'HOLD', 'HOLD', 'HOLD', 'HOLD', 'HOLD', 'HOLD', 'HOLD', 'HOLD', 'HOLD', 'HOLD', 'HOLD', 'HOLD', 'HOLD', 'HOLD', 'HOLD', 'HOLD', 'HOLD', 'HOLD', 'HOLD', 'HOLD', 'HOLD', 'HOLD', 'HOLD', 'HOLD', 'HOLD', 'HOLD', 'HOLD', 'HOLD', 'HOLD', 'HOLD', 'HOLD', 'HOLD', 'HOLD', 'HOLD', 'HOLD', 'HOLD', 'HOLD', 'HOLD', 'HOLD', 'HOLD', 'HOLD', 'HOLD', 'HOLD', 'HOLD', 'HOLD', 'HOLD', 'HOLD', 'HOLD', 'HOLD', 'HOLD', 'HOLD', 'HOLD', 'HOLD', 'HOLD', 'HOLD', 'ABORT', 'ABORT', 'ABORT', 'ABORT', 'ABORT', 'ABORT', 'ABORT', 'ABORT', 'ABORT', 'ABORT', 'ABORT', 'ABORT', 'ABORT', 'ABORT', 'ABORT', 'ABORT']"
merge_hesitation,rain,5,0.6,0.0,0.0,0.0,0.0,0,0,"['CRUISE', 'CRUISE', 'CRUISE', 'CRUISE', 'CRUISE', 'CRUISE', 'CRUISE', 'CRUISE', 'CRUISE', 'PROBE', 'PROBE', 'PROBE', 'PROBE', 'PROBE', 'PROBE', 'PROBE', 'PROBE', 'PROBE', 'PROBE', 'PROBE', 'PROBE', 'PROBE', 'PROBE', 'PROBE', 'PROBE', 'PROBE', 'PROBE', 'PROBE', 'PROBE', 'PROBE', 'PROBE', 'PROBE', 'PROBE', 'PROBE', 'PROBE', 'PROBE', 'PROBE', 'PROBE', 'PROBE', 'PROBE', 'PROBE', 'PROBE', 'PROBE', 'PROBE', 'PROBE', 'PROBE', 'PROBE', 'PROBE', 'PROBE', 'PROBE', 'PROBE', 'PROBE', 'PROBE', 'PROBE', 'PROBE', 'PROBE', 'PROBE', 'PROBE', 'HOLD', 'HOLD', 'HOLD', 'HOLD', 'HOLD', 'HOLD', 'HOLD', 'HOLD', 'HOLD', 'HOLD', 'HOLD', 'HOLD', 'HOLD', 'HOLD', 'HOLD', 'HOLD', 'HOLD', 'HOLD', 'HOLD', 'HOLD', 'HOLD', 'HOLD', 'HOLD', 'HOLD', 'PROBE', 'PROBE', 'PROBE', 'PROBE', 'PROBE', 'PROBE', 'PROBE', 'PROBE', 'PROBE', 'PROBE', 'PROBE', 'PROBE', 'PROBE', 'PROBE', 'PROBE', 'PROBE', 'PROBE', 'PROBE', 'PROBE', 'PROBE', 'PROBE', 'PROBE', 'PROBE', 'PROBE', 'PROBE', 'PROBE', 'PROBE', 'PROBE', 'PROBE', 'PROBE', 'PROBE', 'PROBE', 'PROBE', 'PROBE', 'PROBE', 'PROBE', 'PROBE', 'PROBE', 'PROBE', 'PROBE', 'PROBE', 'PROBE', 'PROBE', 'PROBE', 'PROBE', 'PROBE', 'PROBE']"
merge_hesitation,rain,6,0.2034,-0.0,0.0,0.6422,0.5,0,0,"['CRUISE', 'CRUISE', 'CRUISE', 'CRUISE', 'CRUISE', 'CRUISE', 'CRUISE', 'CRUISE', 'CRUISE', 'PROBE', 'PROBE', 'PROBE', 'PROBE', 'PROBE', 'PROBE', 'PROBE', 'HOLD', 'HOLD', 'HOLD', 'HOLD', 'HOLD', 'HOLD', 'HOLD', 'HOLD', 'HOLD', 'HOLD', 'HOLD', 'HOLD', 'HOLD', 'HOLD', 'HOLD', 'HOLD', 'HOLD', 'HOLD', 'HOLD', 'HOLD', 'HOLD', 'HOLD', 'HOLD', 'HOLD', 'HOLD', 'HOLD', 'HOLD', 'HOLD', 'HOLD', 'HOLD', 'HOLD', 'HOLD', 'HOLD', 'HOLD', 'HOLD', 'HOLD', 'HOLD', 'HOLD', 'HOLD', 'HOLD', 'HOLD', 'HOLD', 'HOLD', 'HOLD', 'HOLD', 'HOLD', 'HOLD', 'HOLD', 'HOLD', 'HOLD', 'HOLD', 'HOLD', 'HOLD', 'HOLD', 'HOLD', 'HOLD', 'HOLD', 'HOLD', 'HOLD', 'HOLD', 'HOLD', 'HOLD', 'HOLD', 'HOLD', 'HOLD', 'HOLD', 'HOLD', 'HOLD', 'HOLD', 'HOLD', 'HOLD', 'HOLD', 'HOLD', 'HOLD', 'HOLD', 'HOLD', 'HOLD', 'HOLD', 'HOLD', 'HOLD', 'HOLD', 'HOLD', 'HOLD', 'HOLD', 'HOLD', 'HOLD', 'HOLD', 'HOLD', 'HOLD', 'HOLD', 'HOLD', 'HOLD', 'HOLD', 'HOLD', 'HOLD', 'HOLD', 'HOLD', 'ABORT', 'ABORT', 'ABORT', 'ABORT', 'ABORT', 'ABORT', 'ABORT', 'ABORT', 'ABORT', 'ABORT', 'ABORT', 'ABORT', 'ABORT', 'ABORT', 'ABORT', 'ABORT']"
merge_hesitation,rain,7,0.2033,-0.0,0.0,0.6415,0.5,0,0,"['CRUISE', 'CRUISE', 'CRUISE', 'CRUISE', 'CRUISE', 'CRUISE', 'CRUISE', 'CRUISE', 'CRUISE', 'PROBE', 'PROBE', 'PROBE', 'PROBE', 'PROBE', 'PROBE', 'PROBE', 'HOLD', 'HOLD', 'HOLD', 'HOLD', 'HOLD', 'HOLD', 'HOLD', 'HOLD', 'HOLD', 'HOLD', 'HOLD', 'HOLD', 'HOLD', 'HOLD', 'HOLD', 'HOLD', 'HOLD', 'HOLD', 'HOLD', 'HOLD', 'HOLD', 'HOLD', 'HOLD', 'HOLD', 'HOLD', 'HOLD', 'HOLD', 'HOLD', 'HOLD', 'HOLD', 'HOLD', 'HOLD', 'HOLD', 'HOLD', 'HOLD', 'HOLD', 'HOLD', 'HOLD', 'HOLD', 'HOLD', 'HOLD', 'HOLD', 'HOLD', 'HOLD', 'HOLD', 'HOLD', 'HOLD', 'HOLD', 'HOLD', 'HOLD', 'HOLD', 'HOLD', 'HOLD', 'HOLD', 'HOLD', 'HOLD', 'HOLD', 'HOLD', 'HOLD', 'HOLD', 'HOLD', 'HOLD', 'HOLD', 'HOLD', 'HOLD', 'HOLD', 'HOLD', 'HOLD', 'HOLD', 'HOLD', 'HOLD', 'HOLD', 'HOLD', 'HOLD', 'HOLD', 'HOLD', 'HOLD', 'HOLD', 'HOLD', 'HOLD', 'HOLD', 'HOLD', 'HOLD', 'HOLD', 'HOLD', 'HOLD', 'HOLD', 'HOLD', 'HOLD', 'HOLD', 'HOLD', 'HOLD', 'HOLD', 'HOLD', 'HOLD', 'HOLD', 'ABORT', 'ABORT', 'ABORT', 'ABORT', 'ABORT', 'ABORT', 'ABORT', 'ABORT', 'ABORT', 'ABORT', 'ABORT', 'ABORT', 'ABORT', 'ABORT', 'ABORT', 'ABORT']"
merge_hesitation,rain,8,0.2034,-0.0,0.0,0.642,0.5,0,0,"['CRUISE', 'CRUISE', 'CRUISE', 'CRUISE', 'CRUISE', 'CRUISE', 'CRUISE', 'CRUISE', 'CRUISE', 'PROBE', 'PROBE', 'PROBE', 'PROBE', 'PROBE', 'PROBE', 'PROBE', 'PROBE', 'PROBE', 'PROBE', 'PROBE', 'PROBE', 'PROBE', 'PROBE', 'PROBE', 'PROBE', 'PROBE', 'PROBE', 'HOLD', 'HOLD', 'HOLD', 'HOLD', 'HOLD', 'HOLD', 'HOLD', 'HOLD', 'HOLD', 'HOLD', 'HOLD', 'HOLD', 'HOLD', 'HOLD', 'HOLD', 'HOLD', 'HOLD', 'HOLD', 'HOLD', 'HOLD', 'HOLD', 'HOLD', 'HOLD', 'HOLD', 'HOLD', 'HOLD', 'HOLD', 'HOLD', 'HOLD', 'HOLD', 'HOLD', 'HOLD', 'HOLD', 'HOLD', 'HOLD', 'HOLD', 'HOLD', 'HOLD', 'HOLD', 'HOLD', 'HOLD', 'HOLD', 'HOLD', 'HOLD', 'HOLD', 'HOLD', 'HOLD', 'HOLD', 'HOLD', 'HOLD', 'HOLD', 'HOLD', 'HOLD', 'HOLD', 'HOLD', 'HOLD', 'HOLD', 'HOLD', 'HOLD', 'HOLD', 'HOLD', 'HOLD', 'HOLD', 'HOLD', 'HOLD', 'HOLD', 'HOLD', 'HOLD', 'HOLD', 'HOLD', 'HOLD', 'HOLD', 'HOLD', 'HOLD', 'HOLD', 'HOLD', 'HOLD', 'HOLD', 'HOLD', 'HOLD', 'HOLD', 'HOLD', 'HOLD', 'HOLD', 'HOLD', 'HOLD', 'HOLD', 'HOLD', 'HOLD', 'HOLD', 'HOLD', 'HOLD', 'HOLD', 'HOLD', 'HOLD', 'HOLD', 'HOLD', 'ABORT', 'ABORT', 'ABORT', 'ABORT']"
merge_hesitation,rain,9,0.2033,-0.0,0.0,0.6417,0.5,0,0,"['CRUISE', 'CRUISE', 'CRUISE', 'CRUISE', 'CRUISE', 'CRUISE', 'CRUISE', 'CRUISE', 'CRUISE', 'PROBE', 'PROBE', 'PROBE', 'PROBE', 'PROBE', 'PROBE', 'PROBE', 'HOLD', 'HOLD', 'HOLD', 'HOLD', 'HOLD', 'HOLD', 'HOLD', 'HOLD', 'HOLD', 'HOLD', 'HOLD', 'HOLD', 'HOLD', 'HOLD', 'HOLD', 'HOLD', 'HOLD', 'HOLD', 'HOLD', 'HOLD', 'HOLD', 'HOLD', 'HOLD', 'HOLD', 'HOLD', 'HOLD', 'HOLD', 'HOLD', 'HOLD', 'HOLD', 'HOLD', 'HOLD', 'HOLD', 'HOLD', 'HOLD', 'HOLD', 'HOLD', 'HOLD', 'HOLD', 'HOLD', 'HOLD', 'HOLD', 'HOLD', 'HOLD', 'HOLD', 'HOLD', 'HOLD', 'HOLD', 'HOLD', 'HOLD', 'HOLD', 'HOLD', 'HOLD', 'HOLD', 'HOLD', 'HOLD', 'HOLD', 'HOLD', 'HOLD', 'HOLD', 'HOLD', 'HOLD', 'HOLD', 'HOLD', 'HOLD', 'HOLD', 'HOLD', 'HOLD', 'HOLD', 'HOLD', 'HOLD', 'HOLD', 'HOLD', 'HOLD', 'HOLD', 'HOLD', 'HOLD', 'HOLD', 'HOLD', 'HOLD', 'HOLD', 'HOLD', 'HOLD', 'HOLD', 'HOLD', 'HOLD', 'HOLD', 'HOLD', 'HOLD', 'HOLD', 'HOLD', 'HOLD', 'HOLD', 'HOLD', 'HOLD', 'HOLD', 'HOLD', 'ABORT', 'ABORT', 'ABORT', 'ABORT', 'ABORT', 'ABORT', 'ABORT', 'ABORT', 'ABORT', 'ABORT', 'ABORT', 'ABORT', 'ABORT', 'ABORT', 'ABORT', 'ABORT']"
merge_hesitation,rain,10,0.2033,-0.0,0.0,0.6416,0.5,0,0,"['CRUISE', 'CRUISE', 'CRUISE', 'CRUISE', 'CRUISE', 'CRUISE', 'CRUISE', 'CRUISE', 'CRUISE', 'PROBE', 'PROBE', 'PROBE', 'PROBE', 'PROBE', 'PROBE', 'PROBE', 'HOLD', 'HOLD', 'HOLD', 'HOLD', 'HOLD', 'HOLD', 'HOLD', 'HOLD', 'HOLD', 'HOLD', 'HOLD', 'HOLD', 'HOLD', 'HOLD', 'HOLD', 'HOLD', 'HOLD', 'HOLD', 'HOLD', 'HOLD', 'HOLD', 'HOLD', 'HOLD', 'HOLD', 'HOLD', 'HOLD', 'HOLD', 'HOLD', 'HOLD', 'HOLD', 'HOLD', 'HOLD', 'HOLD', 'HOLD', 'HOLD', 'HOLD', 'HOLD', 'HOLD', 'HOLD', 'HOLD', 'HOLD', 'HOLD', 'HOLD', 'HOLD', 'HOLD', 'HOLD', 'HOLD', 'HOLD', 'HOLD', 'HOLD', 'HOLD', 'HOLD', 'HOLD', 'HOLD', 'HOLD', 'HOLD', 'HOLD', 'HOLD', 'HOLD', 'HOLD', 'HOLD', 'HOLD', 'HOLD', 'HOLD', 'HOLD', 'HOLD', 'HOLD', 'HOLD', 'HOLD', 'HOLD', 'HOLD', 'HOLD', 'HOLD', 'HOLD', 'HOLD', 'HOLD', 'HOLD', 'HOLD', 'HOLD', 'HOLD', 'HOLD', 'HOLD', 'HOLD', 'HOLD', 'HOLD', 'HOLD', 'HOLD', 'HOLD', 'HOLD', 'HOLD', 'HOLD', 'HOLD', 'HOLD', 'HOLD', 'HOLD', 'HOLD', 'HOLD', 'ABORT', 'ABORT', 'ABORT', 'ABORT', 'ABORT', 'ABORT', 'ABORT', 'ABORT', 'ABORT', 'ABORT', 'ABORT', 'ABORT', 'ABORT', 'ABORT', 'ABORT', 'ABORT']"
merge_hesitation,rain,11,0.2035,-0.0,0.0,0.6424,0.5,0,0,"['CRUISE', 'CRUISE', 'CRUISE', 'CRUISE', 'CRUISE', 'CRUISE', 'CRUISE', 'CRUISE', 'CRUISE', 'PROBE', 'PROBE', 'PROBE', 'PROBE', 'PROBE', 'PROBE', 'PROBE', 'HOLD', 'HOLD', 'HOLD', 'HOLD', 'HOLD', 'HOLD', 'HOLD', 'HOLD', 'HOLD', 'HOLD', 'HOLD', 'HOLD', 'HOLD', 'HOLD', 'HOLD', 'HOLD', 'HOLD', 'HOLD', 'HOLD', 'HOLD', 'HOLD', 'HOLD', 'HOLD', 'HOLD', 'HOLD', 'HOLD', 'HOLD', 'HOLD', 'HOLD', 'HOLD', 'HOLD', 'HOLD', 'HOLD', 'HOLD', 'HOLD', 'HOLD', 'HOLD', 'HOLD', 'HOLD', 'HOLD', 'HOLD', 'HOLD', 'HOLD', 'HOLD', 'HOLD', 'HOLD', 'HOLD', 'HOLD', 'HOLD', 'HOLD', 'HOLD', 'HOLD', 'HOLD', 'HOLD', 'HOLD', 'HOLD', 'HOLD', 'HOLD', 'HOLD', 'HOLD', 'HOLD', 'HOLD', 'HOLD', 'HOLD', 'HOLD', 'HOLD', 'HOLD', 'HOLD', 'HOLD', 'HOLD', 'HOLD', 'HOLD', 'HOLD', 'HOLD', 'HOLD', 'HOLD', 'HOLD', 'HOLD', 'HOLD', 'HOLD', 'HOLD', 'HOLD', 'HOLD', 'HOLD', 'HOLD', 'HOLD', 'HOLD', 'HOLD', 'HOLD', 'HOLD', 'HOLD', 'HOLD', 'HOLD', 'HOLD', 'HOLD', 'HOLD', 'HOLD', 'ABORT', 'ABORT', 'ABORT', 'ABORT', 'ABORT', 'ABORT', 'ABORT', 'ABORT', 'ABORT', 'ABORT', 'ABORT', 'ABORT', 'ABORT', 'ABORT', 'ABORT', 'ABORT']"
merge_hesitation,rain,12,0.6,0.0,0.0,0.0,0.0,0,0,"['CRUISE', 'CRUISE', 'CRUISE', 'CRUISE', 'CRUISE', 'CRUISE', 'CRUISE', 'CRUISE', 'PROBE', 'PROBE', 'PROBE', 'PROBE', 'PROBE', 'PROBE', 'PROBE', 'PROBE', 'PROBE', 'PROBE', 'HOLD', 'HOLD', 'HOLD', 'HOLD', 'HOLD', 'HOLD', 'HOLD', 'HOLD', 'HOLD', 'HOLD', 'HOLD', 'HOLD', 'HOLD', 'HOLD', 'HOLD', 'HOLD', 'HOLD', 'PROBE', 'PROBE', 'PROBE', 'PROBE', 'PROBE', 'PROBE', 'PROBE', 'PROBE', 'PROBE', 'PROBE', 'PROBE', 'PROBE', 'PROBE', 'PROBE', 'HOLD', 'HOLD', 'HOLD', 'HOLD', 'HOLD', 'HOLD', 'HOLD', 'HOLD', 'HOLD', 'HOLD', 'HOLD', 'HOLD', 'HOLD', 'HOLD', 'HOLD', 'HOLD', 'HOLD', 'HOLD', 'HOLD', 'HOLD', 'HOLD', 'HOLD', 'HOLD', 'HOLD', 'HOLD', 'HOLD', 'HOLD', 'HOLD', 'PROBE', 'PROBE', 'PROBE', 'PROBE', 'PROBE', 'PROBE', 'PROBE', 'PROBE', 'PROBE', 'PROBE', 'PROBE', 'PROBE', 'PROBE', 'PROBE', 'PROBE', 'PROBE', 'PROBE', 'PROBE', 'PROBE', 'PROBE', 'PROBE', 'PROBE', 'HOLD', 'HOLD', 'HOLD', 'HOLD', 'HOLD', 'HOLD', 'HOLD', 'HOLD', 'HOLD', 'HOLD', 'HOLD', 'HOLD', 'HOLD', 'HOLD', 'HOLD', 'HOLD', 'HOLD', 'HOLD', 'HOLD', 'HOLD', 'HOLD', 'HOLD', 'HOLD', 'HOLD', 'HOLD', 'HOLD', 'HOLD', 'HOLD', 'HOLD', 'HOLD']"
merge_hesitation,rain,13,0.2033,-0.0,0.0,0.6416,0.5,0,0,"['CRUISE', 'CRUISE', 'CRUISE', 'CRUISE', 'CRUISE', 'CRUISE', 'CRUISE', 'CRUISE', 'CRUISE', 'PROBE', 'PROBE', 'PROBE', 'PROBE', 'PROBE', 'PROBE', 'PROBE', 'HOLD', 'HOLD', 'HOLD', 'HOLD', 'HOLD', 'HOLD', 'HOLD', 'HOLD', 'HOLD', 'HOLD', 'HOLD', 'HOLD', 'HOLD', 'HOLD', 'HOLD', 'HOLD', 'HOLD', 'HOLD', 'HOLD', 'HOLD', 'HOLD', 'HOLD', 'HOLD', 'HOLD', 'HOLD', 'HOLD', 'HOLD', 'HOLD', 'HOLD', 'HOLD', 'HOLD', 'HOLD', 'HOLD', 'HOLD', 'HOLD', 'HOLD', 'HOLD', 'HOLD', 'HOLD', 'HOLD', 'HOLD', 'HOLD', 'HOLD', 'HOLD', 'HOLD', 'HOLD', 'HOLD', 'HOLD', 'HOLD', 'HOLD', 'HOLD', 'HOLD', 'HOLD', 'HOLD', 'HOLD', 'HOLD', 'HOLD', 'HOLD', 'HOLD', 'HOLD', 'HOLD', 'HOLD', 'HOLD', 'HOLD', 'HOLD', 'HOLD', 'HOLD', 'HOLD', 'HOLD', 'HOLD', 'HOLD', 'HOLD', 'HOLD', 'HOLD', 'HOLD', 'HOLD', 'HOLD', 'HOLD', 'HOLD', 'HOLD', 'HOLD', 'HOLD', 'HOLD', 'HOLD', 'HOLD', 'HOLD', 'HOLD', 'HOLD', 'HOLD', 'HOLD', 'HOLD', 'HOLD', 'HOLD', 'HOLD', 'HOLD', 'HOLD', 'HOLD', 'ABORT', 'ABORT', 'ABORT', 'ABORT', 'ABORT', 'ABORT', 'ABORT', 'ABORT', 'ABORT', 'ABORT', 'ABORT', 'ABORT', 'ABORT', 'ABORT', 'ABORT', 'ABORT']"
merge_hesitation,rain,14,0.2034,-0.0,0.0,0.642,0.5,0,0,"['CRUISE', 'CRUISE', 'CRUISE', 'CRUISE', 'CRUISE', 'CRUISE', 'CRUISE', 'CRUISE', 'CRUISE', 'PROBE', 'PROBE', 'PROBE', 'PROBE', 'PROBE', 'PROBE', 'PROBE', 'HOLD', 'HOLD', 'HOLD', 'HOLD', 'HOLD', 'HOLD', 'HOLD', 'HOLD', 'HOLD', 'HOLD', 'HOLD', 'HOLD', 'HOLD', 'HOLD', 'HOLD', 'HOLD', 'HOLD', 'HOLD', 'HOLD', 'HOLD', 'HOLD', 'HOLD', 'HOLD', 'HOLD', 'HOLD', 'HOLD', 'HOLD', 'HOLD', 'HOLD', 'HOLD', 'HOLD', 'HOLD', 'HOLD', 'HOLD', 'HOLD', 'HOLD', 'HOLD', 'HOLD', 'HOLD', 'HOLD', 'HOLD', 'HOLD', 'HOLD', 'HOLD', 'HOLD', 'HOLD', 'HOLD', 'HOLD', 'HOLD', 'HOLD', 'HOLD', 'HOLD', 'HOLD', 'HOLD', 'HOLD', 'HOLD', 'HOLD', 'HOLD', 'HOLD', 'HOLD', 'HOLD', 'HOLD', 'HOLD', 'HOLD', 'HOLD', 'HOLD', 'HOLD', 'HOLD', 'HOLD', 'HOLD', 'HOLD', 'HOLD', 'HOLD', 'HOLD', 'HOLD', 'HOLD', 'HOLD', 'HOLD', 'HOLD', 'HOLD', 'HOLD', 'HOLD', 'HOLD', 'HOLD', 'HOLD', 'HOLD', 'HOLD', 'HOLD', 'HOLD', 'HOLD', 'HOLD', 'HOLD', 'HOLD', 'HOLD', 'HOLD', 'HOLD', 'HOLD', 'ABORT', 'ABORT', 'ABORT', 'ABORT', 'ABORT', 'ABORT', 'ABORT', 'ABORT', 'ABORT', 'ABORT', 'ABORT', 'ABORT', 'ABORT', 'ABORT', 'ABORT', 'ABORT']"
merge_hesitation,rain,15,0.2035,-0.0,0.0,0.6423,0.5,0,0,"['CRUISE', 'CRUISE', 'CRUISE', 'CRUISE', 'CRUISE', 'CRUISE', 'CRUISE', 'CRUISE', 'CRUISE', 'PROBE', 'PROBE', 'PROBE', 'PROBE', 'PROBE', 'PROBE', 'PROBE', 'HOLD', 'HOLD', 'HOLD', 'HOLD', 'HOLD', 'HOLD', 'HOLD', 'HOLD', 'HOLD', 'HOLD', 'HOLD', 'HOLD', 'HOLD', 'HOLD', 'HOLD', 'HOLD', 'HOLD', 'HOLD', 'HOLD', 'HOLD', 'HOLD', 'HOLD', 'HOLD', 'HOLD', 'HOLD', 'HOLD', 'HOLD', 'HOLD', 'HOLD', 'HOLD', 'HOLD', 'HOLD', 'HOLD', 'HOLD', 'HOLD', 'HOLD', 'HOLD', 'HOLD', 'HOLD', 'HOLD', 'HOLD', 'HOLD', 'HOLD', 'HOLD', 'HOLD', 'HOLD', 'HOLD', 'HOLD', 'HOLD', 'HOLD', 'HOLD', 'HOLD', 'HOLD', 'HOLD', 'HOLD', 'HOLD', 'HOLD', 'HOLD', 'HOLD', 'HOLD', 'HOLD', 'HOLD', 'HOLD', 'HOLD', 'HOLD', 'HOLD', 'HOLD', 'HOLD', 'HOLD', 'HOLD', 'HOLD', 'HOLD', 'HOLD', 'HOLD', 'HOLD', 'HOLD', 'HOLD', 'HOLD', 'HOLD', 'HOLD', 'HOLD', 'HOLD', 'HOLD', 'HOLD', 'HOLD', 'HOLD', 'HOLD', 'HOLD', 'HOLD', 'HOLD', 'HOLD', 'HOLD', 'HOLD', 'HOLD', 'HOLD', 'HOLD', 'HOLD', 'ABORT', 'ABORT', 'ABORT', 'ABORT', 'ABORT', 'ABORT', 'ABORT', 'ABORT', 'ABORT', 'ABORT', 'ABORT', 'ABORT', 'ABORT', 'ABORT', 'ABORT', 'ABORT']"
merge_hesitation,rain,16,0.2033,-0.0,0.0,0.6417,0.5,0,0,"['CRUISE', 'CRUISE', 'CRUISE', 'CRUISE', 'CRUISE', 'CRUISE', 'CRUISE', 'CRUISE', 'CRUISE', 'PROBE', 'PROBE', 'PROBE', 'PROBE', 'PROBE', 'PROBE', 'PROBE', 'PROBE', 'PROBE', 'HOLD', 'HOLD', 'HOLD', 'HOLD', 'HOLD', 'HOLD', 'HOLD', 'HOLD', 'HOLD', 'HOLD', 'HOLD', 'HOLD', 'HOLD', 'HOLD', 'HOLD', 'HOLD', 'HOLD', 'HOLD', 'HOLD', 'HOLD', 'HOLD', 'HOLD', 'HOLD', 'HOLD', 'HOLD', 'HOLD', 'HOLD', 'HOLD', 'HOLD', 'HOLD', 'HOLD', 'HOLD', 'HOLD', 'HOLD', 'HOLD', 'HOLD', 'HOLD', 'HOLD', 'HOLD', 'HOLD', 'HOLD', 'HOLD', 'HOLD', 'HOLD', 'HOLD', 'HOLD', 'HOLD', 'HOLD', 'HOLD', 'HOLD', 'HOLD', 'HOLD', 'HOLD', 'HOLD', 'HOLD', 'HOLD', 'HOLD', 'HOLD', 'HOLD', 'HOLD', 'HOLD', 'HOLD', 'HOLD', 'HOLD', 'HOLD', 'HOLD', 'HOLD', 'HOLD', 'HOLD', 'HOLD', 'HOLD', 'HOLD', 'HOLD', 'HOLD', 'HOLD', 'HOLD', 'HOLD', 'HOLD', 'HOLD', 'HOLD', 'HOLD', 'HOLD', 'HOLD', 'HOLD', 'HOLD', 'HOLD', 'HOLD', 'HOLD', 'HOLD', 'HOLD', 'HOLD', 'HOLD', 'HOLD', 'HOLD', 'HOLD', 'HOLD', 'HOLD', 'ABORT', 'ABORT', 'ABORT', 'ABORT', 'ABORT', 'ABORT', 'ABORT', 'ABORT', 'ABORT', 'ABORT', 'ABORT', 'ABORT', 'ABORT', 'ABORT']"
merge_hesitation,rain,17,0.6,0.0,0.0,0.0,0.0,0,0,"['CRUISE', 'CRUISE', 'CRUISE', 'CRUISE', 'CRUISE', 'CRUISE', 'CRUISE', 'CRUISE', 'CRUISE', 'PROBE', 'PROBE', 'PROBE', 'PROBE', 'PROBE', 'PROBE', 'PROBE', 'PROBE', 'PROBE', 'HOLD', 'HOLD', 'HOLD', 'HOLD', 'HOLD', 'HOLD', 'HOLD', 'HOLD', 'HOLD', 'HOLD', 'HOLD', 'HOLD', 'HOLD', 'HOLD', 'HOLD', 'HOLD', 'HOLD', 'HOLD', 'HOLD', 'HOLD', 'HOLD', 'HOLD', 'HOLD', 'HOLD', 'HOLD', 'HOLD', 'HOLD', 'HOLD', 'HOLD', 'HOLD', 'HOLD', 'HOLD', 'HOLD', 'HOLD', 'HOLD', 'HOLD', 'HOLD', 'HOLD', 'HOLD', 'HOLD', 'HOLD', 'HOLD', 'HOLD', 'HOLD', 'HOLD', 'PROBE', 'PROBE', 'PROBE', 'PROBE', 'PROBE', 'PROBE', 'PROBE', 'HOLD', 'HOLD', 'HOLD', 'HOLD', 'HOLD', 'HOLD', 'HOLD', 'HOLD', 'HOLD', 'HOLD', 'HOLD', 'HOLD', 'HOLD', 'HOLD', 'HOLD', 'HOLD', 'HOLD', 'HOLD', 'HOLD', 'HOLD', 'HOLD', 'HOLD', 'HOLD', 'HOLD', 'HOLD', 'HOLD', 'HOLD', 'HOLD', 'HOLD', 'HOLD', 'HOLD', 'HOLD', 'HOLD', 'HOLD', 'HOLD', 'HOLD', 'HOLD', 'HOLD', 'HOLD', 'HOLD', 'HOLD', 'HOLD', 'HOLD', 'HOLD', 'HOLD', 'HOLD', 'HOLD', 'HOLD', 'HOLD', 'HOLD', 'HOLD', 'HOLD', 'HOLD', 'HOLD', 'HOLD', 'HOLD', 'HOLD', 'HOLD', 'HOLD']"
merge_hesitation,rain,18,0.6,0.0,0.0,0.0,0.0,0,0,"['CRUISE', 'CRUISE', 'CRUISE', 'CRUISE', 'CRUISE', 'CRUISE', 'CRUISE', 'CRUISE', 'CRUISE', 'PROBE', 'PROBE', 'PROBE', 'PROBE', 'PROBE', 'PROBE', 'PROBE', 'HOLD', 'HOLD', 'HOLD', 'HOLD', 'HOLD', 'HOLD', 'HOLD', 'HOLD', 'HOLD', 'HOLD', 'HOLD', 'HOLD', 'HOLD', 'HOLD', 'HOLD', 'HOLD', 'HOLD', 'HOLD', 'HOLD', 'HOLD', 'HOLD', 'HOLD', 'HOLD', 'HOLD', 'HOLD', 'HOLD', 'HOLD', 'HOLD', 'HOLD', 'HOLD', 'HOLD', 'HOLD', 'HOLD', 'HOLD', 'HOLD', 'HOLD', 'HOLD', 'HOLD', 'HOLD', 'HOLD', 'HOLD', 'HOLD', 'HOLD', 'HOLD', 'HOLD', 'HOLD', 'HOLD', 'HOLD', 'HOLD', 'HOLD', 'HOLD', 'HOLD', 'HOLD', 'HOLD', 'HOLD', 'HOLD', 'HOLD', 'HOLD', 'HOLD', 'HOLD', 'HOLD', 'HOLD', 'HOLD', 'HOLD', 'HOLD', 'HOLD', 'HOLD', 'HOLD', 'HOLD', 'HOLD', 'HOLD', 'HOLD', 'HOLD', 'PROBE', 'PROBE', 'PROBE', 'PROBE', 'PROBE', 'PROBE', 'PROBE', 'HOLD', 'HOLD', 'HOLD', 'HOLD', 'HOLD', 'HOLD', 'HOLD', 'HOLD', 'HOLD', 'HOLD', 'HOLD', 'HOLD', 'HOLD', 'HOLD', 'HOLD', 'HOLD', 'HOLD', 'HOLD', 'HOLD', 'HOLD', 'HOLD', 'HOLD', 'HOLD', 'HOLD', 'HOLD', 'HOLD', 'HOLD', 'HOLD', 'HOLD', 'HOLD', 'HOLD', 'HOLD', 'HOLD']"
merge_hesitation,rain,19,0.6,0.0,0.0,0.0,0.0,0,0,"['CRUISE', 'CRUISE', 'CRUISE', 'CRUISE', 'CRUISE', 'CRUISE', 'CRUISE', 'CRUISE', 'CRUISE', 'PROBE', 'PROBE', 'PROBE', 'PROBE', 'PROBE', 'PROBE', 'PROBE', 'PROBE', 'PROBE', 'PROBE', 'PROBE', 'PROBE', 'PROBE', 'PROBE', 'PROBE', 'PROBE', 'PROBE', 'PROBE', 'PROBE', 'PROBE', 'PROBE', 'PROBE', 'PROBE', 'PROBE', 'PROBE', 'PROBE', 'PROBE', 'PROBE', 'PROBE', 'PROBE', 'PROBE', 'PROBE', 'PROBE', 'PROBE', 'PROBE', 'PROBE', 'PROBE', 'PROBE', 'PROBE', 'PROBE', 'PROBE', 'PROBE', 'PROBE', 'PROBE', 'PROBE', 'PROBE', 'PROBE', 'PROBE', 'PROBE', 'HOLD', 'HOLD', 'HOLD', 'HOLD', 'HOLD', 'HOLD', 'HOLD', 'HOLD', 'HOLD', 'HOLD', 'HOLD', 'PROBE', 'PROBE', 'PROBE', 'PROBE', 'PROBE', 'PROBE', 'PROBE', 'PROBE', 'PROBE', 'PROBE', 'PROBE', 'PROBE', 'PROBE', 'PROBE', 'PROBE', 'PROBE', 'PROBE', 'PROBE', 'PROBE', 'PROBE', 'PROBE', 'PROBE', 'PROBE', 'PROBE', 'PROBE', 'PROBE', 'PROBE', 'PROBE', 'PROBE', 'PROBE', 'PROBE', 'PROBE', 'PROBE', 'PROBE', 'PROBE', 'PROBE', 'PROBE', 'PROBE', 'PROBE', 'PROBE', 'PROBE', 'PROBE', 'PROBE', 'PROBE', 'PROBE', 'PROBE', 'PROBE', 'PROBE', 'PROBE', 'HOLD', 'HOLD', 'HOLD', 'HOLD', 'HOLD', 'HOLD', 'HOLD', 'HOLD', 'HOLD', 'PROBE', 'PROBE']"
merge_hesitation,fog,0,0.2034,-0.0,0.0,0.6419,0.5,0,0,"['CRUISE', 'CRUISE', 'CRUISE', 'CRUISE', 'CRUISE', 'CRUISE', 'CRUISE', 'CRUISE', 'CRUISE', 'PROBE', 'PROBE', 'PROBE', 'PROBE', 'PROBE', 'PROBE', 'PROBE', 'HOLD', 'HOLD', 'HOLD', 'HOLD', 'HOLD', 'HOLD', 'HOLD', 'HOLD', 'HOLD', 'HOLD', 'HOLD', 'HOLD', 'HOLD', 'HOLD', 'HOLD', 'HOLD', 'HOLD', 'HOLD', 'HOLD', 'HOLD', 'HOLD', 'HOLD', 'HOLD', 'HOLD', 'HOLD', 'HOLD', 'HOLD', 'HOLD', 'HOLD', 'HOLD', 'HOLD', 'HOLD', 'HOLD', 'HOLD', 'HOLD', 'HOLD', 'HOLD', 'HOLD', 'HOLD', 'HOLD', 'HOLD', 'HOLD', 'HOLD', 'HOLD', 'HOLD', 'HOLD', 'HOLD', 'HOLD', 'HOLD', 'HOLD', 'HOLD', 'HOLD', 'HOLD', 'HOLD', 'HOLD', 'HOLD', 'HOLD', 'HOLD', 'HOLD', 'HOLD', 'HOLD', 'HOLD', 'HOLD', 'HOLD', 'HOLD', 'HOLD', 'HOLD', 'HOLD', 'HOLD', 'HOLD', 'HOLD', 'HOLD', 'HOLD', 'HOLD', 'HOLD', 'HOLD', 'HOLD', 'HOLD', 'HOLD', 'HOLD', 'HOLD', 'HOLD', 'HOLD', 'HOLD', 'HOLD', 'HOLD', 'HOLD', 'HOLD', 'HOLD', 'HOLD', 'HOLD', 'HOLD', 'HOLD', 'HOLD', 'HOLD', 'HOLD', 'HOLD', 'ABORT', 'ABORT', 'ABORT', 'ABORT', 'ABORT', 'ABORT', 'ABORT', 'ABORT', 'ABORT', 'ABORT', 'ABORT', 'ABORT', 'ABORT', 'ABORT', 'ABORT', 'ABORT']"
merge_hesitation,fog,1,0.6,0.0,0.0,0.0,0.0,0,0,"['CRUISE', 'CRUISE', 'CRUISE', 'CRUISE', 'CRUISE', 'CRUISE', 'CRUISE', 'CRUISE', 'CRUISE', 'PROBE', 'PROBE', 'PROBE', 'PROBE', 'PROBE', 'PROBE', 'PROBE', 'PROBE', 'PROBE', 'PROBE', 'PROBE', 'PROBE', 'PROBE', 'PROBE', 'PROBE', 'PROBE', 'PROBE', 'PROBE', 'PROBE', 'PROBE', 'PROBE', 'PROBE', 'PROBE', 'PROBE', 'PROBE', 'PROBE', 'PROBE', 'PROBE', 'PROBE', 'PROBE', 'PROBE', 'PROBE', 'PROBE', 'PROBE', 'PROBE', 'PROBE', 'PROBE', 'PROBE', 'PROBE', 'PROBE', 'PROBE', 'PROBE', 'PROBE', 'PROBE', 'PROBE', 'PROBE', 'PROBE', 'PROBE', 'PROBE', 'HOLD', 'HOLD', 'HOLD', 'HOLD', 'HOLD', 'HOLD', 'HOLD', 'HOLD', 'PROBE', 'PROBE', 'PROBE', 'PROBE', 'PROBE', 'PROBE', 'PROBE', 'PROBE', 'PROBE', 'PROBE', 'PROBE', 'PROBE', 'PROBE', 'PROBE', 'PROBE', 'PROBE', 'PROBE', 'PROBE', 'PROBE', 'PROBE', 'PROBE', 'PROBE', 'PROBE', 'PROBE', 'PROBE', 'PROBE', 'PROBE', 'PROBE', 'PROBE', 'PROBE', 'PROBE', 'PROBE', 'PROBE', 'PROBE', 'PROBE', 'PROBE', 'PROBE', 'PROBE', 'PROBE', 'PROBE', 'PROBE', 'PROBE', 'PROBE', 'PROBE', 'PROBE', 'PROBE', 'PROBE', 'PROBE', 'PROBE', 'HOLD', 'HOLD', 'HOLD', 'HOLD', 'HOLD', 'HOLD', 'HOLD', 'HOLD', 'HOLD', 'HOLD', 'PROBE', 'PROBE', 'PROBE', 'PROBE']"
merge_hesitation,fog,2,0.6,0.0,0.0,0.0,0.0,0,0,"['CRUISE', 'CRUISE', 'CRUISE', 'CRUISE', 'CRUISE', 'CRUISE', 'CRUISE', 'CRUISE', 'CRUISE', 'PROBE', 'PROBE', 'PROBE', 'PROBE', 'PROBE', 'PROBE', 'PROBE', 'PROBE', 'PROBE', 'HOLD', 'HOLD', 'HOLD', 'HOLD', 'HOLD', 'HOLD', 'HOLD', 'HOLD', 'HOLD', 'HOLD', 'HOLD', 'HOLD', 'HOLD', 'HOLD', 'HOLD', 'HOLD', 'HOLD', 'HOLD', 'HOLD', 'HOLD', 'HOLD', 'HOLD', 'HOLD', 'HOLD', 'HOLD', 'HOLD', 'HOLD', 'HOLD', 'HOLD', 'HOLD', 'HOLD', 'HOLD', 'HOLD', 'HOLD', 'HOLD', 'HOLD', 'HOLD', 'HOLD', 'HOLD', 'PROBE', 'PROBE', 'PROBE', 'PROBE', 'PROBE', 'PROBE', 'PROBE', 'PROBE', 'PROBE', 'PROBE', 'PROBE', 'PROBE', 'HOLD', 'HOLD', 'HOLD', 'HOLD', 'HOLD', 'HOLD', 'HOLD', 'HOLD', 'HOLD', 'HOLD', 'HOLD', 'HOLD', 'HOLD', 'HOLD', 'HOLD', 'HOLD', 'HOLD', 'HOLD', 'HOLD', 'HOLD', 'HOLD', 'HOLD', 'HOLD', 'HOLD', 'HOLD', 'HOLD', 'HOLD', 'HOLD', 'HOLD', 'HOLD', 'HOLD', 'HOLD', 'HOLD', 'HOLD', 'HOLD', 'HOLD', 'HOLD', 'HOLD', 'HOLD', 'HOLD', 'HOLD', 'HOLD', 'HOLD', 'HOLD', 'HOLD', 'HOLD', 'HOLD', 'HOLD', 'HOLD', 'HOLD', 'HOLD', 'HOLD', 'HOLD', 'HOLD', 'HOLD', 'HOLD', 'HOLD', 'HOLD', 'HOLD']"
merge_hesitation,fog,3,0.2034,-0.0,0.0,0.642,0.5,0,0,"['CRUISE', 'CRUISE', 'CRUISE', 'CRUISE', 'CRUISE', 'CRUISE', 'CRUISE', 'CRUISE', 'PROBE', 'PROBE', 'PROBE', 'PROBE', 'PROBE', 'PROBE', 'PROBE', 'HOLD', 'HOLD', 'HOLD', 'HOLD', 'HOLD', 'HOLD', 'HOLD', 'HOLD', 'HOLD', 'HOLD', 'HOLD', 'HOLD', 'HOLD', 'HOLD', 'HOLD', 'HOLD', 'HOLD', 'HOLD', 'HOLD', 'HOLD', 'HOLD', 'HOLD', 'HOLD', 'HOLD', 'HOLD', 'HOLD', 'HOLD', 'HOLD', 'HOLD', 'HOLD', 'HOLD', 'HOLD', 'HOLD', 'HOLD', 'HOLD', 'HOLD', 'HOLD', 'HOLD', 'HOLD', 'HOLD', 'HOLD', 'HOLD', 'HOLD', 'HOLD', 'HOLD', 'HOLD', 'HOLD', 'HOLD', 'HOLD', 'HOLD', 'HOLD', 'HOLD', 'HOLD', 'HOLD', 'HOLD', 'HOLD', 'HOLD', 'HOLD', 'HOLD', 'HOLD', 'HOLD', 'HOLD', 'HOLD', 'HOLD', 'HOLD', 'HOLD', 'HOLD', 'HOLD', 'HOLD', 'HOLD', 'HOLD', 'HOLD', 'HOLD', 'HOLD', 'HOLD', 'HOLD', 'HOLD', 'HOLD', 'HOLD', 'HOLD', 'HOLD', 'HOLD', 'HOLD', 'HOLD', 'HOLD', 'HOLD', 'HOLD', 'HOLD', 'HOLD', 'HOLD', 'HOLD', 'HOLD', 'HOLD', 'HOLD', 'HOLD', 'HOLD', 'HOLD', 'ABORT', 'ABORT', 'ABORT', 'ABORT', 'ABORT', 'ABORT', 'ABORT', 'ABORT', 'ABORT', 'ABORT', 'ABORT', 'ABORT', 'ABORT', 'ABORT', 'ABORT', 'ABORT', 'ABORT']"
merge_hesitation,fog,4,0.6,0.0,0.0,0.0,0.0,0,0,"['CRUISE', 'CRUISE', 'CRUISE', 'CRUISE', 'CRUISE', 'CRUISE', 'CRUISE', 'CRUISE', 'CRUISE', 'PROBE', 'PROBE', 'PROBE', 'PROBE', 'PROBE', 'PROBE', 'PROBE', 'PROBE', 'PROBE', 'PROBE', 'PROBE', 'PROBE', 'PROBE', 'PROBE', 'PROBE', 'PROBE', 'PROBE', 'PROBE', 'PROBE', 'PROBE', 'PROBE', 'PROBE', 'PROBE', 'PROBE', 'PROBE', 'PROBE', 'PROBE', 'PROBE', 'PROBE', 'PROBE', 'PROBE', 'PROBE', 'PROBE', 'PROBE', 'PROBE', 'PROBE', 'PROBE', 'PROBE', 'PROBE', 'PROBE', 'PROBE', 'PROBE', 'PROBE', 'PROBE', 'PROBE', 'PROBE', 'PROBE', 'PROBE', 'PROBE', 'HOLD', 'HOLD', 'HOLD', 'HOLD', 'HOLD', 'HOLD', 'HOLD', 'HOLD', 'HOLD', 'PROBE', 'PROBE', 'PROBE', 'PROBE', 'PROBE', 'PROBE', 'PROBE', 'PROBE', 'PROBE', 'PROBE', 'PROBE', 'PROBE', 'PROBE', 'PROBE', 'PROBE', 'PROBE', 'PROBE', 'PROBE', 'PROBE', 'PROBE', 'PROBE', 'PROBE', 'PROBE', 'PROBE', 'PROBE', 'PROBE', 'PROBE', 'PROBE', 'PROBE', 'PROBE', 'PROBE', 'PROBE', 'PROBE', 'PROBE', 'PROBE', 'PROBE', 'PROBE', 'PROBE', 'PROBE', 'PROBE', 'PROBE', 'PROBE', 'PROBE', 'PROBE', 'PROBE', 'PROBE', 'PROBE', 'PROBE', 'PROBE', 'HOLD', 'HOLD', 'HOLD', 'HOLD', 'HOLD', 'HOLD', 'HOLD', 'HOLD', 'HOLD', 'PROBE', 'PROBE', 'PROBE', 'PROBE']"
merge_hesitation,fog,5,0.6,0.0,0.0,0.0,0.0,0,0,"['CRUISE', 'CRUISE', 'CRUISE', 'CRUISE', 'CRUISE', 'CRUISE', 'CRUISE', 'CRUISE', 'CRUISE', 'PROBE', 'PROBE', 'PROBE', 'PROBE', 'PROBE', 'PROBE', 'PROBE', 'PROBE', 'PROBE', 'PROBE', 'PROBE', 'PROBE', 'PROBE', 'PROBE', 'HOLD', 'HOLD', 'HOLD', 'HOLD', 'HOLD', 'HOLD', 'HOLD', 'HOLD', 'HOLD', 'HOLD', 'HOLD', 'HOLD', 'HOLD', 'HOLD', 'HOLD', 'HOLD', 'HOLD', 'HOLD', 'HOLD', 'HOLD', 'HOLD', 'HOLD', 'HOLD', 'HOLD', 'HOLD', 'HOLD', 'HOLD', 'PROBE', 'PROBE', 'PROBE', 'PROBE', 'PROBE', 'PROBE', 'PROBE', 'PROBE', 'HOLD', 'HOLD', 'HOLD', 'HOLD', 'HOLD', 'HOLD', 'HOLD', 'HOLD', 'HOLD', 'HOLD', 'HOLD', 'HOLD', 'HOLD', 'HOLD', 'HOLD', 'HOLD', 'HOLD', 'HOLD', 'HOLD', 'HOLD', 'HOLD', 'HOLD', 'HOLD', 'HOLD', 'HOLD', 'HOLD', 'HOLD', 'HOLD', 'HOLD', 'HOLD', 'HOLD', 'HOLD', 'HOLD', 'HOLD', 'HOLD', 'HOLD', 'HOLD', 'HOLD', 'HOLD', 'HOLD', 'HOLD', 'HOLD', 'HOLD', 'HOLD', 'HOLD', 'HOLD', 'HOLD', 'HOLD', 'HOLD', 'HOLD', 'HOLD', 'HOLD', 'HOLD', 'HOLD', 'HOLD', 'HOLD', 'HOLD', 'HOLD', 'PROBE', 'PROBE', 'PROBE', 'PROBE', 'PROBE', 'PROBE', 'PROBE', 'PROBE', 'PROBE', 'PROBE', 'PROBE', 'PROBE', 'PROBE']"
merge_hesitation,fog,6,0.6,0.0,0.0,0.0,0.0,0,0,"['CRUISE', 'CRUISE', 'CRUISE', 'CRUISE', 'CRUISE', 'CRUISE', 'CRUISE', 'CRUISE', 'CRUISE', 'PROBE', 'PROBE', 'PROBE', 'PROBE', 'PROBE', 'PROBE', 'PROBE', 'PROBE', 'PROBE', 'PROBE', 'PROBE', 'PROBE', 'PROBE', 'PROBE', 'PROBE', 'PROBE', 'PROBE', 'PROBE', 'PROBE', 'PROBE', 'PROBE', 'PROBE', 'PROBE', 'PROBE', 'PROBE', 'PROBE', 'PROBE', 'PROBE', 'PROBE', 'PROBE', 'PROBE', 'PROBE', 'PROBE', 'PROBE', 'PROBE', 'PROBE', 'PROBE', 'PROBE', 'PROBE', 'PROBE', 'PROBE', 'PROBE', 'PROBE', 'PROBE', 'PROBE', 'PROBE', 'PROBE', 'PROBE', 'PROBE', 'HOLD', 'HOLD', 'HOLD', 'HOLD', 'HOLD', 'HOLD', 'HOLD', 'HOLD', 'HOLD', 'HOLD', 'HOLD', 'HOLD', 'HOLD', 'PROBE', 'PROBE', 'PROBE', 'PROBE', 'PROBE', 'PROBE', 'PROBE', 'PROBE', 'PROBE', 'PROBE', 'PROBE', 'PROBE', 'PROBE', 'PROBE', 'PROBE', 'PROBE', 'PROBE', 'PROBE', 'PROBE', 'PROBE', 'PROBE', 'PROBE', 'PROBE', 'PROBE', 'PROBE', 'PROBE', 'PROBE', 'PROBE', 'PROBE', 'PROBE', 'PROBE', 'PROBE', 'PROBE', 'PROBE', 'PROBE', 'PROBE', 'PROBE', 'PROBE', 'PROBE', 'PROBE', 'PROBE', 'PROBE', 'PROBE', 'PROBE', 'PROBE', 'PROBE', 'PROBE', 'PROBE', 'HOLD', 'HOLD', 'HOLD', 'HOLD', 'HOLD', 'HOLD', 'HOLD', 'HOLD', 'HOLD', 'HOLD']"
merge_hesitation,fog,7,0.6,0.0,0.0,0.0,0.0,0,0,"['CRUISE', 'CRUISE', 'CRUISE', 'CRUISE', 'CRUISE', 'CRUISE', 'CRUISE', 'CRUISE', 'CRUISE', 'PROBE', 'PROBE', 'PROBE', 'PROBE', 'PROBE', 'PROBE', 'PROBE', 'PROBE', 'PROBE', 'PROBE', 'PROBE', 'PROBE', 'PROBE', 'PROBE', 'PROBE', 'PROBE', 'PROBE', 'PROBE', 'PROBE', 'PROBE', 'PROBE', 'PROBE', 'PROBE', 'PROBE', 'PROBE', 'PROBE', 'PROBE', 'PROBE', 'PROBE', 'PROBE', 'PROBE', 'PROBE', 'PROBE', 'PROBE', 'PROBE', 'PROBE', 'PROBE', 'PROBE', 'PROBE', 'PROBE', 'PROBE', 'PROBE', 'PROBE', 'PROBE', 'PROBE', 'PROBE', 'PROBE', 'PROBE', 'PROBE', 'HOLD', 'HOLD', 'HOLD', 'HOLD', 'HOLD', 'HOLD', 'HOLD', 'HOLD', 'HOLD', 'PROBE', 'PROBE', 'PROBE', 'PROBE', 'PROBE', 'PROBE', 'PROBE', 'PROBE', 'PROBE', 'PROBE', 'PROBE', 'PROBE', 'PROBE', 'PROBE', 'PROBE', 'PROBE', 'PROBE', 'PROBE', 'PROBE', 'PROBE', 'PROBE', 'PROBE', 'PROBE', 'PROBE', 'PROBE', 'PROBE', 'PROBE', 'PROBE', 'PROBE', 'PROBE', 'PROBE', 'PROBE', 'PROBE', 'PROBE', 'PROBE', 'PROBE', 'PROBE', 'PROBE', 'PROBE', 'PROBE', 'PROBE', 'PROBE', 'PROBE', 'PROBE', 'PROBE', 'PROBE', 'PROBE', 'PROBE', 'PROBE', 'HOLD', 'HOLD', 'HOLD', 'HOLD', 'HOLD', 'HOLD', 'HOLD', 'HOLD', 'HOLD', 'HOLD', 'HOLD', 'HOLD', 'HOLD']"
merge_hesitation,fog,8,0.2034,-0.0,0.0,0.6422,0.5,0,0,"['CRUISE', 'CRUISE', 'CRUISE', 'CRUISE', 'CRUISE', 'CRUISE', 'CRUISE', 'CRUISE', 'CRUISE', 'PROBE', 'PROBE', 'PROBE', 'PROBE', 'PROBE', 'PROBE', 'PROBE', 'HOLD', 'HOLD', 'HOLD', 'HOLD', 'HOLD', 'HOLD', 'HOLD', 'HOLD', 'HOLD', 'HOLD', 'HOLD', 'HOLD', 'HOLD', 'HOLD', 'HOLD', 'HOLD', 'HOLD', 'HOLD', 'HOLD', 'HOLD', 'HOLD', 'HOLD', 'HOLD', 'HOLD', 'HOLD', 'HOLD', 'HOLD', 'HOLD', 'HOLD', 'HOLD', 'HOLD', 'HOLD', 'HOLD', 'HOLD', 'HOLD', 'HOLD', 'HOLD', 'HOLD', 'HOLD', 'HOLD', 'HOLD', 'HOLD', 'HOLD', 'HOLD', 'HOLD', 'HOLD', 'HOLD', 'HOLD', 'HOLD', 'HOLD', 'HOLD', 'HOLD', 'HOLD', 'HOLD', 'HOLD', 'HOLD', 'HOLD', 'HOLD', 'HOLD', 'HOLD', 'HOLD', 'HOLD', 'HOLD', 'HOLD', 'HOLD', 'HOLD', 'HOLD', 'HOLD', 'HOLD', 'HOLD', 'HOLD', 'HOLD', 'HOLD', 'HOLD', 'HOLD', 'HOLD', 'HOLD', 'HOLD', 'HOLD', 'HOLD', 'HOLD', 'HOLD', 'HOLD', 'HOLD', 'HOLD', 'HOLD', 'HOLD', 'HOLD', 'HOLD', 'HOLD', 'HOLD', 'HOLD', 'HOLD', 'HOLD', 'HOLD', 'HOLD', 'ABORT', 'ABORT', 'ABORT', 'ABORT', 'ABORT', 'ABORT', 'ABORT', 'ABORT', 'ABORT', 'ABORT', 'ABORT', 'ABORT', 'ABORT', 'ABORT', 'ABORT', 'ABORT']"
merge_hesitation,fog,9,0.2034,-0.0,0.0,0.6419,0.5,0,0,"['CRUISE', 'CRUISE', 'CRUISE', 'CRUISE', 'CRUISE', 'CRUISE', 'CRUISE', 'CRUISE', 'PROBE', 'PROBE', 'PROBE', 'PROBE', 'PROBE', 'PROBE', 'PROBE', 'HOLD', 'HOLD', 'HOLD', 'HOLD', 'HOLD', 'HOLD', 'HOLD', 'HOLD', 'HOLD', 'HOLD', 'HOLD', 'HOLD', 'HOLD', 'HOLD', 'HOLD', 'HOLD', 'HOLD', 'HOLD', 'HOLD', 'HOLD', 'HOLD', 'HOLD', 'HOLD', 'HOLD', 'HOLD', 'HOLD', 'HOLD', 'HOLD', 'HOLD', 'HOLD', 'HOLD', 'HOLD', 'HOLD', 'HOLD', 'HOLD', 'HOLD', 'HOLD', 'HOLD', 'HOLD', 'HOLD', 'HOLD', 'HOLD', 'HOLD', 'HOLD', 'HOLD', 'HOLD', 'HOLD', 'HOLD', 'HOLD', 'HOLD', 'HOLD', 'HOLD', 'HOLD', 'HOLD', 'HOLD', 'HOLD', 'HOLD', 'HOLD', 'HOLD', 'HOLD', 'HOLD', 'HOLD', 'HOLD', 'HOLD', 'HOLD', 'HOLD', 'HOLD', 'HOLD', 'HOLD', 'HOLD', 'HOLD', 'HOLD', 'HOLD', 'HOLD', 'HOLD', 'HOLD', 'HOLD', 'HOLD', 'HOLD', 'HOLD', 'HOLD', 'HOLD', 'HOLD', 'HOLD', 'HOLD', 'HOLD', 'HOLD', 'HOLD', 'HOLD', 'HOLD', 'HOLD', 'HOLD', 'HOLD', 'HOLD', 'HOLD', 'HOLD', 'HOLD', 'ABORT', 'ABORT', 'ABORT', 'ABORT', 'ABORT', 'ABORT', 'ABORT', 'ABORT', 'ABORT', 'ABORT', 'ABORT', 'ABORT', 'ABORT', 'ABORT', 'ABORT', 'ABORT', 'ABORT']"
merge_hesitation,fog,10,0.6,0.0,0.0,0.0,0.0,0,0,"['CRUISE', 'CRUISE', 'CRUISE', 'CRUISE', 'CRUISE', 'CRUISE', 'CRUISE', 'CRUISE', 'CRUISE', 'PROBE', 'PROBE', 'PROBE', 'PROBE', 'PROBE', 'PROBE', 'PROBE', 'PROBE', 'PROBE', 'PROBE', 'PROBE', 'PROBE', 'PROBE', 'PROBE', 'PROBE', 'PROBE', 'PROBE', 'PROBE', 'PROBE', 'PROBE', 'PROBE', 'PROBE', 'PROBE', 'PROBE', 'PROBE', 'PROBE', 'PROBE', 'PROBE', 'PROBE', 'PROBE', 'PROBE', 'PROBE', 'PROBE', 'PROBE', 'PROBE', 'PROBE', 'PROBE', 'PROBE', 'PROBE', 'PROBE', 'PROBE', 'PROBE', 'HOLD', 'HOLD', 'HOLD', 'HOLD', 'HOLD', 'HOLD', 'HOLD', 'HOLD', 'HOLD', 'HOLD', 'HOLD', 'HOLD', 'HOLD', 'HOLD', 'HOLD', 'HOLD', 'HOLD', 'HOLD', 'HOLD', 'HOLD', 'HOLD', 'HOLD', 'HOLD', 'HOLD', 'HOLD', 'HOLD', 'HOLD', 'HOLD', 'HOLD', 'HOLD', 'HOLD', 'HOLD', 'HOLD', 'HOLD', 'HOLD', 'PROBE', 'PROBE', 'PROBE', 'PROBE', 'PROBE', 'PROBE', 'PROBE', 'PROBE', 'PROBE', 'PROBE', 'PROBE', 'PROBE', 'PROBE', 'PROBE', 'PROBE', 'PROBE', 'PROBE', 'PROBE', 'PROBE', 'PROBE', 'PROBE', 'PROBE', 'PROBE', 'PROBE', 'PROBE', 'PROBE', 'PROBE', 'PROBE', 'PROBE', 'PROBE', 'PROBE', 'PROBE', 'PROBE', 'PROBE', 'PROBE', 'PROBE', 'PROBE', 'PROBE', 'PROBE', 'PROBE', 'PROBE', 'PROBE', 'PROBE']"
merge_hesitation,fog,11,0.2034,-0.0,0.0,0.6421,0.5,0,0,"['CRUISE', 'CRUISE', 'CRUISE', 'CRUISE', 'CRUISE', 'CRUISE', 'CRUISE', 'CRUISE', 'CRUISE', 'PROBE', 'PROBE', 'PROBE', 'PROBE', 'PROBE', 'PROBE', 'PROBE', 'HOLD', 'HOLD', 'HOLD', 'HOLD', 'HOLD', 'HOLD', 'HOLD', 'HOLD', 'HOLD', 'HOLD', 'HOLD', 'HOLD', 'HOLD', 'HOLD', 'HOLD', 'HOLD', 'HOLD', 'HOLD', 'HOLD', 'HOLD', 'HOLD', 'HOLD', 'HOLD', 'HOLD', 'HOLD', 'HOLD', 'HOLD', 'HOLD', 'HOLD', 'HOLD', 'HOLD', 'HOLD', 'HOLD', 'HOLD', 'HOLD', 'HOLD', 'HOLD', 'HOLD', 'HOLD', 'HOLD', 'HOLD', 'HOLD', 'HOLD', 'HOLD', 'HOLD', 'HOLD', 'HOLD', 'HOLD', 'HOLD', 'HOLD', 'HOLD', 'HOLD', 'HOLD', 'HOLD', 'HOLD', 'HOLD', 'HOLD', 'HOLD', 'HOLD', 'HOLD', 'HOLD', 'HOLD', 'HOLD', 'HOLD', 'HOLD', 'HOLD', 'HOLD', 'HOLD', 'HOLD', 'HOLD', 'HOLD', 'HOLD', 'HOLD', 'HOLD', 'HOLD', 'HOLD', 'HOLD', 'HOLD', 'HOLD', 'HOLD', 'HOLD', 'HOLD', 'HOLD', 'HOLD', 'HOLD', 'HOLD', 'HOLD', 'HOLD', 'HOLD', 'HOLD', 'HOLD', 'HOLD', 'HOLD', 'HOLD', 'HOLD', 'HOLD', 'HOLD', 'ABORT', 'ABORT', 'ABORT', 'ABORT', 'ABORT', 'ABORT', 'ABORT', 'ABORT', 'ABORT', 'ABORT', 'ABORT', 'ABORT', 'ABORT', 'ABORT', 'ABORT', 'ABORT']"
merge_hesitation,fog,12,0.2034,-0.0,0.0,0.6419,0.5,0,0,"['CRUISE', 'CRUISE', 'CRUISE', 'CRUISE', 'CRUISE', 'CRUISE', 'CRUISE', 'CRUISE', 'CRUISE', 'PROBE', 'PROBE', 'PROBE', 'PROBE', 'PROBE', 'PROBE', 'PROBE', 'HOLD', 'HOLD', 'HOLD', 'HOLD', 'HOLD', 'HOLD', 'HOLD', 'HOLD', 'HOLD', 'HOLD', 'HOLD', 'HOLD', 'HOLD', 'HOLD', 'HOLD', 'HOLD', 'HOLD', 'HOLD', 'HOLD', 'HOLD', 'HOLD', 'HOLD', 'HOLD', 'HOLD', 'HOLD', 'HOLD', 'HOLD', 'HOLD', 'HOLD', 'HOLD', 'HOLD', 'HOLD', 'HOLD', 'HOLD', 'HOLD', 'HOLD', 'HOLD', 'HOLD', 'HOLD', 'HOLD', 'HOLD', 'HOLD', 'HOLD', 'HOLD', 'HOLD', 'HOLD', 'HOLD', 'HOLD', 'HOLD', 'HOLD', 'HOLD', 'HOLD', 'HOLD', 'HOLD', 'HOLD', 'HOLD', 'HOLD', 'HOLD', 'HOLD', 'HOLD', 'HOLD', 'HOLD', 'HOLD', 'HOLD', 'HOLD', 'HOLD', 'HOLD', 'HOLD', 'HOLD', 'HOLD', 'HOLD', 'HOLD', 'HOLD', 'HOLD', 'HOLD', 'HOLD', 'HOLD', 'HOLD', 'HOLD', 'HOLD', 'HOLD', 'HOLD', 'HOLD', 'HOLD', 'HOLD', 'HOLD', 'HOLD', 'HOLD', 'HOLD', 'HOLD', 'HOLD', 'HOLD', 'HOLD', 'HOLD', 'HOLD', 'HOLD', 'HOLD', 'ABORT', 'ABORT', 'ABORT', 'ABORT', 'ABORT', 'ABORT', 'ABORT', 'ABORT', 'ABORT', 'ABORT', 'ABORT', 'ABORT', 'ABORT', 'ABORT', 'ABORT', 'ABORT']"
merge_hesitation,fog,13,0.6,0.0,0.0,0.0,0.0,0,0,"['CRUISE', 'CRUISE', 'CRUISE', 'CRUISE', 'CRUISE', 'CRUISE', 'CRUISE', 'CRUISE', 'PROBE', 'PROBE', 'PROBE', 'PROBE', 'PROBE', 'PROBE', 'PROBE', 'PROBE', 'PROBE', 'PROBE', 'PROBE', 'PROBE', 'PROBE', 'PROBE', 'PROBE', 'PROBE', 'PROBE', 'PROBE', 'PROBE', 'PROBE', 'PROBE', 'PROBE', 'PROBE', 'PROBE', 'PROBE', 'PROBE', 'PROBE', 'PROBE', 'PROBE', 'PROBE', 'HOLD', 'HOLD', 'HOLD', 'HOLD', 'HOLD', 'HOLD', 'HOLD', 'HOLD', 'HOLD', 'HOLD', 'HOLD', 'HOLD', 'HOLD', 'PROBE', 'PROBE', 'PROBE', 'PROBE', 'PROBE', 'PROBE', 'PROBE', 'PROBE', 'PROBE', 'PROBE', 'PROBE', 'PROBE', 'PROBE', 'PROBE', 'PROBE', 'PROBE', 'PROBE', 'PROBE', 'PROBE', 'PROBE', 'PROBE', 'PROBE', 'PROBE', 'PROBE', 'PROBE', 'PROBE', 'PROBE', 'PROBE', 'PROBE', 'PROBE', 'PROBE', 'PROBE', 'PROBE', 'PROBE', 'PROBE', 'PROBE', 'PROBE', 'PROBE', 'PROBE', 'PROBE', 'PROBE', 'PROBE', 'PROBE', 'PROBE', 'PROBE', 'PROBE', 'PROBE', 'PROBE', 'HOLD', 'HOLD', 'HOLD', 'HOLD', 'HOLD', 'HOLD', 'HOLD', 'HOLD', 'HOLD', 'HOLD', 'HOLD', 'HOLD', 'HOLD', 'HOLD', 'HOLD', 'HOLD', 'HOLD', 'HOLD', 'HOLD', 'HOLD', 'HOLD', 'HOLD', 'HOLD', 'HOLD', 'HOLD', 'HOLD', 'HOLD', 'HOLD', 'HOLD', 'HOLD']"
merge_hesitation,fog,14,0.2033,-0.0,0.0,0.6417,0.5,0,0,"['CRUISE', 'CRUISE', 'CRUISE', 'CRUISE', 'CRUISE', 'CRUISE', 'CRUISE', 'CRUISE', 'CRUISE', 'PROBE', 'PROBE', 'PROBE', 'PROBE', 'PROBE', 'PROBE', 'PROBE', 'HOLD', 'HOLD', 'HOLD', 'HOLD', 'HOLD', 'HOLD', 'HOLD', 'HOLD', 'HOLD', 'HOLD', 'HOLD', 'HOLD', 'HOLD', 'HOLD', 'HOLD', 'HOLD', 'HOLD', 'HOLD', 'HOLD', 'HOLD', 'HOLD', 'HOLD', 'HOLD', 'HOLD', 'HOLD', 'HOLD', 'HOLD', 'HOLD', 'HOLD', 'HOLD', 'HOLD', 'HOLD', 'HOLD', 'HOLD', 'HOLD', 'HOLD', 'HOLD', 'HOLD', 'HOLD', 'HOLD', 'HOLD', 'HOLD', 'HOLD', 'HOLD', 'HOLD', 'HOLD', 'HOLD', 'HOLD', 'HOLD', 'HOLD', 'HOLD', 'HOLD', 'HOLD', 'HOLD', 'HOLD', 'HOLD', 'HOLD', 'HOLD', 'HOLD', 'HOLD', 'HOLD', 'HOLD', 'HOLD', 'HOLD', 'HOLD', 'HOLD', 'HOLD', 'HOLD', 'HOLD', 'HOLD', 'HOLD', 'HOLD', 'HOLD', 'HOLD', 'HOLD', 'HOLD', 'HOLD', 'HOLD', 'HOLD', 'HOLD', 'HOLD', 'HOLD', 'HOLD', 'HOLD', 'HOLD', 'HOLD', 'HOLD', 'HOLD', 'HOLD', 'HOLD', 'HOLD', 'HOLD', 'HOLD', 'HOLD', 'HOLD', 'HOLD', 'HOLD', 'ABORT', 'ABORT', 'ABORT', 'ABORT', 'ABORT', 'ABORT', 'ABORT', 'ABORT', 'ABORT', 'ABORT', 'ABORT', 'ABORT', 'ABORT', 'ABORT', 'ABORT', 'ABORT']"
merge_hesitation,fog,15,0.6,0.0,0.0,0.0,0.0,0,0,"['CRUISE', 'CRUISE', 'CRUISE', 'CRUISE', 'CRUISE', 'CRUISE', 'CRUISE', 'CRUISE', 'CRUISE', 'PROBE', 'PROBE', 'PROBE', 'PROBE', 'PROBE', 'PROBE', 'PROBE', 'PROBE', 'PROBE', 'PROBE', 'PROBE', 'PROBE', 'PROBE', 'PROBE', 'PROBE', 'PROBE', 'PROBE', 'PROBE', 'PROBE', 'PROBE', 'PROBE', 'PROBE', 'PROBE', 'PROBE', 'PROBE', 'PROBE', 'PROBE', 'PROBE', 'PROBE', 'PROBE', 'PROBE', 'PROBE', 'PROBE', 'PROBE', 'PROBE', 'PROBE', 'PROBE', 'PROBE', 'PROBE', 'PROBE', 'PROBE', 'PROBE', 'PROBE', 'PROBE', 'PROBE', 'PROBE', 'PROBE', 'PROBE', 'PROBE', 'HOLD', 'HOLD', 'HOLD', 'HOLD', 'HOLD', 'HOLD', 'HOLD', 'HOLD', 'HOLD', 'PROBE', 'PROBE', 'PROBE', 'PROBE', 'PROBE', 'PROBE', 'PROBE', 'PROBE', 'PROBE', 'PROBE', 'PROBE', 'PROBE', 'PROBE', 'PROBE', 'PROBE', 'PROBE', 'PROBE', 'PROBE', 'PROBE', 'PROBE', 'PROBE', 'PROBE', 'PROBE', 'PROBE', 'PROBE', 'PROBE', 'PROBE', 'PROBE', 'PROBE', 'PROBE', 'PROBE', 'PROBE', 'PROBE', 'PROBE', 'PROBE', 'PROBE', 'PROBE', 'PROBE', 'PROBE', 'PROBE', 'PROBE', 'PROBE', 'PROBE', 'PROBE', 'PROBE', 'PROBE', 'PROBE', 'PROBE', 'PROBE', 'HOLD', 'HOLD', 'HOLD', 'HOLD', 'HOLD', 'HOLD', 'HOLD', 'HOLD', 'HOLD', 'HOLD', 'HOLD', 'HOLD', 'HOLD']"
merge_hesitation,fog,16,0.6,0.0,0.0,0.0,0.0,0,0,"['CRUISE', 'CRUISE', 'CRUISE', 'CRUISE', 'CRUISE', 'CRUISE', 'CRUISE', 'CRUISE', 'CRUISE', 'PROBE', 'PROBE', 'PROBE', 'PROBE', 'PROBE', 'PROBE', 'PROBE', 'PROBE', 'PROBE', 'PROBE', 'PROBE', 'PROBE', 'PROBE', 'PROBE', 'PROBE', 'PROBE', 'PROBE', 'PROBE', 'PROBE', 'PROBE', 'PROBE', 'PROBE', 'PROBE', 'PROBE', 'PROBE', 'PROBE', 'PROBE', 'PROBE', 'PROBE', 'PROBE', 'PROBE', 'PROBE', 'PROBE', 'PROBE', 'PROBE', 'PROBE', 'PROBE', 'PROBE', 'PROBE', 'PROBE', 'PROBE', 'PROBE', 'PROBE', 'PROBE', 'PROBE', 'PROBE', 'PROBE', 'PROBE', 'PROBE', 'HOLD', 'HOLD', 'HOLD', 'HOLD', 'HOLD', 'HOLD', 'HOLD', 'HOLD', 'HOLD', 'HOLD', 'HOLD', 'HOLD', 'HOLD', 'HOLD', 'HOLD', 'HOLD', 'HOLD', 'HOLD', 'HOLD', 'HOLD', 'HOLD', 'HOLD', 'HOLD', 'HOLD', 'HOLD', 'HOLD', 'HOLD', 'HOLD', 'HOLD', 'PROBE', 'PROBE', 'PROBE', 'PROBE', 'PROBE', 'PROBE', 'PROBE', 'PROBE', 'PROBE', 'PROBE', 'PROBE', 'PROBE', 'PROBE', 'PROBE', 'PROBE', 'PROBE', 'PROBE', 'PROBE', 'PROBE', 'PROBE', 'PROBE', 'PROBE', 'PROBE', 'PROBE', 'PROBE', 'PROBE', 'PROBE', 'PROBE', 'PROBE', 'PROBE', 'PROBE', 'PROBE', 'PROBE', 'PROBE', 'PROBE', 'PROBE', 'PROBE', 'PROBE', 'PROBE', 'PROBE', 'PROBE', 'PROBE']"
merge_hesitation,fog,17,0.2034,-0.0,0.0,0.642,0.5,0,0,"['CRUISE', 'CRUISE', 'CRUISE', 'CRUISE', 'CRUISE', 'CRUISE', 'CRUISE', 'CRUISE', 'PROBE', 'PROBE', 'PROBE', 'PROBE', 'PROBE', 'PROBE', 'PROBE', 'HOLD', 'HOLD', 'HOLD', 'HOLD', 'HOLD', 'HOLD', 'HOLD', 'HOLD', 'HOLD', 'HOLD', 'HOLD', 'HOLD', 'HOLD', 'HOLD', 'HOLD', 'HOLD', 'HOLD', 'HOLD', 'HOLD', 'HOLD', 'HOLD', 'HOLD', 'HOLD', 'HOLD', 'HOLD', 'HOLD', 'HOLD', 'HOLD', 'HOLD', 'HOLD', 'HOLD', 'HOLD', 'HOLD', 'HOLD', 'HOLD', 'HOLD', 'HOLD', 'HOLD', 'HOLD', 'HOLD', 'HOLD', 'HOLD', 'HOLD', 'HOLD', 'HOLD', 'HOLD', 'HOLD', 'HOLD', 'HOLD', 'HOLD', 'HOLD', 'HOLD', 'HOLD', 'HOLD', 'HOLD', 'HOLD', 'HOLD', 'HOLD', 'HOLD', 'HOLD', 'HOLD', 'HOLD', 'HOLD', 'HOLD', 'HOLD', 'HOLD', 'HOLD', 'HOLD', 'HOLD', 'HOLD', 'HOLD', 'HOLD', 'HOLD', 'HOLD', 'HOLD', 'HOLD', 'HOLD', 'HOLD', 'HOLD', 'HOLD', 'HOLD', 'HOLD', 'HOLD', 'HOLD', 'HOLD', 'HOLD', 'HOLD', 'HOLD', 'HOLD', 'HOLD', 'HOLD', 'HOLD', 'HOLD', 'HOLD', 'HOLD', 'HOLD', 'HOLD', 'ABORT', 'ABORT', 'ABORT', 'ABORT', 'ABORT', 'ABORT', 'ABORT', 'ABORT', 'ABORT', 'ABORT', 'ABORT', 'ABORT', 'ABORT', 'ABORT', 'ABORT', 'ABORT', 'ABORT']"
merge_hesitation,fog,18,0.2034,-0.0,0.0,0.6421,0.5,0,0,"['CRUISE', 'CRUISE', 'CRUISE', 'CRUISE', 'CRUISE', 'CRUISE', 'CRUISE', 'CRUISE', 'CRUISE', 'PROBE', 'PROBE', 'PROBE', 'PROBE', 'PROBE', 'PROBE', 'PROBE', 'PROBE', 'PROBE', 'HOLD', 'HOLD', 'HOLD', 'HOLD', 'HOLD', 'HOLD', 'HOLD', 'HOLD', 'HOLD', 'HOLD', 'HOLD', 'HOLD', 'HOLD', 'HOLD', 'HOLD', 'HOLD', 'HOLD', 'HOLD', 'HOLD', 'HOLD', 'HOLD', 'HOLD', 'HOLD', 'HOLD', 'HOLD', 'HOLD', 'HOLD', 'HOLD', 'HOLD', 'HOLD', 'HOLD', 'HOLD', 'HOLD', 'HOLD', 'HOLD', 'HOLD', 'HOLD', 'HOLD', 'HOLD', 'HOLD', 'HOLD', 'HOLD', 'HOLD', 'HOLD', 'HOLD', 'HOLD', 'HOLD', 'HOLD', 'HOLD', 'HOLD', 'HOLD', 'HOLD', 'HOLD', 'HOLD', 'HOLD', 'HOLD', 'HOLD', 'HOLD', 'HOLD', 'HOLD', 'HOLD', 'HOLD', 'HOLD', 'HOLD', 'HOLD', 'HOLD', 'HOLD', 'HOLD', 'HOLD', 'HOLD', 'HOLD', 'HOLD', 'HOLD', 'HOLD', 'HOLD', 'HOLD', 'HOLD', 'HOLD', 'HOLD', 'HOLD', 'HOLD', 'HOLD', 'HOLD', 'HOLD', 'HOLD', 'HOLD', 'HOLD', 'HOLD', 'HOLD', 'HOLD', 'HOLD', 'HOLD', 'HOLD', 'HOLD', 'HOLD', 'HOLD', 'HOLD', 'ABORT', 'ABORT', 'ABORT', 'ABORT', 'ABORT', 'ABORT', 'ABORT', 'ABORT', 'ABORT', 'ABORT', 'ABORT', 'ABORT', 'ABORT', 'ABORT']"
merge_hesitation,fog,19,0.2034,-0.0,0.0,0.6418,0.5,0,0,"['CRUISE', 'CRUISE', 'CRUISE', 'CRUISE', 'CRUISE', 'CRUISE', 'CRUISE', 'CRUISE', 'CRUISE', 'PROBE', 'PROBE', 'PROBE', 'PROBE', 'PROBE', 'PROBE', 'PROBE', 'HOLD', 'HOLD', 'HOLD', 'HOLD', 'HOLD', 'HOLD', 'HOLD', 'HOLD', 'HOLD', 'HOLD', 'HOLD', 'HOLD', 'HOLD', 'HOLD', 'HOLD', 'HOLD', 'HOLD', 'HOLD', 'HOLD', 'HOLD', 'HOLD', 'HOLD', 'HOLD', 'HOLD', 'HOLD', 'HOLD', 'HOLD', 'HOLD', 'HOLD', 'HOLD', 'HOLD', 'HOLD', 'HOLD', 'HOLD', 'HOLD', 'HOLD', 'HOLD', 'HOLD', 'HOLD', 'HOLD', 'HOLD', 'HOLD', 'HOLD', 'HOLD', 'HOLD', 'HOLD', 'HOLD', 'HOLD', 'HOLD', 'HOLD', 'HOLD', 'HOLD', 'HOLD', 'HOLD', 'HOLD', 'HOLD', 'HOLD', 'HOLD', 'HOLD', 'HOLD', 'HOLD', 'HOLD', 'HOLD', 'HOLD', 'HOLD', 'HOLD', 'HOLD', 'HOLD', 'HOLD', 'HOLD', 'HOLD', 'HOLD', 'HOLD', 'HOLD', 'HOLD', 'HOLD', 'HOLD', 'HOLD', 'HOLD', 'HOLD', 'HOLD', 'HOLD', 'HOLD', 'HOLD', 'HOLD', 'HOLD', 'HOLD', 'HOLD', 'HOLD', 'HOLD', 'HOLD', 'HOLD', 'HOLD', 'HOLD', 'HOLD', 'HOLD', 'HOLD', 'ABORT', 'ABORT', 'ABORT', 'ABORT', 'ABORT', 'ABORT', 'ABORT', 'ABORT', 'ABORT', 'ABORT', 'ABORT', 'ABORT', 'ABORT', 'ABORT', 'ABORT', 'ABORT']"
merge_hesitation,night,0,0.6,0.0,0.0,0.0,0.0,0,0,"['CRUISE', 'CRUISE', 'CRUISE', 'CRUISE', 'CRUISE', 'CRUISE', 'CRUISE', 'CRUISE', 'PROBE', 'PROBE', 'PROBE', 'PROBE', 'PROBE', 'PROBE', 'PROBE', 'HOLD', 'HOLD', 'HOLD', 'HOLD', 'HOLD', 'HOLD', 'HOLD', 'HOLD', 'HOLD', 'HOLD', 'HOLD', 'HOLD', 'HOLD', 'PROBE', 'PROBE', 'PROBE', 'PROBE', 'PROBE', 'PROBE', 'PROBE', 'PROBE', 'HOLD', 'HOLD', 'HOLD', 'HOLD', 'HOLD', 'HOLD', 'HOLD', 'HOLD', 'HOLD', 'HOLD', 'HOLD', 'HOLD', 'HOLD', 'HOLD', 'HOLD', 'HOLD', 'HOLD', 'HOLD', 'HOLD', 'HOLD', 'HOLD', 'HOLD', 'PROBE', 'PROBE', 'PROBE', 'PROBE', 'PROBE', 'PROBE', 'PROBE', 'HOLD', 'HOLD', 'HOLD', 'HOLD', 'HOLD', 'HOLD', 'HOLD', 'HOLD', 'PROBE', 'PROBE', 'PROBE', 'PROBE', 'PROBE', 'PROBE', 'PROBE', 'PROBE', 'PROBE', 'PROBE', 'PROBE', 'PROBE', 'PROBE', 'HOLD', 'HOLD', 'HOLD', 'HOLD', 'HOLD', 'HOLD', 'HOLD', 'HOLD', 'HOLD', 'HOLD', 'HOLD', 'PROBE', 'PROBE', 'PROBE', 'PROBE', 'PROBE', 'PROBE', 'PROBE', 'PROBE', 'PROBE', 'HOLD', 'HOLD', 'HOLD', 'HOLD', 'HOLD', 'HOLD', 'HOLD', 'HOLD', 'HOLD', 'HOLD', 'HOLD', 'HOLD', 'HOLD', 'HOLD', 'HOLD', 'HOLD', 'HOLD', 'HOLD', 'PROBE', 'PROBE', 'PROBE', 'PROBE', 'PROBE']"
merge_hesitation,night,1,0.6,0.0,0.0,0.0,0.0,0,0,"['CRUISE', 'CRUISE', 'CRUISE', 'CRUISE', 'CRUISE', 'CRUISE', 'CRUISE', 'CRUISE', 'CRUISE', 'PROBE', 'PROBE', 'PROBE', 'PROBE', 'PROBE', 'PROBE', 'PROBE', 'PROBE', 'PROBE', 'PROBE', 'PROBE', 'PROBE', 'PROBE', 'PROBE', 'PROBE', 'PROBE', 'PROBE', 'PROBE', 'PROBE', 'PROBE', 'PROBE', 'PROBE', 'PROBE', 'PROBE', 'PROBE', 'PROBE', 'PROBE', 'PROBE', 'PROBE', 'PROBE', 'PROBE', 'PROBE', 'PROBE', 'PROBE', 'PROBE', 'PROBE', 'PROBE', 'PROBE', 'PROBE', 'PROBE', 'PROBE', 'PROBE', 'PROBE', 'PROBE', 'PROBE', 'PROBE', 'PROBE', 'PROBE', 'PROBE', 'HOLD', 'HOLD', 'HOLD', 'HOLD', 'HOLD', 'HOLD', 'HOLD', 'HOLD', 'HOLD', 'PROBE', 'PROBE', 'PROBE', 'PROBE', 'PROBE', 'PROBE', 'PROBE', 'PROBE', 'PROBE', 'PROBE', 'PROBE', 'PROBE', 'PROBE', 'PROBE', 'PROBE', 'PROBE', 'PROBE', 'PROBE', 'PROBE', 'PROBE', 'PROBE', 'PROBE', 'PROBE', 'PROBE', 'PROBE', 'PROBE', 'PROBE', 'PROBE', 'PROBE', 'PROBE', 'PROBE', 'PROBE', 'PROBE', 'PROBE', 'PROBE', 'PROBE', 'PROBE', 'PROBE', 'PROBE', 'PROBE', 'PROBE', 'PROBE', 'PROBE', 'PROBE', 'PROBE', 'PROBE', 'PROBE', 'PROBE', 'PROBE', 'HOLD', 'HOLD', 'HOLD', 'HOLD', 'HOLD', 'HOLD', 'HOLD', 'HOLD', 'HOLD', 'HOLD', 'HOLD', 'HOLD', 'HOLD']"
merge_hesitation,night,2,0.6,0.0,0.0,0.0,0.0,0,0,"['CRUISE', 'CRUISE', 'CRUISE', 'CRUISE', 'CRUISE', 'CRUISE', 'CRUISE', 'CRUISE', 'CRUISE', 'PROBE', 'PROBE', 'PROBE', 'PROBE', 'PROBE', 'PROBE', 'PROBE', 'PROBE', 'PROBE', 'PROBE', 'PROBE', 'PROBE', 'PROBE', 'PROBE', 'PROBE', 'PROBE', 'PROBE', 'PROBE', 'PROBE', 'PROBE', 'PROBE', 'PROBE', 'PROBE', 'PROBE', 'PROBE', 'PROBE', 'PROBE', 'PROBE', 'PROBE', 'PROBE', 'PROBE', 'PROBE', 'PROBE', 'PROBE', 'PROBE', 'PROBE', 'PROBE', 'PROBE', 'PROBE', 'PROBE', 'PROBE', 'PROBE', 'PROBE', 'PROBE', 'PROBE', 'PROBE', 'PROBE', 'PROBE', 'PROBE', 'HOLD', 'HOLD', 'HOLD', 'HOLD', 'HOLD', 'HOLD', 'HOLD', 'HOLD', 'HOLD', 'PROBE', 'PROBE', 'PROBE', 'PROBE', 'PROBE', 'PROBE', 'PROBE', 'PROBE', 'PROBE', 'PROBE', 'PROBE', 'PROBE', 'PROBE', 'PROBE', 'PROBE', 'PROBE', 'PROBE', 'PROBE', 'PROBE', 'PROBE', 'PROBE', 'PROBE', 'PROBE', 'PROBE', 'PROBE', 'PROBE', 'PROBE', 'PROBE', 'PROBE', 'PROBE', 'PROBE', 'PROBE', 'PROBE', 'PROBE', 'PROBE', 'PROBE', 'PROBE', 'PROBE', 'PROBE', 'PROBE', 'PROBE', 'PROBE', 'PROBE', 'PROBE', 'PROBE', 'PROBE', 'PROBE', 'PROBE', 'PROBE', 'HOLD', 'HOLD', 'HOLD', 'HOLD', 'HOLD', 'HOLD', 'HOLD', 'HOLD', 'HOLD', 'HOLD', 'HOLD', 'HOLD', 'HOLD']"
merge_hesitation,night,3,0.2035,-0.0,0.0,0.6423,0.5,0,0,"['CRUISE', 'CRUISE', 'CRUISE', 'CRUISE', 'CRUISE', 'CRUISE', 'CRUISE', 'CRUISE', 'CRUISE', 'PROBE', 'PROBE', 'PROBE', 'PROBE', 'PROBE', 'PROBE', 'PROBE', 'HOLD', 'HOLD', 'HOLD', 'HOLD', 'HOLD', 'HOLD', 'HOLD', 'HOLD', 'HOLD', 'HOLD', 'HOLD', 'HOLD', 'HOLD', 'HOLD', 'HOLD', 'HOLD', 'HOLD', 'HOLD', 'HOLD', 'HOLD', 'HOLD', 'HOLD', 'HOLD', 'HOLD', 'HOLD', 'HOLD', 'HOLD', 'HOLD', 'HOLD', 'HOLD', 'HOLD', 'HOLD', 'HOLD', 'HOLD', 'HOLD', 'HOLD', 'HOLD', 'HOLD', 'HOLD', 'HOLD', 'HOLD', 'HOLD', 'HOLD', 'HOLD', 'HOLD', 'HOLD', 'HOLD', 'HOLD', 'HOLD', 'HOLD', 'HOLD', 'HOLD', 'HOLD', 'HOLD', 'HOLD', 'HOLD', 'HOLD', 'HOLD', 'HOLD', 'HOLD', 'HOLD', 'HOLD', 'HOLD', 'HOLD', 'HOLD', 'HOLD', 'HOLD', 'HOLD', 'HOLD', 'HOLD', 'HOLD', 'HOLD', 'HOLD', 'HOLD', 'HOLD', 'HOLD', 'HOLD', 'HOLD', 'HOLD', 'HOLD', 'HOLD', 'HOLD', 'HOLD', 'HOLD', 'HOLD', 'HOLD', 'HOLD', 'HOLD', 'HOLD', 'HOLD', 'HOLD', 'HOLD', 'HOLD', 'HOLD', 'HOLD', 'HOLD', 'HOLD', 'ABORT', 'ABORT', 'ABORT', 'ABORT', 'ABORT', 'ABORT', 'ABORT', 'ABORT', 'ABORT', 'ABORT', 'ABORT', 'ABORT', 'ABORT', 'ABORT', 'ABORT', 'ABORT']"
merge_hesitation,night,4,0.6,0.0,0.0,0.0,0.0,0,0,"['CRUISE', 'CRUISE', 'CRUISE', 'CRUISE', 'CRUISE', 'CRUISE', 'CRUISE', 'CRUISE', 'CRUISE', 'PROBE', 'PROBE', 'PROBE', 'PROBE', 'PROBE', 'PROBE', 'PROBE', 'PROBE', 'PROBE', 'PROBE', 'PROBE', 'PROBE', 'PROBE', 'PROBE', 'PROBE', 'PROBE', 'PROBE', 'PROBE', 'PROBE', 'PROBE', 'PROBE', 'PROBE', 'PROBE', 'PROBE', 'PROBE', 'PROBE', 'PROBE', 'PROBE', 'PROBE', 'PROBE', 'PROBE', 'PROBE', 'PROBE', 'PROBE', 'PROBE', 'PROBE', 'PROBE', 'PROBE', 'PROBE', 'PROBE', 'PROBE', 'PROBE', 'PROBE', 'PROBE', 'PROBE', 'PROBE', 'PROBE', 'PROBE', 'PROBE', 'HOLD', 'HOLD', 'HOLD', 'HOLD', 'HOLD', 'HOLD', 'HOLD', 'HOLD', 'HOLD', 'HOLD', 'HOLD', 'HOLD', 'HOLD', 'HOLD', 'HOLD', 'HOLD', 'HOLD', 'HOLD', 'HOLD', 'HOLD', 'HOLD', 'HOLD', 'HOLD', 'HOLD', 'HOLD', 'HOLD', 'HOLD', 'HOLD', 'HOLD', 'HOLD', 'PROBE', 'PROBE', 'PROBE', 'PROBE', 'PROBE', 'PROBE', 'PROBE', 'PROBE', 'PROBE', 'PROBE', 'PROBE', 'PROBE', 'PROBE', 'PROBE', 'PROBE', 'PROBE', 'PROBE', 'PROBE', 'PROBE', 'PROBE', 'PROBE', 'PROBE', 'PROBE', 'PROBE', 'PROBE', 'PROBE', 'PROBE', 'PROBE', 'PROBE', 'PROBE', 'PROBE', 'PROBE', 'PROBE', 'PROBE', 'PROBE', 'PROBE', 'PROBE', 'PROBE', 'PROBE', 'PROBE', 'PROBE']"
merge_hesitation,night,5,0.2034,-0.0,0.0,0.6421,0.5,0,0,"['CRUISE', 'CRUISE', 'CRUISE', 'CRUISE', 'CRUISE', 'CRUISE', 'CRUISE', 'CRUISE', 'CRUISE', 'PROBE', 'PROBE', 'PROBE', 'PROBE', 'PROBE', 'PROBE', 'PROBE', 'HOLD', 'HOLD', 'HOLD', 'HOLD', 'HOLD', 'HOLD', 'HOLD', 'HOLD', 'HOLD', 'HOLD', 'HOLD', 'HOLD', 'HOLD', 'HOLD', 'HOLD', 'HOLD', 'HOLD', 'HOLD', 'HOLD', 'HOLD', 'HOLD', 'HOLD', 'HOLD', 'HOLD', 'HOLD', 'HOLD', 'HOLD', 'HOLD', 'HOLD', 'HOLD', 'HOLD', 'HOLD', 'HOLD', 'HOLD', 'HOLD', 'HOLD', 'HOLD', 'HOLD', 'HOLD', 'HOLD', 'HOLD', 'HOLD', 'HOLD', 'HOLD', 'HOLD', 'HOLD', 'HOLD', 'HOLD', 'HOLD', 'HOLD', 'HOLD', 'HOLD', 'HOLD', 'HOLD', 'HOLD', 'HOLD', 'HOLD', 'HOLD', 'HOLD', 'HOLD', 'HOLD', 'HOLD', 'HOLD', 'HOLD', 'HOLD', 'HOLD', 'HOLD', 'HOLD', 'HOLD', 'HOLD', 'HOLD', 'HOLD', 'HOLD', 'HOLD', 'HOLD', 'HOLD', 'HOLD', 'HOLD', 'HOLD', 'HOLD', 'HOLD', 'HOLD', 'HOLD', 'HOLD', 'HOLD', 'HOLD', 'HOLD', 'HOLD', 'HOLD', 'HOLD', 'HOLD', 'HOLD', 'HOLD', 'HOLD', 'HOLD', 'HOLD', 'HOLD', 'ABORT', 'ABORT', 'ABORT', 'ABORT', 'ABORT', 'ABORT', 'ABORT', 'ABORT', 'ABORT', 'ABORT', 'ABORT', 'ABORT', 'ABORT', 'ABORT', 'ABORT', 'ABORT']"
merge_hesitation,night,6,0.2034,0.0,0.0,0.6422,0.5,0,0,"['CRUISE', 'CRUISE', 'CRUISE', 'CRUISE', 'CRUISE', 'CRUISE', 'CRUISE', 'CRUISE', 'CRUISE', 'PROBE', 'PROBE', 'PROBE', 'PROBE', 'PROBE', 'PROBE', 'PROBE', 'HOLD', 'HOLD', 'HOLD', 'HOLD', 'HOLD', 'HOLD', 'HOLD', 'HOLD', 'HOLD', 'HOLD', 'HOLD', 'HOLD', 'HOLD', 'HOLD', 'HOLD', 'HOLD', 'HOLD', 'HOLD', 'HOLD', 'HOLD', 'HOLD', 'HOLD', 'HOLD', 'HOLD', 'HOLD', 'HOLD', 'HOLD', 'HOLD', 'HOLD', 'HOLD', 'HOLD', 'HOLD', 'HOLD', 'HOLD', 'HOLD', 'HOLD', 'HOLD', 'HOLD', 'HOLD', 'HOLD', 'HOLD', 'HOLD', 'HOLD', 'HOLD', 'HOLD', 'HOLD', 'HOLD', 'HOLD', 'HOLD', 'HOLD', 'HOLD', 'HOLD', 'HOLD', 'HOLD', 'HOLD', 'HOLD', 'HOLD', 'HOLD', 'HOLD', 'HOLD', 'HOLD', 'HOLD', 'HOLD', 'HOLD', 'HOLD', 'HOLD', 'HOLD', 'HOLD', 'HOLD', 'HOLD', 'HOLD', 'HOLD', 'HOLD', 'HOLD', 'HOLD', 'HOLD', 'HOLD', 'HOLD', 'HOLD', 'HOLD', 'HOLD', 'HOLD', 'HOLD', 'HOLD', 'HOLD', 'HOLD', 'HOLD', 'HOLD', 'HOLD', 'HOLD', 'HOLD', 'HOLD', 'HOLD', 'HOLD', 'HOLD', 'HOLD', 'HOLD', 'ABORT', 'ABORT', 'ABORT', 'ABORT', 'ABORT', 'ABORT', 'ABORT', 'ABORT', 'ABORT', 'ABORT', 'ABORT', 'ABORT', 'ABORT', 'ABORT', 'ABORT', 'ABORT']"
merge_hesitation,night,7,0.2034,-0.0,0.0,0.642,0.5,0,0,"['CRUISE', 'CRUISE', 'CRUISE', 'CRUISE', 'CRUISE', 'CRUISE', 'CRUISE', 'CRUISE', 'CRUISE', 'PROBE', 'PROBE', 'PROBE', 'PROBE', 'PROBE', 'PROBE', 'PROBE', 'HOLD', 'HOLD', 'HOLD', 'HOLD', 'HOLD', 'HOLD', 'HOLD', 'HOLD', 'HOLD', 'HOLD', 'HOLD', 'HOLD', 'HOLD', 'HOLD', 'HOLD', 'HOLD', 'HOLD', 'HOLD', 'HOLD', 'HOLD', 'HOLD', 'HOLD', 'HOLD', 'HOLD', 'HOLD', 'HOLD', 'HOLD', 'HOLD', 'HOLD', 'HOLD', 'HOLD', 'HOLD', 'HOLD', 'HOLD', 'HOLD', 'HOLD', 'HOLD', 'HOLD', 'HOLD', 'HOLD', 'HOLD', 'HOLD', 'HOLD', 'HOLD', 'HOLD', 'HOLD', 'HOLD', 'HOLD', 'HOLD', 'HOLD', 'HOLD', 'HOLD', 'HOLD', 'HOLD', 'HOLD', 'HOLD', 'HOLD', 'HOLD', 'HOLD', 'HOLD', 'HOLD', 'HOLD', 'HOLD', 'HOLD', 'HOLD', 'HOLD', 'HOLD', 'HOLD', 'HOLD', 'HOLD', 'HOLD', 'HOLD', 'HOLD', 'HOLD', 'HOLD', 'HOLD', 'HOLD', 'HOLD', 'HOLD', 'HOLD', 'HOLD', 'HOLD', 'HOLD', 'HOLD', 'HOLD', 'HOLD', 'HOLD', 'HOLD', 'HOLD', 'HOLD', 'HOLD', 'HOLD', 'HOLD', 'HOLD', 'HOLD', 'HOLD', 'HOLD', 'ABORT', 'ABORT', 'ABORT', 'ABORT', 'ABORT', 'ABORT', 'ABORT', 'ABORT', 'ABORT', 'ABORT', 'ABORT', 'ABORT', 'ABORT', 'ABORT', 'ABORT', 'ABORT']"
merge_hesitation,night,8,0.2034,-0.0,0.0,0.6418,0.5,0,0,"['CRUISE', 'CRUISE', 'CRUISE', 'CRUISE', 'CRUISE', 'CRUISE', 'CRUISE', 'CRUISE', 'CRUISE', 'PROBE', 'PROBE', 'PROBE', 'PROBE', 'PROBE', 'PROBE', 'PROBE', 'PROBE', 'HOLD', 'HOLD', 'HOLD', 'HOLD', 'HOLD', 'HOLD', 'HOLD', 'HOLD', 'HOLD', 'HOLD', 'HOLD', 'HOLD', 'HOLD', 'HOLD', 'HOLD', 'HOLD', 'HOLD', 'HOLD', 'HOLD', 'HOLD', 'HOLD', 'HOLD', 'HOLD', 'HOLD', 'HOLD', 'HOLD', 'HOLD', 'HOLD', 'HOLD', 'HOLD', 'HOLD', 'HOLD', 'HOLD', 'HOLD', 'HOLD', 'HOLD', 'HOLD', 'HOLD', 'HOLD', 'HOLD', 'HOLD', 'HOLD', 'HOLD', 'HOLD', 'HOLD', 'HOLD', 'HOLD', 'HOLD', 'HOLD', 'HOLD', 'HOLD', 'HOLD', 'HOLD', 'HOLD', 'HOLD', 'HOLD', 'HOLD', 'HOLD', 'HOLD', 'HOLD', 'HOLD', 'HOLD', 'HOLD', 'HOLD', 'HOLD', 'HOLD', 'HOLD', 'HOLD', 'HOLD', 'HOLD', 'HOLD', 'HOLD', 'HOLD', 'HOLD', 'HOLD', 'HOLD', 'HOLD', 'HOLD', 'HOLD', 'HOLD', 'HOLD', 'HOLD', 'HOLD', 'HOLD', 'HOLD', 'HOLD', 'HOLD', 'HOLD', 'HOLD', 'HOLD', 'HOLD', 'HOLD', 'HOLD', 'HOLD', 'HOLD', 'HOLD', 'HOLD', 'ABORT', 'ABORT', 'ABORT', 'ABORT', 'ABORT', 'ABORT', 'ABORT', 'ABORT', 'ABORT', 'ABORT', 'ABORT', 'ABORT', 'ABORT', 'ABORT', 'ABORT']"
merge_hesitation,night,9,0.2034,-0.0,0.0,0.6422,0.5,0,0,"['CRUISE', 'CRUISE', 'CRUISE', 'CRUISE', 'CRUISE', 'CRUISE', 'CRUISE', 'CRUISE', 'CRUISE', 'PROBE', 'PROBE', 'PROBE', 'PROBE', 'PROBE', 'PROBE', 'PROBE', 'HOLD', 'HOLD', 'HOLD', 'HOLD', 'HOLD', 'HOLD', 'HOLD', 'HOLD', 'HOLD', 'HOLD', 'HOLD', 'HOLD', 'HOLD', 'HOLD', 'HOLD', 'HOLD', 'HOLD', 'HOLD', 'HOLD', 'HOLD', 'HOLD', 'HOLD', 'HOLD', 'HOLD', 'HOLD', 'HOLD', 'HOLD', 'HOLD', 'HOLD', 'HOLD', 'HOLD', 'HOLD', 'HOLD', 'HOLD', 'HOLD', 'HOLD', 'HOLD', 'HOLD', 'HOLD', 'HOLD', 'HOLD', 'HOLD', 'HOLD', 'HOLD', 'HOLD', 'HOLD', 'HOLD', 'HOLD', 'HOLD', 'HOLD', 'HOLD', 'HOLD', 'HOLD', 'HOLD', 'HOLD', 'HOLD', 'HOLD', 'HOLD', 'HOLD', 'HOLD', 'HOLD', 'HOLD', 'HOLD', 'HOLD', 'HOLD', 'HOLD', 'HOLD', 'HOLD', 'HOLD', 'HOLD', 'HOLD', 'HOLD', 'HOLD', 'HOLD', 'HOLD', 'HOLD', 'HOLD', 'HOLD', 'HOLD', 'HOLD', 'HOLD', 'HOLD', 'HOLD', 'HOLD', 'HOLD', 'HOLD', 'HOLD', 'HOLD', 'HOLD', 'HOLD', 'HOLD', 'HOLD', 'HOLD', 'HOLD', 'HOLD', 'HOLD', 'HOLD', 'ABORT', 'ABORT', 'ABORT', 'ABORT', 'ABORT', 'ABORT', 'ABORT', 'ABORT', 'ABORT', 'ABORT', 'ABORT', 'ABORT', 'ABORT', 'ABORT', 'ABORT', 'ABORT']"
merge_hesitation,night,10,0.2034,-0.0,0.0,0.6419,0.5,0,0,"['CRUISE', 'CRUISE', 'CRUISE', 'CRUISE', 'CRUISE', 'CRUISE', 'CRUISE', 'CRUISE', 'CRUISE', 'PROBE', 'PROBE', 'PROBE', 'PROBE', 'PROBE', 'PROBE', 'PROBE', 'PROBE', 'HOLD', 'HOLD', 'HOLD', 'HOLD', 'HOLD', 'HOLD', 'HOLD', 'HOLD', 'HOLD', 'HOLD', 'HOLD', 'HOLD', 'HOLD', 'HOLD', 'HOLD', 'HOLD', 'HOLD', 'HOLD', 'HOLD', 'HOLD', 'HOLD', 'HOLD', 'HOLD', 'HOLD', 'HOLD', 'HOLD', 'HOLD', 'HOLD', 'HOLD', 'HOLD', 'HOLD', 'HOLD', 'HOLD', 'HOLD', 'HOLD', 'HOLD', 'HOLD', 'HOLD', 'HOLD', 'HOLD', 'HOLD', 'HOLD', 'HOLD', 'HOLD', 'HOLD', 'HOLD', 'HOLD', 'HOLD', 'HOLD', 'HOLD', 'HOLD', 'HOLD', 'HOLD', 'HOLD', 'HOLD', 'HOLD', 'HOLD', 'HOLD', 'HOLD', 'HOLD', 'HOLD', 'HOLD', 'HOLD', 'HOLD', 'HOLD', 'HOLD', 'HOLD', 'HOLD', 'HOLD', 'HOLD', 'HOLD', 'HOLD', 'HOLD', 'HOLD', 'HOLD', 'HOLD', 'HOLD', 'HOLD', 'HOLD', 'HOLD', 'HOLD', 'HOLD', 'HOLD', 'HOLD', 'HOLD', 'HOLD', 'HOLD', 'HOLD', 'HOLD', 'HOLD', 'HOLD', 'HOLD', 'HOLD', 'HOLD', 'HOLD', 'HOLD', 'HOLD', 'ABORT', 'ABORT', 'ABORT', 'ABORT', 'ABORT', 'ABORT', 'ABORT', 'ABORT', 'ABORT', 'ABORT', 'ABORT', 'ABORT', 'ABORT', 'ABORT', 'ABORT']"
merge_hesitation,night,11,0.2035,-0.0,0.0,0.6424,0.5,0,0,"['CRUISE', 'CRUISE', 'CRUISE', 'CRUISE', 'CRUISE', 'CRUISE', 'CRUISE', 'CRUISE', 'PROBE', 'PROBE', 'PROBE', 'PROBE', 'PROBE', 'PROBE', 'PROBE', 'HOLD', 'HOLD', 'HOLD', 'HOLD', 'HOLD', 'HOLD', 'HOLD', 'HOLD', 'HOLD', 'HOLD', 'HOLD', 'HOLD', 'HOLD', 'HOLD', 'HOLD', 'HOLD', 'HOLD', 'HOLD', 'HOLD', 'HOLD', 'HOLD', 'HOLD', 'HOLD', 'HOLD', 'HOLD', 'HOLD', 'HOLD', 'HOLD', 'HOLD', 'HOLD', 'HOLD', 'HOLD', 'HOLD', 'HOLD', 'HOLD', 'HOLD', 'HOLD', 'HOLD', 'HOLD', 'HOLD', 'HOLD', 'HOLD', 'HOLD', 'HOLD', 'HOLD', 'HOLD', 'HOLD', 'HOLD', 'HOLD', 'HOLD', 'HOLD', 'HOLD', 'HOLD', 'HOLD', 'HOLD', 'HOLD', 'HOLD', 'HOLD', 'HOLD', 'HOLD', 'HOLD', 'HOLD', 'HOLD', 'HOLD', 'HOLD', 'HOLD', 'HOLD', 'HOLD', 'HOLD', 'HOLD', 'HOLD', 'HOLD', 'HOLD', 'HOLD', 'HOLD', 'HOLD', 'HOLD', 'HOLD', 'HOLD', 'HOLD', 'HOLD', 'HOLD', 'HOLD', 'HOLD', 'HOLD', 'HOLD', 'HOLD', 'HOLD', 'HOLD', 'HOLD', 'HOLD', 'HOLD', 'HOLD', 'HOLD', 'HOLD', 'HOLD', 'HOLD', 'ABORT', 'ABORT', 'ABORT', 'ABORT', 'ABORT', 'ABORT', 'ABORT', 'ABORT', 'ABORT', 'ABORT', 'ABORT', 'ABORT', 'ABORT', 'ABORT', 'ABORT', 'ABORT']"
merge_hesitation,night,12,0.6,0.0,0.0,0.0,0.0,0,0,"['CRUISE', 'CRUISE', 'CRUISE', 'CRUISE', 'CRUISE', 'CRUISE', 'CRUISE', 'CRUISE', 'CRUISE', 'PROBE', 'PROBE', 'PROBE', 'PROBE', 'PROBE', 'PROBE', 'PROBE', 'PROBE', 'PROBE', 'PROBE', 'PROBE', 'PROBE', 'PROBE', 'PROBE', 'PROBE', 'PROBE', 'PROBE', 'PROBE', 'PROBE', 'PROBE', 'PROBE', 'PROBE', 'PROBE', 'PROBE', 'PROBE', 'PROBE', 'PROBE', 'PROBE', 'PROBE', 'PROBE', 'PROBE', 'PROBE', 'PROBE', 'PROBE', 'PROBE', 'PROBE', 'PROBE', 'PROBE', 'PROBE', 'PROBE', 'PROBE', 'PROBE', 'PROBE', 'PROBE', 'PROBE', 'PROBE', 'PROBE', 'PROBE', 'PROBE', 'HOLD', 'HOLD', 'HOLD', 'HOLD', 'HOLD', 'HOLD', 'HOLD', 'HOLD', 'HOLD', 'HOLD', 'HOLD', 'HOLD', 'HOLD', 'HOLD', 'HOLD', 'HOLD', 'PROBE', 'PROBE', 'PROBE', 'PROBE', 'PROBE', 'PROBE', 'PROBE', 'PROBE', 'PROBE', 'PROBE', 'PROBE', 'PROBE', 'PROBE', 'PROBE', 'PROBE', 'PROBE', 'PROBE', 'PROBE', 'PROBE', 'HOLD', 'HOLD', 'HOLD', 'HOLD', 'HOLD', 'HOLD', 'HOLD', 'HOLD', 'HOLD', 'HOLD', 'HOLD', 'HOLD', 'HOLD', 'HOLD', 'HOLD', 'HOLD', 'HOLD', 'HOLD', 'HOLD', 'PROBE', 'PROBE', 'PROBE', 'PROBE', 'PROBE', 'PROBE', 'PROBE', 'PROBE', 'PROBE', 'PROBE', 'PROBE', 'PROBE', 'PROBE', 'PROBE', 'PROBE', 'PROBE', 'PROBE']"
merge_hesitation,night,13,0.6,0.0,0.0,0.0,0.0,0,0,"['CRUISE', 'CRUISE', 'CRUISE', 'CRUISE', 'CRUISE', 'CRUISE', 'CRUISE', 'CRUISE', 'CRUISE', 'PROBE', 'PROBE', 'PROBE', 'PROBE', 'PROBE', 'PROBE', 'PROBE', 'PROBE', 'PROBE', 'PROBE', 'PROBE', 'PROBE', 'PROBE', 'PROBE', 'PROBE', 'PROBE', 'PROBE', 'PROBE', 'PROBE', 'PROBE', 'PROBE', 'PROBE', 'PROBE', 'PROBE', 'PROBE', 'PROBE', 'PROBE', 'PROBE', 'PROBE', 'PROBE', 'PROBE', 'PROBE', 'PROBE', 'PROBE', 'PROBE', 'PROBE', 'PROBE', 'PROBE', 'PROBE', 'PROBE', 'PROBE', 'PROBE', 'PROBE', 'PROBE', 'PROBE', 'PROBE', 'PROBE', 'PROBE', 'PROBE', 'HOLD', 'HOLD', 'HOLD', 'HOLD', 'HOLD', 'HOLD', 'HOLD', 'HOLD', 'HOLD', 'HOLD', 'HOLD', 'HOLD', 'HOLD', 'HOLD', 'HOLD', 'HOLD', 'HOLD', 'HOLD', 'HOLD', 'HOLD', 'HOLD', 'HOLD', 'HOLD', 'HOLD', 'HOLD', 'HOLD', 'HOLD', 'HOLD', 'PROBE', 'PROBE', 'PROBE', 'PROBE', 'PROBE', 'PROBE', 'PROBE', 'PROBE', 'PROBE', 'PROBE', 'PROBE', 'PROBE', 'PROBE', 'PROBE', 'PROBE', 'HOLD', 'HOLD', 'HOLD', 'HOLD', 'HOLD', 'HOLD', 'HOLD', 'HOLD', 'HOLD', 'HOLD', 'HOLD', 'HOLD', 'HOLD', 'PROBE', 'PROBE', 'PROBE', 'PROBE', 'PROBE', 'PROBE', 'PROBE', 'PROBE', 'PROBE', 'PROBE', 'PROBE', 'PROBE', 'PROBE', 'PROBE', 'PROBE']"
merge_hesitation,night,14,0.2034,0.0,0.0,0.6418,0.5,0,0,"['CRUISE', 'CRUISE', 'CRUISE', 'CRUISE', 'CRUISE', 'CRUISE', 'CRUISE', 'CRUISE', 'CRUISE', 'PROBE', 'PROBE', 'PROBE', 'PROBE', 'PROBE', 'PROBE', 'PROBE', 'HOLD', 'HOLD', 'HOLD', 'HOLD', 'HOLD', 'HOLD', 'HOLD', 'HOLD', 'HOLD', 'HOLD', 'HOLD', 'HOLD', 'HOLD', 'HOLD', 'HOLD', 'HOLD', 'HOLD', 'HOLD', 'HOLD', 'HOLD', 'HOLD', 'HOLD', 'HOLD', 'HOLD', 'HOLD', 'HOLD', 'HOLD', 'HOLD', 'HOLD', 'HOLD', 'HOLD', 'HOLD', 'HOLD', 'HOLD', 'HOLD', 'HOLD', 'HOLD', 'HOLD', 'HOLD', 'HOLD', 'HOLD', 'HOLD', 'HOLD', 'HOLD', 'HOLD', 'HOLD', 'HOLD', 'HOLD', 'HOLD', 'HOLD', 'HOLD', 'HOLD', 'HOLD', 'HOLD', 'HOLD', 'HOLD', 'HOLD', 'HOLD', 'HOLD', 'HOLD', 'HOLD', 'HOLD', 'HOLD', 'HOLD', 'HOLD', 'HOLD', 'HOLD', 'HOLD', 'HOLD', 'HOLD', 'HOLD', 'HOLD', 'HOLD', 'HOLD', 'HOLD', 'HOLD', 'HOLD', 'HOLD', 'HOLD', 'HOLD', 'HOLD', 'HOLD', 'HOLD', 'HOLD', 'HOLD', 'HOLD', 'HOLD', 'HOLD', 'HOLD', 'HOLD', 'HOLD', 'HOLD', 'HOLD', 'HOLD', 'HOLD', 'HOLD', 'HOLD', 'ABORT', 'ABORT', 'ABORT', 'ABORT', 'ABORT', 'ABORT', 'ABORT', 'ABORT', 'ABORT', 'ABORT', 'ABORT', 'ABORT', 'ABORT', 'ABORT', 'ABORT', 'ABORT']"
merge_hesitation,night,15,0.6,0.0,0.0,0.0,0.0,0,0,"['CRUISE', 'CRUISE', 'CRUISE', 'CRUISE', 'CRUISE', 'CRUISE', 'CRUISE', 'CRUISE', 'CRUISE', 'PROBE', 'PROBE', 'PROBE', 'PROBE', 'PROBE', 'PROBE', 'PROBE', 'PROBE', 'PROBE', 'PROBE', 'PROBE', 'PROBE', 'PROBE', 'PROBE', 'PROBE', 'PROBE', 'PROBE', 'PROBE', 'PROBE', 'PROBE', 'PROBE', 'HOLD', 'HOLD', 'HOLD', 'HOLD', 'HOLD', 'HOLD', 'HOLD', 'HOLD', 'HOLD', 'HOLD', 'HOLD', 'HOLD', 'HOLD', 'HOLD', 'HOLD', 'HOLD', 'HOLD', 'HOLD', 'HOLD', 'HOLD', 'HOLD', 'HOLD', 'HOLD', 'HOLD', 'HOLD', 'HOLD', 'HOLD', 'HOLD', 'HOLD', 'HOLD', 'HOLD', 'HOLD', 'HOLD', 'HOLD', 'PROBE', 'PROBE', 'PROBE', 'PROBE', 'PROBE', 'PROBE', 'PROBE', 'HOLD', 'HOLD', 'HOLD', 'HOLD', 'HOLD', 'HOLD', 'HOLD', 'HOLD', 'HOLD', 'HOLD', 'HOLD', 'HOLD', 'PROBE', 'PROBE', 'PROBE', 'PROBE', 'PROBE', 'PROBE', 'PROBE', 'PROBE', 'PROBE', 'PROBE', 'PROBE', 'HOLD', 'HOLD', 'HOLD', 'HOLD', 'HOLD', 'HOLD', 'HOLD', 'HOLD', 'HOLD', 'HOLD', 'HOLD', 'HOLD', 'HOLD', 'HOLD', 'HOLD', 'PROBE', 'PROBE', 'PROBE', 'PROBE', 'PROBE', 'PROBE', 'PROBE', 'PROBE', 'PROBE', 'HOLD', 'HOLD', 'HOLD', 'HOLD', 'HOLD', 'HOLD', 'HOLD', 'HOLD', 'HOLD', 'HOLD', 'HOLD']"
merge_hesitation,night,16,0.2033,-0.0,0.0,0.6414,0.5,0,0,"['CRUISE', 'CRUISE', 'CRUISE', 'CRUISE', 'CRUISE', 'CRUISE', 'CRUISE', 'CRUISE', 'CRUISE', 'PROBE', 'PROBE', 'PROBE', 'PROBE', 'PROBE', 'PROBE', 'PROBE', 'PROBE', 'PROBE', 'PROBE', 'HOLD', 'HOLD', 'HOLD', 'HOLD', 'HOLD', 'HOLD', 'HOLD', 'HOLD', 'HOLD', 'HOLD', 'HOLD', 'HOLD', 'HOLD', 'HOLD', 'HOLD', 'HOLD', 'HOLD', 'HOLD', 'HOLD', 'HOLD', 'HOLD', 'HOLD', 'HOLD', 'HOLD', 'HOLD', 'HOLD', 'HOLD', 'HOLD', 'HOLD', 'HOLD', 'HOLD', 'HOLD', 'HOLD', 'HOLD', 'HOLD', 'HOLD', 'HOLD', 'HOLD', 'HOLD', 'HOLD', 'HOLD', 'HOLD', 'HOLD', 'HOLD', 'HOLD', 'HOLD', 'HOLD', 'HOLD', 'HOLD', 'HOLD', 'HOLD', 'HOLD', 'HOLD', 'HOLD', 'HOLD', 'HOLD', 'HOLD', 'HOLD', 'HOLD', 'HOLD', 'HOLD', 'HOLD', 'HOLD', 'HOLD', 'HOLD', 'HOLD', 'HOLD', 'HOLD', 'HOLD', 'HOLD', 'HOLD', 'HOLD', 'HOLD', 'HOLD', 'HOLD', 'HOLD', 'HOLD', 'HOLD', 'HOLD', 'HOLD', 'HOLD', 'HOLD', 'HOLD', 'HOLD', 'HOLD', 'HOLD', 'HOLD', 'HOLD', 'HOLD', 'HOLD', 'HOLD', 'HOLD', 'HOLD', 'HOLD', 'HOLD', 'HOLD', 'HOLD', 'ABORT', 'ABORT', 'ABORT', 'ABORT', 'ABORT', 'ABORT', 'ABORT', 'ABORT', 'ABORT', 'ABORT', 'ABORT', 'ABORT', 'ABORT']"
merge_hesitation,night,17,0.6,0.0,0.0,0.0,0.0,0,0,"['CRUISE', 'CRUISE', 'CRUISE', 'CRUISE', 'CRUISE', 'CRUISE', 'CRUISE', 'CRUISE', 'CRUISE', 'PROBE', 'PROBE', 'PROBE', 'PROBE', 'PROBE', 'PROBE', 'PROBE', 'PROBE', 'PROBE', 'PROBE', 'PROBE', 'PROBE', 'PROBE', 'PROBE', 'PROBE', 'PROBE', 'PROBE', 'PROBE', 'PROBE', 'PROBE', 'PROBE', 'PROBE', 'PROBE', 'PROBE', 'PROBE', 'PROBE', 'PROBE', 'PROBE', 'PROBE', 'PROBE', 'PROBE', 'PROBE', 'PROBE', 'PROBE', 'PROBE', 'PROBE', 'PROBE', 'PROBE', 'PROBE', 'PROBE', 'PROBE', 'PROBE', 'PROBE', 'PROBE', 'PROBE', 'PROBE', 'PROBE', 'PROBE', 'PROBE', 'HOLD', 'HOLD', 'HOLD', 'HOLD', 'HOLD', 'HOLD', 'HOLD', 'HOLD', 'PROBE', 'PROBE', 'PROBE', 'PROBE', 'PROBE', 'PROBE', 'PROBE', 'PROBE', 'PROBE', 'PROBE', 'PROBE', 'PROBE', 'PROBE', 'PROBE', 'PROBE', 'PROBE', 'PROBE', 'PROBE', 'PROBE', 'PROBE', 'PROBE', 'PROBE', 'PROBE', 'PROBE', 'PROBE', 'PROBE', 'PROBE', 'PROBE', 'PROBE', 'PROBE', 'PROBE', 'PROBE', 'PROBE', 'PROBE', 'PROBE', 'PROBE', 'PROBE', 'PROBE', 'PROBE', 'PROBE', 'PROBE', 'PROBE', 'PROBE', 'PROBE', 'PROBE', 'PROBE', 'PROBE', 'PROBE', 'PROBE', 'HOLD', 'HOLD', 'HOLD', 'HOLD', 'HOLD', 'HOLD', 'HOLD', 'HOLD', 'HOLD', 'PROBE', 'PROBE', 'PROBE', 'PROBE', 'PROBE']"
merge_hesitation,night,18,0.2034,-0.0,0.0,0.6419,0.5,0,0,"['CRUISE', 'CRUISE', 'CRUISE', 'CRUISE', 'CRUISE', 'CRUISE', 'CRUISE', 'CRUISE', 'CRUISE', 'PROBE', 'PROBE', 'PROBE', 'PROBE', 'PROBE', 'PROBE', 'PROBE', 'HOLD', 'HOLD', 'HOLD', 'HOLD', 'HOLD', 'HOLD', 'HOLD', 'HOLD', 'HOLD', 'HOLD', 'HOLD', 'HOLD', 'HOLD', 'HOLD', 'HOLD', 'HOLD', 'HOLD', 'HOLD', 'HOLD', 'HOLD', 'HOLD', 'HOLD', 'HOLD', 'HOLD', 'HOLD', 'HOLD', 'HOLD', 'HOLD', 'HOLD', 'HOLD', 'HOLD', 'HOLD', 'HOLD', 'HOLD', 'HOLD', 'HOLD', 'HOLD', 'HOLD', 'HOLD', 'HOLD', 'HOLD', 'HOLD', 'HOLD', 'HOLD', 'HOLD', 'HOLD', 'HOLD', 'HOLD', 'HOLD', 'HOLD', 'HOLD', 'HOLD', 'HOLD', 'HOLD', 'HOLD', 'HOLD', 'HOLD', 'HOLD', 'HOLD', 'HOLD', 'HOLD', 'HOLD', 'HOLD', 'HOLD', 'HOLD', 'HOLD', 'HOLD', 'HOLD', 'HOLD', 'HOLD', 'HOLD', 'HOLD', 'HOLD', 'HOLD', 'HOLD', 'HOLD', 'HOLD', 'HOLD', 'HOLD', 'HOLD', 'HOLD', 'HOLD', 'HOLD', 'HOLD', 'HOLD', 'HOLD', 'HOLD', 'HOLD', 'HOLD', 'HOLD', 'HOLD', 'HOLD', 'HOLD', 'HOLD', 'HOLD', 'HOLD', 'HOLD', 'ABORT', 'ABORT', 'ABORT', 'ABORT', 'ABORT', 'ABORT', 'ABORT', 'ABORT', 'ABORT', 'ABORT', 'ABORT', 'ABORT', 'ABORT', 'ABORT', 'ABORT', 'ABORT']"
merge_hesitation,night,19,0.2034,0.0,0.0,0.642,0.5,0,0,"['CRUISE', 'CRUISE', 'CRUISE', 'CRUISE', 'CRUISE', 'CRUISE', 'CRUISE', 'CRUISE', 'PROBE', 'PROBE', 'PROBE', 'PROBE', 'PROBE', 'PROBE', 'PROBE', 'HOLD', 'HOLD', 'HOLD', 'HOLD', 'HOLD', 'HOLD', 'HOLD', 'HOLD', 'HOLD', 'HOLD', 'HOLD', 'HOLD', 'HOLD', 'HOLD', 'HOLD', 'HOLD', 'HOLD', 'HOLD', 'HOLD', 'HOLD', 'HOLD', 'HOLD', 'HOLD', 'HOLD', 'HOLD', 'HOLD', 'HOLD', 'HOLD', 'HOLD', 'HOLD', 'HOLD', 'HOLD', 'HOLD', 'HOLD', 'HOLD', 'HOLD', 'HOLD', 'HOLD', 'HOLD', 'HOLD', 'HOLD', 'HOLD', 'HOLD', 'HOLD', 'HOLD', 'HOLD', 'HOLD', 'HOLD', 'HOLD', 'HOLD', 'HOLD', 'HOLD', 'HOLD', 'HOLD', 'HOLD', 'HOLD', 'HOLD', 'HOLD', 'HOLD', 'HOLD', 'HOLD', 'HOLD', 'HOLD', 'HOLD', 'HOLD', 'HOLD', 'HOLD', 'HOLD', 'HOLD', 'HOLD', 'HOLD', 'HOLD', 'HOLD', 'HOLD', 'HOLD', 'HOLD', 'HOLD', 'HOLD', 'HOLD', 'HOLD', 'HOLD', 'HOLD', 'HOLD', 'HOLD', 'HOLD', 'HOLD', 'HOLD', 'HOLD', 'HOLD', 'HOLD', 'HOLD', 'HOLD', 'HOLD', 'HOLD', 'HOLD', 'HOLD', 'HOLD', 'ABORT', 'ABORT', 'ABORT', 'ABORT', 'ABORT', 'ABORT', 'ABORT', 'ABORT', 'ABORT', 'ABORT', 'ABORT', 'ABORT', 'ABORT', 'ABORT', 'ABORT', 'ABORT', 'ABORT']"
occluded_intersection,clear,0,0.2034,-0.0,0.0,0.6419,0.5,0,0,"['CRUISE', 'CRUISE', 'CRUISE', 'CRUISE', 'CRUISE', 'CRUISE', 'CRUISE', 'CRUISE', 'CRUISE', 'PROBE', 'PROBE', 'PROBE', 'PROBE', 'PROBE', 'PROBE', 'PROBE', 'HOLD', 'HOLD', 'HOLD', 'HOLD', 'HOLD', 'HOLD', 'HOLD', 'HOLD', 'HOLD', 'HOLD', 'HOLD', 'HOLD', 'HOLD', 'HOLD', 'HOLD', 'HOLD', 'HOLD', 'HOLD', 'HOLD', 'HOLD', 'HOLD', 'HOLD', 'HOLD', 'HOLD', 'HOLD', 'HOLD', 'HOLD', 'HOLD', 'HOLD', 'HOLD', 'HOLD', 'HOLD', 'HOLD', 'HOLD', 'HOLD', 'HOLD', 'HOLD', 'HOLD', 'HOLD', 'HOLD', 'HOLD', 'HOLD', 'HOLD', 'HOLD', 'HOLD', 'HOLD', 'HOLD', 'HOLD', 'HOLD', 'HOLD', 'HOLD', 'HOLD', 'HOLD', 'HOLD', 'HOLD', 'HOLD', 'HOLD', 'HOLD', 'HOLD', 'HOLD', 'HOLD', 'HOLD', 'HOLD', 'HOLD', 'HOLD', 'HOLD', 'HOLD', 'HOLD', 'HOLD', 'HOLD', 'HOLD', 'HOLD', 'HOLD', 'HOLD', 'HOLD', 'HOLD', 'HOLD', 'HOLD', 'HOLD', 'HOLD', 'HOLD', 'HOLD', 'HOLD', 'HOLD', 'HOLD', 'HOLD', 'HOLD', 'HOLD', 'HOLD', 'HOLD', 'HOLD', 'HOLD', 'HOLD', 'HOLD', 'HOLD', 'HOLD', 'ABORT', 'ABORT', 'ABORT', 'ABORT', 'ABORT', 'ABORT', 'ABORT', 'ABORT', 'ABORT', 'ABORT', 'ABORT', 'ABORT', 'ABORT', 'ABORT', 'ABORT', 'ABORT', 'ABORT']"
occluded_intersection,clear,1,0.2034,-0.0,0.0,0.6421,0.5,0,0,"['CRUISE', 'CRUISE', 'CRUISE', 'CRUISE', 'CRUISE', 'CRUISE', 'CRUISE', 'CRUISE', 'CRUISE', 'PROBE', 'PROBE', 'PROBE', 'PROBE', 'PROBE', 'PROBE', 'PROBE', 'HOLD', 'HOLD', 'HOLD', 'HOLD', 'HOLD', 'HOLD', 'HOLD', 'HOLD', 'HOLD', 'HOLD', 'HOLD', 'HOLD', 'HOLD', 'HOLD', 'HOLD', 'HOLD', 'HOLD', 'HOLD', 'HOLD', 'HOLD', 'HOLD', 'HOLD', 'HOLD', 'HOLD', 'HOLD', 'HOLD', 'HOLD', 'HOLD', 'HOLD', 'HOLD', 'HOLD', 'HOLD', 'HOLD', 'HOLD', 'HOLD', 'HOLD', 'HOLD', 'HOLD', 'HOLD', 'HOLD', 'HOLD', 'HOLD', 'HOLD', 'HOLD', 'HOLD', 'HOLD', 'HOLD', 'HOLD', 'HOLD', 'HOLD', 'HOLD', 'HOLD', 'HOLD', 'HOLD', 'HOLD', 'HOLD', 'HOLD', 'HOLD', 'HOLD', 'HOLD', 'HOLD', 'HOLD', 'HOLD', 'HOLD', 'HOLD', 'HOLD', 'HOLD', 'HOLD', 'HOLD', 'HOLD', 'HOLD', 'HOLD', 'HOLD', 'HOLD', 'HOLD', 'HOLD', 'HOLD', 'HOLD', 'HOLD', 'HOLD', 'HOLD', 'HOLD', 'HOLD', 'HOLD', 'HOLD', 'HOLD', 'HOLD', 'HOLD', 'HOLD', 'HOLD', 'HOLD', 'HOLD', 'HOLD', 'HOLD', 'HOLD', 'HOLD', 'HOLD', 'ABORT', 'ABORT', 'ABORT', 'ABORT', 'ABORT', 'ABORT', 'ABORT', 'ABORT', 'ABORT', 'ABORT', 'ABORT', 'ABORT', 'ABORT', 'ABORT', 'ABORT', 'ABORT']"
occluded_intersection,clear,2,0.6,0.0,0.0,0.0,0.0,0,0,"['CRUISE', 'CRUISE', 'CRUISE', 'CRUISE', 'CRUISE', 'CRUISE', 'CRUISE', 'CRUISE', 'CRUISE', 'PROBE', 'PROBE', 'PROBE', 'PROBE', 'PROBE', 'PROBE', 'PROBE', 'PROBE', 'PROBE', 'PROBE', 'PROBE', 'PROBE', 'PROBE', 'PROBE', 'PROBE', 'PROBE', 'PROBE', 'PROBE', 'PROBE', 'PROBE', 'PROBE', 'PROBE', 'PROBE', 'PROBE', 'PROBE', 'PROBE', 'PROBE', 'PROBE', 'PROBE', 'PROBE', 'PROBE', 'PROBE', 'PROBE', 'PROBE', 'PROBE', 'PROBE', 'PROBE', 'PROBE', 'PROBE', 'PROBE', 'PROBE', 'PROBE', 'PROBE', 'PROBE', 'PROBE', 'PROBE', 'PROBE', 'PROBE', 'HOLD', 'HOLD', 'HOLD', 'HOLD', 'HOLD', 'HOLD', 'HOLD', 'HOLD', 'HOLD', 'PROBE', 'PROBE', 'PROBE', 'PROBE', 'PROBE', 'PROBE', 'PROBE', 'PROBE', 'PROBE', 'PROBE', 'PROBE', 'PROBE', 'PROBE', 'PROBE', 'PROBE', 'PROBE', 'PROBE', 'PROBE', 'PROBE', 'PROBE', 'PROBE', 'PROBE', 'PROBE', 'PROBE', 'PROBE', 'PROBE', 'PROBE', 'PROBE', 'PROBE', 'PROBE', 'PROBE', 'PROBE', 'PROBE', 'PROBE', 'PROBE', 'PROBE', 'PROBE', 'PROBE', 'PROBE', 'PROBE', 'PROBE', 'PROBE', 'PROBE', 'PROBE', 'PROBE', 'PROBE', 'PROBE', 'PROBE', 'PROBE', 'HOLD', 'HOLD', 'HOLD', 'HOLD', 'HOLD', 'HOLD', 'HOLD', 'HOLD', 'HOLD', 'HOLD', 'PROBE', 'PROBE', 'PROBE', 'PROBE']"
occluded_intersection,clear,3,0.2035,-0.0,0.0,0.6423,0.5,0,0,"['CRUISE', 'CRUISE', 'CRUISE', 'CRUISE', 'CRUISE', 'CRUISE', 'CRUISE', 'CRUISE', 'CRUISE', 'PROBE', 'PROBE', 'PROBE', 'PROBE', 'PROBE', 'PROBE', 'PROBE', 'HOLD', 'HOLD', 'HOLD', 'HOLD', 'HOLD', 'HOLD', 'HOLD', 'HOLD', 'HOLD', 'HOLD', 'HOLD', 'HOLD', 'HOLD', 'HOLD', 'HOLD', 'HOLD', 'HOLD', 'HOLD', 'HOLD', 'HOLD', 'HOLD', 'HOLD', 'HOLD', 'HOLD', 'HOLD', 'HOLD', 'HOLD', 'HOLD', 'HOLD', 'HOLD', 'HOLD', 'HOLD', 'HOLD', 'HOLD', 'HOLD', 'HOLD', 'HOLD', 'HOLD', 'HOLD', 'HOLD', 'HOLD', 'HOLD', 'HOLD', 'HOLD', 'HOLD', 'HOLD', 'HOLD', 'HOLD', 'HOLD', 'HOLD', 'HOLD', 'HOLD', 'HOLD', 'HOLD', 'HOLD', 'HOLD', 'HOLD', 'HOLD', 'HOLD', 'HOLD', 'HOLD', 'HOLD', 'HOLD', 'HOLD', 'HOLD', 'HOLD', 'HOLD', 'HOLD', 'HOLD', 'HOLD', 'HOLD', 'HOLD', 'HOLD', 'HOLD', 'HOLD', 'HOLD', 'HOLD', 'HOLD', 'HOLD', 'HOLD', 'HOLD', 'HOLD', 'HOLD', 'HOLD', 'HOLD', 'HOLD', 'HOLD', 'HOLD', 'HOLD', 'HOLD', 'HOLD', 'HOLD', 'HOLD', 'HOLD', 'HOLD', 'HOLD', 'HOLD', 'ABORT', 'ABORT', 'ABORT', 'ABORT', 'ABORT', 'ABORT', 'ABORT', 'ABORT', 'ABORT', 'ABORT', 'ABORT', 'ABORT', 'ABORT', 'ABORT', 'ABORT', 'ABORT']"
occluded_intersection,clear,4,0.6,0.0,0.0,0.0,0.0,0,0,"['CRUISE', 'CRUISE', 'CRUISE', 'CRUISE', 'CRUISE', 'CRUISE', 'CRUISE', 'CRUISE', 'CRUISE', 'PROBE', 'PROBE', 'PROBE', 'PROBE', 'PROBE', 'PROBE', 'PROBE', 'PROBE', 'PROBE', 'PROBE', 'PROBE', 'PROBE', 'PROBE', 'PROBE', 'PROBE', 'PROBE', 'PROBE', 'PROBE', 'PROBE', 'PROBE', 'PROBE', 'PROBE', 'PROBE', 'PROBE', 'PROBE', 'PROBE', 'PROBE', 'PROBE', 'PROBE', 'PROBE', 'PROBE', 'PROBE', 'PROBE', 'PROBE', 'PROBE', 'PROBE', 'PROBE', 'PROBE', 'PROBE', 'PROBE', 'PROBE', 'PROBE', 'PROBE', 'PROBE', 'PROBE', 'PROBE', 'PROBE', 'PROBE', 'PROBE', 'HOLD', 'HOLD', 'HOLD', 'HOLD', 'HOLD', 'HOLD', 'HOLD', 'HOLD', 'PROBE', 'PROBE', 'PROBE', 'PROBE', 'PROBE', 'PROBE', 'PROBE', 'PROBE', 'PROBE', 'PROBE', 'PROBE', 'PROBE', 'PROBE', 'PROBE', 'PROBE', 'PROBE', 'PROBE', 'PROBE', 'PROBE', 'PROBE', 'PROBE', 'PROBE', 'PROBE', 'PROBE', 'PROBE', 'PROBE', 'PROBE', 'PROBE', 'PROBE', 'PROBE', 'PROBE', 'PROBE', 'PROBE', 'PROBE', 'PROBE', 'PROBE', 'PROBE', 'PROBE', 'PROBE', 'PROBE', 'PROBE', 'PROBE', 'PROBE', 'PROBE', 'PROBE', 'PROBE', 'PROBE', 'PROBE', 'PROBE', 'HOLD', 'HOLD', 'HOLD', 'HOLD', 'HOLD', 'HOLD', 'HOLD', 'HOLD', 'HOLD', 'PROBE', 'PROBE', 'PROBE', 'PROBE', 'PROBE']"
occluded_intersection,clear,5,0.6,0.0,0.0,0.0,0.0,0,0,"['CRUISE', 'CRUISE', 'CRUISE', 'CRUISE', 'CRUISE', 'CRUISE', 'CRUISE', 'CRUISE', 'CRUISE', 'PROBE', 'PROBE', 'PROBE', 'PROBE', 'PROBE', 'PROBE', 'PROBE', 'PROBE', 'PROBE', 'PROBE', 'PROBE', 'PROBE', 'PROBE', 'PROBE', 'PROBE', 'PROBE', 'PROBE', 'PROBE', 'PROBE', 'PROBE', 'PROBE', 'PROBE', 'PROBE', 'PROBE', 'PROBE', 'PROBE', 'PROBE', 'PROBE', 'PROBE', 'PROBE', 'PROBE', 'PROBE', 'PROBE', 'PROBE', 'PROBE', 'PROBE', 'PROBE', 'PROBE', 'PROBE', 'PROBE', 'PROBE', 'PROBE', 'PROBE', 'PROBE', 'PROBE', 'PROBE', 'PROBE', 'PROBE', 'PROBE', 'HOLD', 'HOLD', 'HOLD', 'HOLD', 'HOLD', 'HOLD', 'HOLD', 'HOLD', 'HOLD', 'PROBE', 'PROBE', 'PROBE', 'PROBE', 'PROBE', 'PROBE', 'PROBE', 'PROBE', 'PROBE', 'PROBE', 'PROBE', 'PROBE', 'PROBE', 'PROBE', 'PROBE', 'PROBE', 'PROBE', 'PROBE', 'PROBE', 'PROBE', 'PROBE', 'PROBE', 'PROBE', 'PROBE', 'PROBE', 'PROBE', 'PROBE', 'PROBE', 'PROBE', 'PROBE', 'PROBE', 'PROBE', 'PROBE', 'PROBE', 'PROBE', 'PROBE', 'PROBE', 'PROBE', 'PROBE', 'PROBE', 'PROBE', 'PROBE', 'PROBE', 'PROBE', 'PROBE', 'PROBE', 'PROBE', 'PROBE', 'PROBE', 'HOLD', 'HOLD', 'HOLD', 'HOLD', 'HOLD', 'HOLD', 'HOLD', 'HOLD', 'HOLD', 'HOLD', 'HOLD', 'HOLD', 'HOLD']"
occluded_intersection,clear,6,0.6,0.0,0.0,0.0,0.0,0,0,"['CRUISE', 'CRUISE', 'CRUISE', 'CRUISE', 'CRUISE', 'CRUISE', 'CRUISE', 'CRUISE', 'CRUISE', 'PROBE', 'PROBE', 'PROBE', 'PROBE', 'PROBE', 'PROBE', 'PROBE', 'PROBE', 'PROBE', 'PROBE', 'PROBE', 'PROBE', 'PROBE', 'PROBE', 'PROBE', 'PROBE', 'PROBE', 'PROBE', 'PROBE', 'PROBE', 'PROBE', 'PROBE', 'PROBE', 'PROBE', 'PROBE', 'PROBE', 'PROBE', 'PROBE', 'PROBE', 'PROBE', 'PROBE', 'PROBE', 'PROBE', 'PROBE', 'PROBE', 'PROBE', 'PROBE', 'PROBE', 'PROBE', 'PROBE', 'PROBE', 'PROBE', 'PROBE', 'PROBE', 'PROBE', 'PROBE', 'PROBE', 'PROBE', 'PROBE', 'HOLD', 'HOLD', 'HOLD', 'HOLD', 'HOLD', 'HOLD', 'HOLD', 'HOLD', 'HOLD', 'PROBE', 'PROBE', 'PROBE', 'PROBE', 'PROBE', 'PROBE', 'PROBE', 'PROBE', 'PROBE', 'PROBE', 'PROBE', 'PROBE', 'PROBE', 'PROBE', 'PROBE', 'PROBE', 'PROBE', 'PROBE', 'PROBE', 'PROBE', 'PROBE', 'PROBE', 'PROBE', 'PROBE', 'PROBE', 'PROBE', 'PROBE', 'PROBE', 'PROBE', 'PROBE', 'PROBE', 'PROBE', 'PROBE', 'PROBE', 'PROBE', 'PROBE', 'PROBE', 'PROBE', 'PROBE', 'PROBE', 'PROBE', 'PROBE', 'PROBE', 'PROBE', 'PROBE', 'PROBE', 'PROBE', 'PROBE', 'PROBE', 'HOLD', 'HOLD', 'HOLD', 'HOLD', 'HOLD', 'HOLD', 'HOLD', 'HOLD', 'PROBE', 'PROBE', 'PROBE', 'PROBE', 'PROBE']"
occluded_intersection,clear,7,0.6,0.0,0.0,0.0,0.0,0,0,"['CRUISE', 'CRUISE', 'CRUISE', 'CRUISE', 'CRUISE', 'CRUISE', 'CRUISE', 'CRUISE', 'CRUISE', 'PROBE', 'PROBE', 'PROBE', 'PROBE', 'PROBE', 'PROBE', 'PROBE', 'PROBE', 'PROBE', 'PROBE', 'PROBE', 'PROBE', 'PROBE', 'PROBE', 'PROBE', 'PROBE', 'PROBE', 'PROBE', 'PROBE', 'PROBE', 'PROBE', 'PROBE', 'PROBE', 'PROBE', 'PROBE', 'PROBE', 'PROBE', 'PROBE', 'PROBE', 'PROBE', 'PROBE', 'PROBE', 'PROBE', 'PROBE', 'PROBE', 'PROBE', 'PROBE', 'PROBE', 'PROBE', 'PROBE', 'PROBE', 'PROBE', 'PROBE', 'PROBE', 'PROBE', 'PROBE', 'PROBE', 'PROBE', 'PROBE', 'HOLD', 'HOLD', 'HOLD', 'HOLD', 'HOLD', 'HOLD', 'HOLD', 'HOLD', 'HOLD', 'PROBE', 'PROBE', 'PROBE', 'PROBE', 'PROBE', 'PROBE', 'PROBE', 'PROBE', 'PROBE', 'PROBE', 'PROBE', 'PROBE', 'PROBE', 'PROBE', 'PROBE', 'PROBE', 'PROBE', 'PROBE', 'PROBE', 'PROBE', 'PROBE', 'PROBE', 'PROBE', 'PROBE', 'PROBE', 'PROBE', 'PROBE', 'PROBE', 'PROBE', 'PROBE', 'PROBE', 'PROBE', 'PROBE', 'PROBE', 'PROBE', 'PROBE', 'PROBE', 'PROBE', 'PROBE', 'PROBE', 'PROBE', 'PROBE', 'PROBE', 'PROBE', 'PROBE', 'PROBE', 'PROBE', 'PROBE', 'PROBE', 'HOLD', 'HOLD', 'HOLD', 'HOLD', 'HOLD', 'HOLD', 'HOLD', 'HOLD', 'HOLD', 'HOLD', 'HOLD', 'HOLD', 'HOLD']"
occluded_intersection,clear,8,0.6,0.0,0.0,0.0,0.0,0,0,"['CRUISE', 'CRUISE', 'CRUISE', 'CRUISE', 'CRUISE', 'CRUISE', 'CRUISE', 'CRUISE', 'CRUISE', 'PROBE', 'PROBE', 'PROBE', 'PROBE', 'PROBE', 'PROBE', 'PROBE', 'PROBE', 'PROBE', 'HOLD', 'HOLD', 'HOLD', 'HOLD', 'HOLD', 'HOLD', 'HOLD', 'HOLD', 'HOLD', 'HOLD', 'HOLD', 'HOLD', 'HOLD', 'HOLD', 'HOLD', 'HOLD', 'HOLD', 'HOLD', 'HOLD', 'HOLD', 'HOLD', 'HOLD', 'HOLD', 'HOLD', 'HOLD', 'HOLD', 'HOLD', 'HOLD', 'HOLD', 'HOLD', 'HOLD', 'HOLD', 'HOLD', 'HOLD', 'HOLD', 'HOLD', 'HOLD', 'HOLD', 'HOLD', 'HOLD', 'HOLD', 'HOLD', 'HOLD', 'HOLD', 'HOLD', 'HOLD', 'HOLD', 'HOLD', 'HOLD', 'HOLD', 'HOLD', 'HOLD', 'HOLD', 'HOLD', 'HOLD', 'HOLD', 'HOLD', 'HOLD', 'HOLD', 'PROBE', 'PROBE', 'PROBE', 'PROBE', 'PROBE', 'PROBE', 'PROBE', 'HOLD', 'HOLD', 'HOLD', 'HOLD', 'HOLD', 'HOLD', 'HOLD', 'HOLD', 'HOLD', 'HOLD', 'HOLD', 'HOLD', 'HOLD', 'HOLD', 'HOLD', 'HOLD', 'HOLD', 'HOLD', 'HOLD', 'HOLD', 'HOLD', 'HOLD', 'HOLD', 'HOLD', 'HOLD', 'HOLD', 'HOLD', 'HOLD', 'HOLD', 'HOLD', 'HOLD', 'HOLD', 'HOLD', 'HOLD', 'HOLD', 'HOLD', 'HOLD', 'HOLD', 'HOLD', 'HOLD', 'HOLD', 'HOLD', 'HOLD', 'HOLD', 'HOLD']"
occluded_intersection,clear,9,0.6,0.0,0.0,0.0,0.0,0,0,"['CRUISE', 'CRUISE', 'CRUISE', 'CRUISE', 'CRUISE', 'CRUISE', 'CRUISE', 'CRUISE', 'CRUISE', 'PROBE', 'PROBE', 'PROBE', 'PROBE', 'PROBE', 'PROBE', 'PROBE', 'PROBE', 'PROBE', 'PROBE', 'PROBE', 'PROBE', 'PROBE', 'PROBE', 'PROBE', 'PROBE', 'PROBE', 'PROBE', 'PROBE', 'PROBE', 'PROBE', 'PROBE', 'PROBE', 'PROBE', 'PROBE', 'PROBE', 'PROBE', 'PROBE', 'PROBE', 'PROBE', 'PROBE', 'PROBE', 'PROBE', 'PROBE', 'PROBE', 'PROBE', 'PROBE', 'PROBE', 'PROBE', 'PROBE', 'PROBE', 'PROBE', 'PROBE', 'PROBE', 'PROBE', 'PROBE', 'PROBE', 'PROBE', 'PROBE', 'HOLD', 'HOLD', 'HOLD', 'HOLD', 'HOLD', 'HOLD', 'HOLD', 'HOLD', 'HOLD', 'PROBE', 'PROBE', 'PROBE', 'PROBE', 'PROBE', 'PROBE', 'PROBE', 'PROBE', 'PROBE', 'PROBE', 'PROBE', 'PROBE', 'PROBE', 'PROBE', 'PROBE', 'PROBE', 'PROBE', 'PROBE', 'PROBE', 'PROBE', 'PROBE', 'PROBE', 'PROBE', 'PROBE', 'PROBE', 'PROBE', 'PROBE', 'PROBE', 'PROBE', 'PROBE', 'PROBE', 'PROBE', 'PROBE', 'PROBE', 'PROBE', 'PROBE', 'PROBE', 'PROBE', 'PROBE', 'PROBE', 'PROBE', 'PROBE', 'PROBE', 'PROBE', 'PROBE', 'PROBE', 'PROBE', 'PROBE', 'PROBE', 'HOLD', 'HOLD', 'HOLD', 'HOLD', 'HOLD', 'HOLD', 'HOLD', 'HOLD', 'HOLD', 'HOLD', 'HOLD', 'HOLD', 'HOLD']"
occluded_intersection,clear,10,0.6,0.0,0.0,0.0,0.0,0,0,"['CRUISE', 'CRUISE', 'CRUISE', 'CRUISE', 'CRUISE', 'CRUISE', 'CRUISE', 'CRUISE', 'CRUISE', 'PROBE', 'PROBE', 'PROBE', 'PROBE', 'PROBE', 'PROBE', 'PROBE', 'PROBE', 'PROBE', 'PROBE', 'PROBE', 'PROBE', 'PROBE', 'PROBE', 'PROBE', 'PROBE', 'PROBE', 'PROBE', 'PROBE', 'PROBE', 'PROBE', 'PROBE', 'PROBE', 'PROBE', 'PROBE', 'PROBE', 'PROBE', 'PROBE', 'PROBE', 'PROBE', 'PROBE', 'PROBE', 'PROBE', 'PROBE', 'PROBE', 'PROBE', 'PROBE', 'PROBE', 'PROBE', 'PROBE', 'PROBE', 'PROBE', 'PROBE', 'PROBE', 'PROBE', 'PROBE', 'PROBE', 'PROBE', 'PROBE', 'HOLD', 'HOLD', 'HOLD', 'HOLD', 'HOLD', 'HOLD', 'HOLD', 'HOLD', 'PROBE', 'PROBE', 'PROBE', 'PROBE', 'PROBE', 'PROBE', 'PROBE', 'PROBE', 'PROBE', 'PROBE', 'PROBE', 'PROBE', 'PROBE', 'PROBE', 'PROBE', 'PROBE', 'PROBE', 'PROBE', 'PROBE', 'PROBE', 'PROBE', 'PROBE', 'PROBE', 'PROBE', 'PROBE', 'PROBE', 'PROBE', 'PROBE', 'PROBE', 'PROBE', 'PROBE', 'PROBE', 'PROBE', 'PROBE', 'PROBE', 'PROBE', 'PROBE', 'PROBE', 'PROBE', 'PROBE', 'PROBE', 'PROBE', 'PROBE', 'PROBE', 'PROBE', 'PROBE', 'PROBE', 'PROBE', 'PROBE', 'HOLD', 'HOLD', 'HOLD', 'HOLD', 'HOLD', 'HOLD', 'HOLD', 'HOLD', 'PROBE', 'PROBE', 'PROBE', 'PROBE', 'PROBE', 'PROBE']"
occluded_intersection,clear,11,0.2034,-0.0,0.0,0.6421,0.5,0,0,"['CRUISE', 'CRUISE', 'CRUISE', 'CRUISE', 'CRUISE', 'CRUISE', 'CRUISE', 'CRUISE', 'CRUISE', 'PROBE', 'PROBE', 'PROBE', 'PROBE', 'PROBE', 'PROBE', 'PROBE', 'HOLD', 'HOLD', 'HOLD', 'HOLD', 'HOLD', 'HOLD', 'HOLD', 'HOLD', 'HOLD', 'HOLD', 'HOLD', 'HOLD', 'HOLD', 'HOLD', 'HOLD', 'HOLD', 'HOLD', 'HOLD', 'HOLD', 'HOLD', 'HOLD', 'HOLD', 'HOLD', 'HOLD', 'HOLD', 'HOLD', 'HOLD', 'HOLD', 'HOLD', 'HOLD', 'HOLD', 'HOLD', 'HOLD', 'HOLD', 'HOLD', 'HOLD', 'HOLD', 'HOLD', 'HOLD', 'HOLD', 'HOLD', 'HOLD', 'HOLD', 'HOLD', 'HOLD', 'HOLD', 'HOLD', 'HOLD', 'HOLD', 'HOLD', 'HOLD', 'HOLD', 'HOLD', 'HOLD', 'HOLD', 'HOLD', 'HOLD', 'HOLD', 'HOLD', 'HOLD', 'HOLD', 'HOLD', 'HOLD', 'HOLD', 'HOLD', 'HOLD', 'HOLD', 'HOLD', 'HOLD', 'HOLD', 'HOLD', 'HOLD', 'HOLD', 'HOLD', 'HOLD', 'HOLD', 'HOLD', 'HOLD', 'HOLD', 'HOLD', 'HOLD', 'HOLD', 'HOLD', 'HOLD', 'HOLD', 'HOLD', 'HOLD', 'HOLD', 'HOLD', 'HOLD', 'HOLD', 'HOLD', 'HOLD', 'HOLD', 'HOLD', 'HOLD', 'ABORT', 'ABORT', 'ABORT', 'ABORT', 'ABORT', 'ABORT', 'ABORT', 'ABORT', 'ABORT', 'ABORT', 'ABORT', 'ABORT', 'ABORT', 'ABORT', 'ABORT', 'ABORT', 'ABORT']"
occluded_intersection,clear,12,0.6,0.0,0.0,0.0,0.0,0,0,"['CRUISE', 'CRUISE', 'CRUISE', 'CRUISE', 'CRUISE', 'CRUISE', 'CRUISE', 'CRUISE', 'CRUISE', 'PROBE', 'PROBE', 'PROBE', 'PROBE', 'PROBE', 'PROBE', 'PROBE', 'PROBE', 'PROBE', 'PROBE', 'PROBE', 'PROBE', 'PROBE', 'PROBE', 'PROBE', 'PROBE', 'PROBE', 'PROBE', 'PROBE', 'PROBE', 'PROBE', 'PROBE', 'PROBE', 'PROBE', 'PROBE', 'PROBE', 'PROBE', 'PROBE', 'PROBE', 'PROBE', 'PROBE', 'PROBE', 'PROBE', 'PROBE', 'PROBE', 'PROBE', 'PROBE', 'PROBE', 'PROBE', 'PROBE', 'PROBE', 'PROBE', 'PROBE', 'PROBE', 'PROBE', 'PROBE', 'PROBE', 'PROBE', 'HOLD', 'HOLD', 'HOLD', 'HOLD', 'HOLD', 'HOLD', 'HOLD', 'HOLD', 'HOLD', 'HOLD', 'HOLD', 'HOLD', 'HOLD', 'HOLD', 'HOLD', 'HOLD', 'HOLD', 'PROBE', 'PROBE', 'PROBE', 'PROBE', 'PROBE', 'PROBE', 'PROBE', 'PROBE', 'PROBE', 'PROBE', 'PROBE', 'PROBE', 'PROBE', 'PROBE', 'PROBE', 'PROBE', 'PROBE', 'PROBE', 'PROBE', 'PROBE', 'PROBE', 'PROBE', 'PROBE', 'PROBE', 'PROBE', 'PROBE', 'PROBE', 'PROBE', 'PROBE', 'PROBE', 'PROBE', 'PROBE', 'PROBE', 'PROBE', 'PROBE', 'PROBE', 'PROBE', 'PROBE', 'PROBE', 'PROBE', 'PROBE', 'PROBE', 'PROBE', 'PROBE', 'PROBE', 'PROBE', 'PROBE', 'PROBE', 'PROBE', 'HOLD', 'HOLD', 'HOLD', 'HOLD', 'HOLD', 'HOLD']"
occluded_intersection,clear,13,0.2034,-0.0,0.0,0.6418,0.5,0,0,"['CRUISE', 'CRUISE', 'CRUISE', 'CRUISE', 'CRUISE', 'CRUISE', 'CRUISE', 'CRUISE', 'CRUISE', 'PROBE', 'PROBE', 'PROBE', 'PROBE', 'PROBE', 'PROBE', 'PROBE', 'HOLD', 'HOLD', 'HOLD', 'HOLD', 'HOLD', 'HOLD', 'HOLD', 'HOLD', 'HOLD', 'HOLD', 'HOLD', 'HOLD', 'HOLD', 'HOLD', 'HOLD', 'HOLD', 'HOLD', 'HOLD', 'HOLD', 'HOLD', 'HOLD', 'HOLD', 'HOLD', 'HOLD', 'HOLD', 'HOLD', 'HOLD', 'HOLD', 'HOLD', 'HOLD', 'HOLD', 'HOLD', 'HOLD', 'HOLD', 'HOLD', 'HOLD', 'HOLD', 'HOLD', 'HOLD', 'HOLD', 'HOLD', 'HOLD', 'HOLD', 'HOLD', 'HOLD', 'HOLD', 'HOLD', 'HOLD', 'HOLD', 'HOLD', 'HOLD', 'HOLD', 'HOLD', 'HOLD', 'HOLD', 'HOLD', 'HOLD', 'HOLD', 'HOLD', 'HOLD', 'HOLD', 'HOLD', 'HOLD', 'HOLD', 'HOLD', 'HOLD', 'HOLD', 'HOLD', 'HOLD', 'HOLD', 'HOLD', 'HOLD', 'HOLD', 'HOLD', 'HOLD', 'HOLD', 'HOLD', 'HOLD', 'HOLD', 'HOLD', 'HOLD', 'HOLD', 'HOLD', 'HOLD', 'HOLD', 'HOLD', 'HOLD', 'HOLD', 'HOLD', 'HOLD', 'HOLD', 'HOLD', 'HOLD', 'HOLD', 'HOLD', 'HOLD', 'HOLD', 'ABORT', 'ABORT', 'ABORT', 'ABORT', 'ABORT', 'ABORT', 'ABORT', 'ABORT', 'ABORT', 'ABORT', 'ABORT', 'ABORT', 'ABORT', 'ABORT', 'ABORT', 'ABORT']"
occluded_intersection,clear,14,0.6,0.0,0.0,0.0,0.0,0,0,"['CRUISE', 'CRUISE', 'CRUISE', 'CRUISE', 'CRUISE', 'CRUISE', 'CRUISE', 'CRUISE', 'CRUISE', 'PROBE', 'PROBE', 'PROBE', 'PROBE', 'PROBE', 'PROBE', 'PROBE', 'PROBE', 'PROBE', 'PROBE', 'PROBE', 'PROBE', 'PROBE', 'PROBE', 'PROBE', 'PROBE', 'PROBE', 'PROBE', 'PROBE', 'PROBE', 'PROBE', 'PROBE', 'PROBE', 'PROBE', 'PROBE', 'PROBE', 'PROBE', 'PROBE', 'PROBE', 'PROBE', 'PROBE', 'PROBE', 'PROBE', 'PROBE', 'PROBE', 'PROBE', 'PROBE', 'PROBE', 'PROBE', 'PROBE', 'PROBE', 'PROBE', 'PROBE', 'PROBE', 'PROBE', 'PROBE', 'PROBE', 'PROBE', 'PROBE', 'HOLD', 'HOLD', 'HOLD', 'HOLD', 'HOLD', 'HOLD', 'HOLD', 'HOLD', 'HOLD', 'HOLD', 'PROBE', 'PROBE', 'PROBE', 'PROBE', 'PROBE', 'PROBE', 'PROBE', 'PROBE', 'PROBE', 'PROBE', 'PROBE', 'PROBE', 'PROBE', 'PROBE', 'PROBE', 'PROBE', 'PROBE', 'PROBE', 'PROBE', 'PROBE', 'PROBE', 'PROBE', 'PROBE', 'PROBE', 'PROBE', 'PROBE', 'PROBE', 'PROBE', 'PROBE', 'PROBE', 'PROBE', 'PROBE', 'PROBE', 'PROBE', 'PROBE', 'PROBE', 'PROBE', 'PROBE', 'PROBE', 'PROBE', 'PROBE', 'PROBE', 'PROBE', 'PROBE', 'PROBE', 'PROBE', 'PROBE', 'PROBE', 'PROBE', 'HOLD', 'HOLD', 'HOLD', 'HOLD', 'HOLD', 'HOLD', 'HOLD', 'HOLD', 'HOLD', 'HOLD', 'HOLD', 'HOLD']"
occluded_intersection,clear,15,0.2034,-0.0,0.0,0.6421,0.5,0,0,"['CRUISE', 'CRUISE', 'CRUISE', 'CRUISE', 'CRUISE', 'CRUISE', 'CRUISE', 'CRUISE', 'PROBE', 'PROBE', 'PROBE', 'PROBE', 'PROBE', 'PROBE', 'PROBE', 'HOLD', 'HOLD', 'HOLD', 'HOLD', 'HOLD', 'HOLD', 'HOLD', 'HOLD', 'HOLD', 'HOLD', 'HOLD', 'HOLD', 'HOLD', 'HOLD', 'HOLD', 'HOLD', 'HOLD', 'HOLD', 'HOLD', 'HOLD', 'HOLD', 'HOLD', 'HOLD', 'HOLD', 'HOLD', 'HOLD', 'HOLD', 'HOLD', 'HOLD', 'HOLD', 'HOLD', 'HOLD', 'HOLD', 'HOLD', 'HOLD', 'HOLD', 'HOLD', 'HOLD', 'HOLD', 'HOLD', 'HOLD', 'HOLD', 'HOLD', 'HOLD', 'HOLD', 'HOLD', 'HOLD', 'HOLD', 'HOLD', 'HOLD', 'HOLD', 'HOLD', 'HOLD', 'HOLD', 'HOLD', 'HOLD', 'HOLD', 'HOLD', 'HOLD', 'HOLD', 'HOLD', 'HOLD', 'HOLD', 'HOLD', 'HOLD', 'HOLD', 'HOLD', 'HOLD', 'HOLD', 'HOLD', 'HOLD', 'HOLD', 'HOLD', 'HOLD', 'HOLD', 'HOLD', 'HOLD', 'HOLD', 'HOLD', 'HOLD', 'HOLD', 'HOLD', 'HOLD', 'HOLD', 'HOLD', 'HOLD', 'HOLD', 'HOLD', 'HOLD', 'HOLD', 'HOLD', 'HOLD', 'HOLD', 'HOLD', 'HOLD', 'HOLD', 'HOLD', 'ABORT', 'ABORT', 'ABORT', 'ABORT', 'ABORT', 'ABORT', 'ABORT', 'ABORT', 'ABORT', 'ABORT', 'ABORT', 'ABORT', 'ABORT', 'ABORT', 'ABORT', 'ABORT', 'ABORT']"
occluded_intersection,clear,16,0.2034,-0.0,0.0,0.6418,0.5,0,0,"['CRUISE', 'CRUISE', 'CRUISE', 'CRUISE', 'CRUISE', 'CRUISE', 'CRUISE', 'CRUISE', 'CRUISE', 'PROBE', 'PROBE', 'PROBE', 'PROBE', 'PROBE', 'PROBE', 'PROBE', 'HOLD', 'HOLD', 'HOLD', 'HOLD', 'HOLD', 'HOLD', 'HOLD', 'HOLD', 'HOLD', 'HOLD', 'HOLD', 'HOLD', 'HOLD', 'HOLD', 'HOLD', 'HOLD', 'HOLD', 'HOLD', 'HOLD', 'HOLD', 'HOLD', 'HOLD', 'HOLD', 'HOLD', 'HOLD', 'HOLD', 'HOLD', 'HOLD', 'HOLD', 'HOLD', 'HOLD', 'HOLD', 'HOLD', 'HOLD', 'HOLD', 'HOLD', 'HOLD', 'HOLD', 'HOLD', 'HOLD', 'HOLD', 'HOLD', 'HOLD', 'HOLD', 'HOLD', 'HOLD', 'HOLD', 'HOLD', 'HOLD', 'HOLD', 'HOLD', 'HOLD', 'HOLD', 'HOLD', 'HOLD', 'HOLD', 'HOLD', 'HOLD', 'HOLD', 'HOLD', 'HOLD', 'HOLD', 'HOLD', 'HOLD', 'HOLD', 'HOLD', 'HOLD', 'HOLD', 'HOLD', 'HOLD', 'HOLD', 'HOLD', 'HOLD', 'HOLD', 'HOLD', 'HOLD', 'HOLD', 'HOLD', 'HOLD', 'HOLD', 'HOLD', 'HOLD', 'HOLD', 'HOLD', 'HOLD', 'HOLD', 'HOLD', 'HOLD', 'HOLD', 'HOLD', 'HOLD', 'HOLD', 'HOLD', 'HOLD', 'HOLD', 'HOLD', 'HOLD', 'ABORT', 'ABORT', 'ABORT', 'ABORT', 'ABORT', 'ABORT', 'ABORT', 'ABORT', 'ABORT', 'ABORT', 'ABORT', 'ABORT', 'ABORT', 'ABORT', 'ABORT', 'ABORT']"
occluded_intersection,clear,17,0.6,0.0,0.0,0.0,0.0,0,0,"['CRUISE', 'CRUISE', 'CRUISE', 'CRUISE', 'CRUISE', 'CRUISE', 'CRUISE', 'CRUISE', 'CRUISE', 'PROBE', 'PROBE', 'PROBE', 'PROBE', 'PROBE', 'PROBE', 'PROBE', 'PROBE', 'PROBE', 'PROBE', 'PROBE', 'PROBE', 'PROBE', 'PROBE', 'PROBE', 'PROBE', 'PROBE', 'PROBE', 'PROBE', 'PROBE', 'PROBE', 'PROBE', 'PROBE', 'PROBE', 'PROBE', 'PROBE', 'PROBE', 'PROBE', 'PROBE', 'PROBE', 'PROBE', 'PROBE', 'PROBE', 'PROBE', 'PROBE', 'PROBE', 'PROBE', 'PROBE', 'PROBE', 'PROBE', 'PROBE', 'PROBE', 'PROBE', 'PROBE', 'PROBE', 'PROBE', 'PROBE', 'PROBE', 'PROBE', 'HOLD', 'HOLD', 'HOLD', 'HOLD', 'HOLD', 'HOLD', 'HOLD', 'HOLD', 'HOLD', 'HOLD', 'PROBE', 'PROBE', 'PROBE', 'PROBE', 'PROBE', 'PROBE', 'PROBE', 'PROBE', 'PROBE', 'PROBE', 'PROBE', 'PROBE', 'PROBE', 'PROBE', 'PROBE', 'PROBE', 'PROBE', 'PROBE', 'PROBE', 'PROBE', 'PROBE', 'PROBE', 'PROBE', 'PROBE', 'PROBE', 'PROBE', 'PROBE', 'PROBE', 'PROBE', 'PROBE', 'PROBE', 'PROBE', 'PROBE', 'PROBE', 'PROBE', 'PROBE', 'PROBE', 'PROBE', 'PROBE', 'PROBE', 'PROBE', 'PROBE', 'PROBE', 'PROBE', 'PROBE', 'PROBE', 'PROBE', 'PROBE', 'HOLD', 'HOLD', 'HOLD', 'HOLD', 'HOLD', 'HOLD', 'HOLD', 'HOLD', 'HOLD', 'PROBE', 'PROBE', 'PROBE', 'PROBE']"
occluded_intersection,clear,18,0.6,0.0,0.0,0.0,0.0,0,0,"['CRUISE', 'CRUISE', 'CRUISE', 'CRUISE', 'CRUISE', 'CRUISE', 'CRUISE', 'CRUISE', 'CRUISE', 'PROBE', 'PROBE', 'PROBE', 'PROBE', 'PROBE', 'PROBE', 'PROBE', 'PROBE', 'PROBE', 'PROBE', 'PROBE', 'PROBE', 'PROBE', 'PROBE', 'PROBE', 'PROBE', 'PROBE', 'PROBE', 'PROBE', 'PROBE', 'PROBE', 'PROBE', 'PROBE', 'PROBE', 'PROBE', 'PROBE', 'PROBE', 'PROBE', 'PROBE', 'PROBE', 'PROBE', 'PROBE', 'PROBE', 'PROBE', 'PROBE', 'PROBE', 'PROBE', 'PROBE', 'PROBE', 'PROBE', 'PROBE', 'PROBE', 'PROBE', 'PROBE', 'PROBE', 'PROBE', 'PROBE', 'PROBE', 'PROBE', 'HOLD', 'HOLD', 'HOLD', 'HOLD', 'HOLD', 'HOLD', 'HOLD', 'HOLD', 'HOLD', 'HOLD', 'PROBE', 'PROBE', 'PROBE', 'PROBE', 'PROBE', 'PROBE', 'PROBE', 'PROBE', 'PROBE', 'PROBE', 'PROBE', 'PROBE', 'PROBE', 'PROBE', 'PROBE', 'PROBE', 'PROBE', 'PROBE', 'PROBE', 'PROBE', 'PROBE', 'PROBE', 'PROBE', 'PROBE', 'PROBE', 'PROBE', 'PROBE', 'PROBE', 'PROBE', 'PROBE', 'PROBE', 'PROBE', 'PROBE', 'PROBE', 'PROBE', 'PROBE', 'PROBE', 'PROBE', 'PROBE', 'PROBE', 'PROBE', 'PROBE', 'PROBE', 'PROBE', 'PROBE', 'PROBE', 'PROBE', 'PROBE', 'PROBE', 'HOLD', 'HOLD', 'HOLD', 'HOLD', 'HOLD', 'HOLD', 'HOLD', 'HOLD', 'HOLD', 'HOLD', 'HOLD', 'PROBE']"
occluded_intersection,clear,19,0.6,0.0,0.0,0.0,0.0,0,0,"['CRUISE', 'CRUISE', 'CRUISE', 'CRUISE', 'CRUISE', 'CRUISE', 'CRUISE', 'CRUISE', 'CRUISE', 'PROBE', 'PROBE', 'PROBE', 'PROBE', 'PROBE', 'PROBE', 'PROBE', 'PROBE', 'PROBE', 'PROBE', 'PROBE', 'PROBE', 'PROBE', 'PROBE', 'PROBE', 'PROBE', 'PROBE', 'PROBE', 'PROBE', 'PROBE', 'PROBE', 'PROBE', 'PROBE', 'PROBE', 'PROBE', 'PROBE', 'PROBE', 'PROBE', 'PROBE', 'PROBE', 'PROBE', 'PROBE', 'PROBE', 'PROBE', 'PROBE', 'PROBE', 'PROBE', 'PROBE', 'PROBE', 'PROBE', 'PROBE', 'PROBE', 'PROBE', 'PROBE', 'PROBE', 'PROBE', 'PROBE', 'PROBE', 'PROBE', 'HOLD', 'HOLD', 'HOLD', 'HOLD', 'HOLD', 'HOLD', 'HOLD', 'HOLD', 'HOLD', 'HOLD', 'HOLD', 'HOLD', 'PROBE', 'PROBE', 'PROBE', 'PROBE', 'PROBE', 'PROBE', 'PROBE', 'PROBE', 'PROBE', 'PROBE', 'PROBE', 'PROBE', 'PROBE', 'PROBE', 'PROBE', 'PROBE', 'PROBE', 'PROBE', 'PROBE', 'PROBE', 'PROBE', 'PROBE', 'PROBE', 'PROBE', 'PROBE', 'PROBE', 'PROBE', 'PROBE', 'PROBE', 'PROBE', 'PROBE', 'PROBE', 'PROBE', 'PROBE', 'PROBE', 'PROBE', 'PROBE', 'PROBE', 'PROBE', 'PROBE', 'PROBE', 'PROBE', 'PROBE', 'PROBE', 'PROBE', 'PROBE', 'PROBE', 'PROBE', 'PROBE', 'HOLD', 'HOLD', 'HOLD', 'HOLD', 'HOLD', 'HOLD', 'HOLD', 'HOLD', 'PROBE', 'PROBE']"
occluded_intersection,rain,0,0.2033,-0.0,0.0,0.6417,0.5,0,0,"['CRUISE', 'CRUISE', 'CRUISE', 'CRUISE', 'CRUISE', 'CRUISE', 'CRUISE', 'CRUISE', 'CRUISE', 'PROBE', 'PROBE', 'PROBE', 'PROBE', 'PROBE', 'PROBE', 'PROBE', 'PROBE', 'HOLD', 'HOLD', 'HOLD', 'HOLD', 'HOLD', 'HOLD', 'HOLD', 'HOLD', 'HOLD', 'HOLD', 'HOLD', 'HOLD', 'HOLD', 'HOLD', 'HOLD', 'HOLD', 'HOLD', 'HOLD', 'HOLD', 'HOLD', 'HOLD', 'HOLD', 'HOLD', 'HOLD', 'HOLD', 'HOLD', 'HOLD', 'HOLD', 'HOLD', 'HOLD', 'HOLD', 'HOLD', 'HOLD', 'HOLD', 'HOLD', 'HOLD', 'HOLD', 'HOLD', 'HOLD', 'HOLD', 'HOLD', 'HOLD', 'HOLD', 'HOLD', 'HOLD', 'HOLD', 'HOLD', 'HOLD', 'HOLD', 'HOLD', 'HOLD', 'HOLD', 'HOLD', 'HOLD', 'HOLD', 'HOLD', 'HOLD', 'HOLD', 'HOLD', 'HOLD', 'HOLD', 'HOLD', 'HOLD', 'HOLD', 'HOLD', 'HOLD', 'HOLD', 'HOLD', 'HOLD', 'HOLD', 'HOLD', 'HOLD', 'HOLD', 'HOLD', 'HOLD', 'HOLD', 'HOLD', 'HOLD', 'HOLD', 'HOLD', 'HOLD', 'HOLD', 'HOLD', 'HOLD', 'HOLD', 'HOLD', 'HOLD', 'HOLD', 'HOLD', 'HOLD', 'HOLD', 'HOLD', 'HOLD', 'HOLD', 'HOLD', 'HOLD', 'HOLD', 'ABORT', 'ABORT', 'ABORT', 'ABORT', 'ABORT', 'ABORT', 'ABORT', 'ABORT', 'ABORT', 'ABORT', 'ABORT', 'ABORT', 'ABORT', 'ABORT', 'ABORT']"
occluded_intersection,rain,1,0.6,0.0,0.0,0.0,0.0,0,0,"['CRUISE', 'CRUISE', 'CRUISE', 'CRUISE', 'CRUISE', 'CRUISE', 'CRUISE', 'CRUISE', 'CRUISE', 'PROBE', 'PROBE', 'PROBE', 'PROBE', 'PROBE', 'PROBE', 'PROBE', 'PROBE', 'PROBE', 'PROBE', 'PROBE', 'PROBE', 'PROBE', 'PROBE', 'PROBE', 'PROBE', 'PROBE', 'PROBE', 'PROBE', 'PROBE', 'PROBE', 'PROBE', 'PROBE', 'PROBE', 'PROBE', 'PROBE', 'PROBE', 'PROBE', 'PROBE', 'PROBE', 'PROBE', 'PROBE', 'PROBE', 'PROBE', 'PROBE', 'PROBE', 'PROBE', 'PROBE', 'PROBE', 'PROBE', 'PROBE', 'PROBE', 'PROBE', 'PROBE', 'PROBE', 'PROBE', 'PROBE', 'PROBE', 'PROBE', 'HOLD', 'HOLD', 'HOLD', 'HOLD', 'HOLD', 'HOLD', 'HOLD', 'HOLD', 'HOLD', 'HOLD', 'HOLD', 'PROBE', 'PROBE', 'PROBE', 'PROBE', 'PROBE', 'PROBE', 'PROBE', 'PROBE', 'PROBE', 'PROBE', 'PROBE', 'PROBE', 'PROBE', 'PROBE', 'PROBE', 'PROBE', 'PROBE', 'PROBE', 'PROBE', 'PROBE', 'PROBE', 'PROBE', 'PROBE', 'PROBE', 'PROBE', 'PROBE', 'PROBE', 'PROBE', 'PROBE', 'PROBE', 'PROBE', 'PROBE', 'PROBE', 'PROBE', 'PROBE', 'PROBE', 'PROBE', 'PROBE', 'PROBE', 'PROBE', 'PROBE', 'PROBE', 'PROBE', 'PROBE', 'PROBE', 'PROBE', 'PROBE', 'PROBE', 'PROBE', 'HOLD', 'HOLD', 'HOLD', 'HOLD', 'HOLD', 'HOLD', 'HOLD', 'HOLD', 'HOLD', 'HOLD', 'HOLD']"
occluded_intersection,rain,2,0.2034,-0.0,0.0,0.642,0.5,0,0,"['CRUISE', 'CRUISE', 'CRUISE', 'CRUISE', 'CRUISE', 'CRUISE', 'CRUISE', 'CRUISE', 'PROBE', 'PROBE', 'PROBE', 'PROBE', 'PROBE', 'PROBE', 'PROBE', 'HOLD', 'HOLD', 'HOLD', 'HOLD', 'HOLD', 'HOLD', 'HOLD', 'HOLD', 'HOLD', 'HOLD', 'HOLD', 'HOLD', 'HOLD', 'HOLD', 'HOLD', 'HOLD', 'HOLD', 'HOLD', 'HOLD', 'HOLD', 'HOLD', 'HOLD', 'HOLD', 'HOLD', 'HOLD', 'HOLD', 'HOLD', 'HOLD', 'HOLD', 'HOLD', 'HOLD', 'HOLD', 'HOLD', 'HOLD', 'HOLD', 'HOLD', 'HOLD', 'HOLD', 'HOLD', 'HOLD', 'HOLD', 'HOLD', 'HOLD', 'HOLD', 'HOLD', 'HOLD', 'HOLD', 'HOLD', 'HOLD', 'HOLD', 'HOLD', 'HOLD', 'HOLD', 'HOLD', 'HOLD', 'HOLD', 'HOLD', 'HOLD', 'HOLD', 'HOLD', 'HOLD', 'HOLD', 'HOLD', 'HOLD', 'HOLD', 'HOLD', 'HOLD', 'HOLD', 'HOLD', 'HOLD', 'HOLD', 'HOLD', 'HOLD', 'HOLD', 'HOLD', 'HOLD', 'HOLD', 'HOLD', 'HOLD', 'HOLD', 'HOLD', 'HOLD', 'HOLD', 'HOLD', 'HOLD', 'HOLD', 'HOLD', 'HOLD', 'HOLD', 'HOLD', 'HOLD', 'HOLD', 'HOLD', 'HOLD', 'HOLD', 'HOLD', 'HOLD', 'ABORT', 'ABORT', 'ABORT', 'ABORT', 'ABORT', 'ABORT', 'ABORT', 'ABORT', 'ABORT', 'ABORT', 'ABORT', 'ABORT', 'ABORT', 'ABORT', 'ABORT', 'ABORT', 'ABORT']"
occluded_intersection,rain,3,0.6,0.0,0.0,0.0,0.0,0,0,"['CRUISE', 'CRUISE', 'CRUISE', 'CRUISE', 'CRUISE', 'CRUISE', 'CRUISE', 'CRUISE', 'CRUISE', 'PROBE', 'PROBE', 'PROBE', 'PROBE', 'PROBE', 'PROBE', 'PROBE', 'PROBE', 'PROBE', 'PROBE', 'PROBE', 'PROBE', 'PROBE', 'PROBE', 'PROBE', 'PROBE', 'PROBE', 'HOLD', 'HOLD', 'HOLD', 'HOLD', 'HOLD', 'HOLD', 'HOLD', 'HOLD', 'HOLD', 'HOLD', 'HOLD', 'HOLD', 'HOLD', 'HOLD', 'HOLD', 'HOLD', 'HOLD', 'HOLD', 'HOLD', 'HOLD', 'HOLD', 'HOLD', 'HOLD', 'HOLD', 'HOLD', 'HOLD', 'HOLD', 'PROBE', 'PROBE', 'PROBE', 'PROBE', 'PROBE', 'PROBE', 'PROBE', 'PROBE', 'PROBE', 'HOLD', 'HOLD', 'HOLD', 'HOLD', 'HOLD', 'HOLD', 'HOLD', 'HOLD', 'HOLD', 'HOLD', 'HOLD', 'HOLD', 'HOLD', 'HOLD', 'HOLD', 'HOLD', 'PROBE', 'PROBE', 'PROBE', 'PROBE', 'PROBE', 'PROBE', 'PROBE', 'PROBE', 'PROBE', 'PROBE', 'PROBE', 'PROBE', 'PROBE', 'PROBE', 'PROBE', 'PROBE', 'PROBE', 'PROBE', 'PROBE', 'PROBE', 'PROBE', 'PROBE', 'PROBE', 'PROBE', 'PROBE', 'PROBE', 'PROBE', 'PROBE', 'PROBE', 'PROBE', 'PROBE', 'PROBE', 'HOLD', 'HOLD', 'HOLD', 'HOLD', 'HOLD', 'HOLD', 'HOLD', 'HOLD', 'HOLD', 'HOLD', 'HOLD', 'HOLD', 'HOLD', 'HOLD', 'HOLD', 'HOLD', 'HOLD', 'HOLD', 'HOLD']"
occluded_intersection,rain,4,0.6,0.0,0.0,0.0,0.0,0,0,"['CRUISE', 'CRUISE', 'CRUISE', 'CRUISE', 'CRUISE', 'CRUISE', 'CRUISE', 'CRUISE', 'CRUISE', 'PROBE', 'PROBE', 'PROBE', 'PROBE', 'PROBE', 'PROBE', 'PROBE', 'PROBE', 'PROBE', 'PROBE', 'PROBE', 'PROBE', 'PROBE', 'PROBE', 'PROBE', 'PROBE', 'PROBE', 'PROBE', 'PROBE', 'PROBE', 'PROBE', 'PROBE', 'PROBE', 'PROBE', 'PROBE', 'PROBE', 'PROBE', 'PROBE', 'PROBE', 'PROBE', 'PROBE', 'PROBE', 'PROBE', 'PROBE', 'PROBE', 'PROBE', 'PROBE', 'PROBE', 'PROBE', 'PROBE', 'PROBE', 'PROBE', 'PROBE', 'PROBE', 'PROBE', 'PROBE', 'PROBE', 'PROBE', 'PROBE', 'HOLD', 'HOLD', 'HOLD', 'HOLD', 'HOLD', 'HOLD', 'HOLD', 'HOLD', 'HOLD', 'HOLD', 'PROBE', 'PROBE', 'PROBE', 'PROBE', 'PROBE', 'PROBE', 'PROBE', 'PROBE', 'PROBE', 'PROBE', 'PROBE', 'PROBE', 'PROBE', 'PROBE', 'PROBE', 'PROBE', 'PROBE', 'PROBE', 'PROBE', 'PROBE', 'PROBE', 'PROBE', 'PROBE', 'PROBE', 'PROBE', 'PROBE', 'PROBE', 'PROBE', 'PROBE', 'PROBE', 'PROBE', 'PROBE', 'PROBE', 'PROBE', 'PROBE', 'PROBE', 'PROBE', 'PROBE', 'PROBE', 'PROBE', 'PROBE', 'PROBE', 'PROBE', 'PROBE', 'PROBE', 'PROBE', 'PROBE', 'PROBE', 'PROBE', 'HOLD', 'HOLD', 'HOLD', 'HOLD', 'HOLD', 'HOLD', 'HOLD', 'HOLD', 'HOLD', 'PROBE', 'PROBE', 'PROBE']"
occluded_intersection,rain,5,0.6,0.0,0.0,0.0,0.0,0,0,"['CRUISE', 'CRUISE', 'CRUISE', 'CRUISE', 'CRUISE', 'CRUISE', 'CRUISE', 'CRUISE', 'CRUISE', 'PROBE', 'PROBE', 'PROBE', 'PROBE', 'PROBE', 'PROBE', 'PROBE', 'PROBE', 'PROBE', 'PROBE', 'PROBE', 'PROBE', 'PROBE', 'PROBE', 'PROBE', 'PROBE', 'PROBE', 'PROBE', 'PROBE', 'PROBE', 'PROBE', 'PROBE', 'PROBE', 'PROBE', 'HOLD', 'HOLD', 'HOLD', 'HOLD', 'HOLD', 'HOLD', 'HOLD', 'HOLD', 'HOLD', 'HOLD', 'HOLD', 'HOLD', 'HOLD', 'HOLD', 'PROBE', 'PROBE', 'PROBE', 'PROBE', 'PROBE', 'PROBE', 'PROBE', 'PROBE', 'PROBE', 'PROBE', 'PROBE', 'PROBE', 'PROBE', 'PROBE', 'PROBE', 'PROBE', 'PROBE', 'PROBE', 'PROBE', 'PROBE', 'PROBE', 'PROBE', 'PROBE', 'PROBE', 'PROBE', 'PROBE', 'PROBE', 'PROBE', 'PROBE', 'PROBE', 'PROBE', 'PROBE', 'PROBE', 'PROBE', 'PROBE', 'PROBE', 'PROBE', 'PROBE', 'PROBE', 'PROBE', 'PROBE', 'PROBE', 'PROBE', 'PROBE', 'PROBE', 'PROBE', 'PROBE', 'PROBE', 'PROBE', 'HOLD', 'HOLD', 'HOLD', 'HOLD', 'HOLD', 'HOLD', 'HOLD', 'HOLD', 'HOLD', 'HOLD', 'HOLD', 'HOLD', 'HOLD', 'PROBE', 'PROBE', 'PROBE', 'PROBE', 'PROBE', 'PROBE', 'PROBE', 'PROBE', 'PROBE', 'PROBE', 'PROBE', 'PROBE', 'PROBE', 'PROBE', 'PROBE', 'PROBE', 'PROBE', 'PROBE', 'PROBE', 'PROBE']"
occluded_intersection,rain,6,0.6,0.0,0.0,0.0,0.0,0,0,"['CRUISE', 'CRUISE', 'CRUISE', 'CRUISE', 'CRUISE', 'CRUISE', 'CRUISE', 'CRUISE', 'CRUISE', 'PROBE', 'PROBE', 'PROBE', 'PROBE', 'PROBE', 'PROBE', 'PROBE', 'PROBE', 'PROBE', 'PROBE', 'PROBE', 'PROBE', 'PROBE', 'PROBE', 'PROBE', 'PROBE', 'PROBE', 'PROBE', 'PROBE', 'PROBE', 'PROBE', 'PROBE', 'PROBE', 'PROBE', 'PROBE', 'PROBE', 'PROBE', 'PROBE', 'PROBE', 'PROBE', 'PROBE', 'PROBE', 'PROBE', 'PROBE', 'PROBE', 'PROBE', 'PROBE', 'PROBE', 'PROBE', 'PROBE', 'PROBE', 'PROBE', 'PROBE', 'PROBE', 'PROBE', 'PROBE', 'PROBE', 'PROBE', 'PROBE', 'HOLD', 'HOLD', 'HOLD', 'HOLD', 'HOLD', 'HOLD', 'HOLD', 'HOLD', 'HOLD', 'HOLD', 'HOLD', 'HOLD', 'PROBE', 'PROBE', 'PROBE', 'PROBE', 'PROBE', 'PROBE', 'PROBE', 'PROBE', 'PROBE', 'PROBE', 'PROBE', 'PROBE', 'PROBE', 'PROBE', 'PROBE', 'PROBE', 'PROBE', 'PROBE', 'PROBE', 'PROBE', 'PROBE', 'PROBE', 'PROBE', 'PROBE', 'PROBE', 'PROBE', 'PROBE', 'PROBE', 'PROBE', 'PROBE', 'PROBE', 'PROBE', 'PROBE', 'PROBE', 'PROBE', 'PROBE', 'PROBE', 'PROBE', 'PROBE', 'PROBE', 'PROBE', 'PROBE', 'PROBE', 'PROBE', 'PROBE', 'PROBE', 'PROBE', 'PROBE', 'PROBE', 'HOLD', 'HOLD', 'HOLD', 'HOLD', 'HOLD', 'HOLD', 'HOLD', 'HOLD', 'HOLD', 'PROBE']"
occluded_intersection,rain,7,0.2034,-0.0,0.0,0.6421,0.5,0,0,"['CRUISE', 'CRUISE', 'CRUISE', 'CRUISE', 'CRUISE', 'CRUISE', 'CRUISE', 'CRUISE', 'CRUISE', 'PROBE', 'PROBE', 'PROBE', 'PROBE', 'PROBE', 'PROBE', 'PROBE', 'HOLD', 'HOLD', 'HOLD', 'HOLD', 'HOLD', 'HOLD', 'HOLD', 'HOLD', 'HOLD', 'HOLD', 'HOLD', 'HOLD', 'HOLD', 'HOLD', 'HOLD', 'HOLD', 'HOLD', 'HOLD', 'HOLD', 'HOLD', 'HOLD', 'HOLD', 'HOLD', 'HOLD', 'HOLD', 'HOLD', 'HOLD', 'HOLD', 'HOLD', 'HOLD', 'HOLD', 'HOLD', 'HOLD', 'HOLD', 'HOLD', 'HOLD', 'HOLD', 'HOLD', 'HOLD', 'HOLD', 'HOLD', 'HOLD', 'HOLD', 'HOLD', 'HOLD', 'HOLD', 'HOLD', 'HOLD', 'HOLD', 'HOLD', 'HOLD', 'HOLD', 'HOLD', 'HOLD', 'HOLD', 'HOLD', 'HOLD', 'HOLD', 'HOLD', 'HOLD', 'HOLD', 'HOLD', 'HOLD', 'HOLD', 'HOLD', 'HOLD', 'HOLD', 'HOLD', 'HOLD', 'HOLD', 'HOLD', 'HOLD', 'HOLD', 'HOLD', 'HOLD', 'HOLD', 'HOLD', 'HOLD', 'HOLD', 'HOLD', 'HOLD', 'HOLD', 'HOLD', 'HOLD', 'HOLD', 'HOLD', 'HOLD', 'HOLD', 'HOLD', 'HOLD', 'HOLD', 'HOLD', 'HOLD', 'HOLD', 'HOLD', 'HOLD', 'HOLD', 'ABORT', 'ABORT', 'ABORT', 'ABORT', 'ABORT', 'ABORT', 'ABORT', 'ABORT', 'ABORT', 'ABORT', 'ABORT', 'ABORT', 'ABORT', 'ABORT', 'ABORT', 'ABORT']"
occluded_intersection,rain,8,0.2034,-0.0,0.0,0.6419,0.5,0,0,"['CRUISE', 'CRUISE', 'CRUISE', 'CRUISE', 'CRUISE', 'CRUISE', 'CRUISE', 'CRUISE', 'CRUISE', 'PROBE', 'PROBE', 'PROBE', 'PROBE', 'PROBE', 'PROBE', 'PROBE', 'HOLD', 'HOLD', 'HOLD', 'HOLD', 'HOLD', 'HOLD', 'HOLD', 'HOLD', 'HOLD', 'HOLD', 'HOLD', 'HOLD', 'HOLD', 'HOLD', 'HOLD', 'HOLD', 'HOLD', 'HOLD', 'HOLD', 'HOLD', 'HOLD', 'HOLD', 'HOLD', 'HOLD', 'HOLD', 'HOLD', 'HOLD', 'HOLD', 'HOLD', 'HOLD', 'HOLD', 'HOLD', 'HOLD', 'HOLD', 'HOLD', 'HOLD', 'HOLD', 'HOLD', 'HOLD', 'HOLD', 'HOLD', 'HOLD', 'HOLD', 'HOLD', 'HOLD', 'HOLD', 'HOLD', 'HOLD', 'HOLD', 'HOLD', 'HOLD', 'HOLD', 'HOLD', 'HOLD', 'HOLD', 'HOLD', 'HOLD', 'HOLD', 'HOLD', 'HOLD', 'HOLD', 'HOLD', 'HOLD', 'HOLD', 'HOLD', 'HOLD', 'HOLD', 'HOLD', 'HOLD', 'HOLD', 'HOLD', 'HOLD', 'HOLD', 'HOLD', 'HOLD', 'HOLD', 'HOLD', 'HOLD', 'HOLD', 'HOLD', 'HOLD', 'HOLD', 'HOLD', 'HOLD', 'HOLD', 'HOLD', 'HOLD', 'HOLD', 'HOLD', 'HOLD', 'HOLD', 'HOLD', 'HOLD', 'HOLD', 'HOLD', 'HOLD', 'HOLD', 'ABORT', 'ABORT', 'ABORT', 'ABORT', 'ABORT', 'ABORT', 'ABORT', 'ABORT', 'ABORT', 'ABORT', 'ABORT', 'ABORT', 'ABORT', 'ABORT', 'ABORT', 'ABORT']"
occluded_intersection,rain,9,0.6,0.0,0.0,0.0,0.0,0,0,"['CRUISE', 'CRUISE', 'CRUISE', 'CRUISE', 'CRUISE', 'CRUISE', 'CRUISE', 'CRUISE', 'CRUISE', 'PROBE', 'PROBE', 'PROBE', 'PROBE', 'PROBE', 'PROBE', 'PROBE', 'PROBE', 'PROBE', 'PROBE', 'PROBE', 'PROBE', 'PROBE', 'PROBE', 'PROBE', 'PROBE', 'PROBE', 'PROBE', 'PROBE', 'PROBE', 'PROBE', 'PROBE', 'PROBE', 'PROBE', 'PROBE', 'PROBE', 'PROBE', 'PROBE', 'PROBE', 'PROBE', 'PROBE', 'PROBE', 'PROBE', 'PROBE', 'PROBE', 'PROBE', 'PROBE', 'PROBE', 'PROBE', 'PROBE', 'PROBE', 'PROBE', 'PROBE', 'PROBE', 'PROBE', 'PROBE', 'PROBE', 'PROBE', 'PROBE', 'HOLD', 'HOLD', 'HOLD', 'HOLD', 'HOLD', 'HOLD', 'HOLD', 'HOLD', 'HOLD', 'HOLD', 'HOLD', 'HOLD', 'HOLD', 'HOLD', 'HOLD', 'HOLD', 'HOLD', 'HOLD', 'HOLD', 'HOLD', 'PROBE', 'PROBE', 'PROBE', 'PROBE', 'PROBE', 'PROBE', 'PROBE', 'PROBE', 'PROBE', 'PROBE', 'PROBE', 'PROBE', 'PROBE', 'PROBE', 'PROBE', 'PROBE', 'PROBE', 'PROBE', 'PROBE', 'PROBE', 'PROBE', 'PROBE', 'PROBE', 'PROBE', 'PROBE', 'PROBE', 'PROBE', 'PROBE', 'PROBE', 'PROBE', 'PROBE', 'PROBE', 'PROBE', 'PROBE', 'PROBE', 'PROBE', 'PROBE', 'PROBE', 'PROBE', 'PROBE', 'PROBE', 'PROBE', 'PROBE', 'PROBE', 'PROBE', 'PROBE', 'PROBE', 'PROBE', 'PROBE', 'HOLD', 'HOLD']"
occluded_intersection,rain,10,0.6,0.0,0.0,0.0,0.0,0,0,"['CRUISE', 'CRUISE', 'CRUISE', 'CRUISE', 'CRUISE', 'CRUISE', 'CRUISE', 'CRUISE', 'CRUISE', 'PROBE', 'PROBE', 'PROBE', 'PROBE', 'PROBE', 'PROBE', 'PROBE', 'PROBE', 'PROBE', 'PROBE', 'PROBE', 'PROBE', 'PROBE', 'PROBE', 'PROBE', 'PROBE', 'PROBE', 'PROBE', 'PROBE', 'PROBE', 'PROBE', 'PROBE', 'PROBE', 'PROBE', 'PROBE', 'PROBE', 'PROBE', 'PROBE', 'PROBE', 'PROBE', 'PROBE', 'PROBE', 'PROBE', 'PROBE', 'PROBE', 'PROBE', 'PROBE', 'PROBE', 'PROBE', 'PROBE', 'PROBE', 'PROBE', 'PROBE', 'PROBE', 'PROBE', 'PROBE', 'PROBE', 'PROBE', 'PROBE', 'HOLD', 'HOLD', 'HOLD', 'HOLD', 'HOLD', 'HOLD', 'HOLD', 'HOLD', 'HOLD', 'PROBE', 'PROBE', 'PROBE', 'PROBE', 'PROBE', 'PROBE', 'PROBE', 'PROBE', 'PROBE', 'PROBE', 'PROBE', 'PROBE', 'PROBE', 'PROBE', 'PROBE', 'PROBE', 'PROBE', 'PROBE', 'PROBE', 'PROBE', 'PROBE', 'PROBE', 'PROBE', 'PROBE', 'PROBE', 'PROBE', 'PROBE', 'PROBE', 'PROBE', 'PROBE', 'PROBE', 'PROBE', 'PROBE', 'PROBE', 'PROBE', 'PROBE', 'PROBE', 'PROBE', 'PROBE', 'PROBE', 'PROBE', 'PROBE', 'PROBE', 'PROBE', 'PROBE', 'PROBE', 'PROBE', 'PROBE', 'HOLD', 'HOLD', 'HOLD', 'HOLD', 'HOLD', 'HOLD', 'HOLD', 'HOLD', 'HOLD', 'PROBE', 'PROBE', 'PROBE', 'PROBE', 'PROBE']"
occluded_intersection,rain,11,0.2033,-0.0,0.0,0.6416,0.5,0,0,"['CRUISE', 'CRUISE', 'CRUISE', 'CRUISE', 'CRUISE', 'CRUISE', 'CRUISE', 'CRUISE', 'CRUISE', 'PROBE', 'PROBE', 'PROBE', 'PROBE', 'PROBE', 'PROBE', 'PROBE', 'HOLD', 'HOLD', 'HOLD', 'HOLD', 'HOLD', 'HOLD', 'HOLD', 'HOLD', 'HOLD', 'HOLD', 'HOLD', 'HOLD', 'HOLD', 'HOLD', 'HOLD', 'HOLD', 'HOLD', 'HOLD', 'HOLD', 'HOLD', 'HOLD', 'HOLD', 'HOLD', 'HOLD', 'HOLD', 'HOLD', 'HOLD', 'HOLD', 'HOLD', 'HOLD', 'HOLD', 'HOLD', 'HOLD', 'HOLD', 'HOLD', 'HOLD', 'HOLD', 'HOLD', 'HOLD', 'HOLD', 'HOLD', 'HOLD', 'HOLD', 'HOLD', 'HOLD', 'HOLD', 'HOLD', 'HOLD', 'HOLD', 'HOLD', 'HOLD', 'HOLD', 'HOLD', 'HOLD', 'HOLD', 'HOLD', 'HOLD', 'HOLD', 'HOLD', 'HOLD', 'HOLD', 'HOLD', 'HOLD', 'HOLD', 'HOLD', 'HOLD', 'HOLD', 'HOLD', 'HOLD', 'HOLD', 'HOLD', 'HOLD', 'HOLD', 'HOLD', 'HOLD', 'HOLD', 'HOLD', 'HOLD', 'HOLD', 'HOLD', 'HOLD', 'HOLD', 'HOLD', 'HOLD', 'HOLD', 'HOLD', 'HOLD', 'HOLD', 'HOLD', 'HOLD', 'HOLD', 'HOLD', 'HOLD', 'HOLD', 'HOLD', 'HOLD', 'HOLD', 'ABORT', 'ABORT', 'ABORT', 'ABORT', 'ABORT', 'ABORT', 'ABORT', 'ABORT', 'ABORT', 'ABORT', 'ABORT', 'ABORT', 'ABORT', 'ABORT', 'ABORT', 'ABORT']"
occluded_intersection,rain,12,0.6,0.0,0.0,0.0,0.0,0,0,"['CRUISE', 'CRUISE', 'CRUISE', 'CRUISE', 'CRUISE', 'CRUISE', 'CRUISE', 'CRUISE', 'CRUISE', 'PROBE', 'PROBE', 'PROBE', 'PROBE', 'PROBE', 'PROBE', 'PROBE', 'PROBE', 'HOLD', 'HOLD', 'HOLD', 'HOLD', 'HOLD', 'HOLD', 'HOLD', 'HOLD', 'HOLD', 'HOLD', 'HOLD', 'HOLD', 'HOLD', 'HOLD', 'HOLD', 'HOLD', 'HOLD', 'HOLD', 'HOLD', 'HOLD', 'HOLD', 'HOLD', 'HOLD', 'HOLD', 'HOLD', 'HOLD', 'HOLD', 'HOLD', 'HOLD', 'HOLD', 'HOLD', 'HOLD', 'HOLD', 'HOLD', 'HOLD', 'HOLD', 'HOLD', 'HOLD', 'HOLD', 'HOLD', 'HOLD', 'HOLD', 'HOLD', 'HOLD', 'HOLD', 'HOLD', 'HOLD', 'HOLD', 'HOLD', 'HOLD', 'HOLD', 'HOLD', 'HOLD', 'HOLD', 'HOLD', 'HOLD', 'HOLD', 'HOLD', 'HOLD', 'HOLD', 'HOLD', 'HOLD', 'HOLD', 'HOLD', 'HOLD', 'HOLD', 'HOLD', 'HOLD', 'HOLD', 'HOLD', 'HOLD', 'HOLD', 'HOLD', 'HOLD', 'HOLD', 'HOLD', 'HOLD', 'HOLD', 'HOLD', 'HOLD', 'HOLD', 'HOLD', 'HOLD', 'HOLD', 'HOLD', 'HOLD', 'HOLD', 'PROBE', 'PROBE', 'PROBE', 'PROBE', 'PROBE', 'PROBE', 'PROBE', 'PROBE', 'HOLD', 'HOLD', 'HOLD', 'HOLD', 'HOLD', 'HOLD', 'HOLD', 'HOLD', 'HOLD', 'HOLD', 'HOLD', 'HOLD', 'HOLD', 'HOLD', 'HOLD', 'HOLD', 'HOLD']"
occluded_intersection,rain,13,0.2033,-0.0,0.0,0.6416,0.5,0,0,"['CRUISE', 'CRUISE', 'CRUISE', 'CRUISE', 'CRUISE', 'CRUISE', 'CRUISE', 'CRUISE', 'CRUISE', 'PROBE', 'PROBE', 'PROBE', 'PROBE', 'PROBE', 'PROBE', 'PROBE', 'HOLD', 'HOLD', 'HOLD', 'HOLD', 'HOLD', 'HOLD', 'HOLD', 'HOLD', 'HOLD', 'HOLD', 'HOLD', 'HOLD', 'HOLD', 'HOLD', 'HOLD', 'HOLD', 'HOLD', 'HOLD', 'HOLD', 'HOLD', 'HOLD', 'HOLD', 'HOLD', 'HOLD', 'HOLD', 'HOLD', 'HOLD', 'HOLD', 'HOLD', 'HOLD', 'HOLD', 'HOLD', 'HOLD', 'HOLD', 'HOLD', 'HOLD', 'HOLD', 'HOLD', 'HOLD', 'HOLD', 'HOLD', 'HOLD', 'HOLD', 'HOLD', 'HOLD', 'HOLD', 'HOLD', 'HOLD', 'HOLD', 'HOLD', 'HOLD', 'HOLD', 'HOLD', 'HOLD', 'HOLD', 'HOLD', 'HOLD', 'HOLD', 'HOLD', 'HOLD', 'HOLD', 'HOLD', 'HOLD', 'HOLD', 'HOLD', 'HOLD', 'HOLD', 'HOLD', 'HOLD', 'HOLD', 'HOLD', 'HOLD', 'HOLD', 'HOLD', 'HOLD', 'HOLD', 'HOLD', 'HOLD', 'HOLD', 'HOLD', 'HOLD', 'HOLD', 'HOLD', 'HOLD', 'HOLD', 'HOLD', 'HOLD', 'HOLD', 'HOLD', 'HOLD', 'HOLD', 'HOLD', 'HOLD', 'HOLD', 'HOLD', 'HOLD', 'HOLD', 'ABORT', 'ABORT', 'ABORT', 'ABORT', 'ABORT', 'ABORT', 'ABORT', 'ABORT', 'ABORT', 'ABORT', 'ABORT', 'ABORT', 'ABORT', 'ABORT', 'ABORT', 'ABORT']"
occluded_intersection,rain,14,0.6,0.0,0.0,0.0,0.0,0,0,"['CRUISE', 'CRUISE', 'CRUISE', 'CRUISE', 'CRUISE', 'CRUISE', 'CRUISE', 'CRUISE', 'PROBE', 'PROBE', 'PROBE', 'PROBE', 'PROBE', 'PROBE', 'PROBE', 'PROBE', 'PROBE', 'PROBE', 'PROBE', 'PROBE', 'PROBE', 'PROBE', 'PROBE', 'PROBE', 'PROBE', 'PROBE', 'PROBE', 'PROBE', 'PROBE', 'PROBE', 'PROBE', 'PROBE', 'PROBE', 'PROBE', 'PROBE', 'PROBE', 'PROBE', 'PROBE', 'PROBE', 'PROBE', 'PROBE', 'PROBE', 'PROBE', 'PROBE', 'PROBE', 'PROBE', 'PROBE', 'PROBE', 'PROBE', 'PROBE', 'PROBE', 'PROBE', 'PROBE', 'PROBE', 'PROBE', 'PROBE', 'PROBE', 'HOLD', 'HOLD', 'HOLD', 'HOLD', 'HOLD', 'HOLD', 'HOLD', 'HOLD', 'HOLD', 'PROBE', 'PROBE', 'PROBE', 'PROBE', 'PROBE', 'PROBE', 'PROBE', 'PROBE', 'PROBE', 'PROBE', 'PROBE', 'PROBE', 'PROBE', 'PROBE', 'PROBE', 'PROBE', 'PROBE', 'PROBE', 'PROBE', 'PROBE', 'PROBE', 'PROBE', 'PROBE', 'PROBE', 'PROBE', 'PROBE', 'PROBE', 'PROBE', 'PROBE', 'PROBE', 'PROBE', 'PROBE', 'PROBE', 'PROBE', 'PROBE', 'PROBE', 'PROBE', 'PROBE', 'PROBE', 'PROBE', 'PROBE', 'PROBE', 'PROBE', 'PROBE', 'PROBE', 'PROBE', 'PROBE', 'PROBE', 'PROBE', 'HOLD', 'HOLD', 'HOLD', 'HOLD', 'HOLD', 'HOLD', 'HOLD', 'HOLD', 'HOLD', 'HOLD', 'HOLD', 'HOLD', 'PROBE', 'PROBE']"
occluded_intersection,rain,15,0.6,0.0,0.0,0.0,0.0,0,0,"['CRUISE', 'CRUISE', 'CRUISE', 'CRUISE', 'CRUISE', 'CRUISE', 'CRUISE', 'CRUISE', 'CRUISE', 'PROBE', 'PROBE', 'PROBE', 'PROBE', 'PROBE', 'PROBE', 'PROBE', 'PROBE', 'PROBE', 'PROBE', 'PROBE', 'PROBE', 'PROBE', 'PROBE', 'PROBE', 'PROBE', 'PROBE', 'PROBE', 'PROBE', 'PROBE', 'PROBE', 'PROBE', 'PROBE', 'PROBE', 'PROBE', 'PROBE', 'PROBE', 'PROBE', 'PROBE', 'PROBE', 'PROBE', 'PROBE', 'PROBE', 'PROBE', 'PROBE', 'PROBE', 'PROBE', 'PROBE', 'PROBE', 'PROBE', 'PROBE', 'PROBE', 'PROBE', 'PROBE', 'PROBE', 'PROBE', 'PROBE', 'PROBE', 'PROBE', 'HOLD', 'HOLD', 'HOLD', 'HOLD', 'HOLD', 'HOLD', 'HOLD', 'HOLD', 'HOLD', 'HOLD', 'HOLD', 'HOLD', 'HOLD', 'HOLD', 'HOLD', 'HOLD', 'HOLD', 'HOLD', 'HOLD', 'PROBE', 'PROBE', 'PROBE', 'PROBE', 'PROBE', 'PROBE', 'PROBE', 'PROBE', 'PROBE', 'PROBE', 'PROBE', 'PROBE', 'PROBE', 'PROBE', 'PROBE', 'PROBE', 'PROBE', 'PROBE', 'PROBE', 'PROBE', 'PROBE', 'PROBE', 'PROBE', 'PROBE', 'PROBE', 'PROBE', 'PROBE', 'PROBE', 'PROBE', 'PROBE', 'PROBE', 'PROBE', 'PROBE', 'PROBE', 'PROBE', 'PROBE', 'PROBE', 'PROBE', 'PROBE', 'PROBE', 'PROBE', 'PROBE', 'PROBE', 'PROBE', 'PROBE', 'PROBE', 'PROBE', 'PROBE', 'PROBE', 'HOLD', 'HOLD', 'HOLD']"
occluded_intersection,rain,16,0.6,0.0,0.0,0.0,0.0,0,0,"['CRUISE', 'CRUISE', 'CRUISE', 'CRUISE', 'CRUISE', 'CRUISE', 'CRUISE', 'CRUISE', 'CRUISE', 'PROBE', 'PROBE', 'PROBE', 'PROBE', 'PROBE', 'PROBE', 'PROBE', 'PROBE', 'PROBE', 'PROBE', 'PROBE', 'PROBE', 'PROBE', 'PROBE', 'PROBE', 'PROBE', 'PROBE', 'PROBE', 'PROBE', 'PROBE', 'PROBE', 'PROBE', 'PROBE', 'PROBE', 'PROBE', 'PROBE', 'PROBE', 'PROBE', 'PROBE', 'PROBE', 'PROBE', 'PROBE', 'PROBE', 'PROBE', 'PROBE', 'PROBE', 'PROBE', 'PROBE', 'PROBE', 'PROBE', 'PROBE', 'PROBE', 'PROBE', 'PROBE', 'PROBE', 'PROBE', 'PROBE', 'PROBE', 'PROBE', 'HOLD', 'HOLD', 'HOLD', 'HOLD', 'HOLD', 'HOLD', 'HOLD', 'HOLD', 'PROBE', 'PROBE', 'PROBE', 'PROBE', 'PROBE', 'PROBE', 'PROBE', 'PROBE', 'PROBE', 'PROBE', 'PROBE', 'PROBE', 'PROBE', 'PROBE', 'PROBE', 'PROBE', 'PROBE', 'PROBE', 'PROBE', 'PROBE', 'PROBE', 'PROBE', 'PROBE', 'PROBE', 'PROBE', 'PROBE', 'PROBE', 'PROBE', 'PROBE', 'PROBE', 'PROBE', 'PROBE', 'PROBE', 'PROBE', 'PROBE', 'PROBE', 'PROBE', 'PROBE', 'PROBE', 'PROBE', 'PROBE', 'PROBE', 'PROBE', 'PROBE', 'PROBE', 'PROBE', 'PROBE', 'PROBE', 'PROBE', 'HOLD', 'HOLD', 'HOLD', 'HOLD', 'HOLD', 'HOLD', 'HOLD', 'HOLD', 'HOLD', 'HOLD', 'PROBE', 'PROBE', 'PROBE', 'PROBE', 'PROBE']"
occluded_intersection,rain,17,0.6,0.0,0.0,0.0,0.0,0,0,"['CRUISE', 'CRUISE', 'CRUISE', 'CRUISE', 'CRUISE', 'CRUISE', 'CRUISE', 'CRUISE', 'CRUISE', 'PROBE', 'PROBE', 'PROBE', 'PROBE', 'PROBE', 'PROBE', 'PROBE', 'PROBE', 'PROBE', 'PROBE', 'PROBE', 'PROBE', 'PROBE', 'PROBE', 'PROBE', 'PROBE', 'PROBE', 'PROBE', 'PROBE', 'PROBE', 'PROBE', 'PROBE', 'PROBE', 'PROBE', 'PROBE', 'PROBE', 'PROBE', 'PROBE', 'PROBE', 'PROBE', 'PROBE', 'PROBE', 'PROBE', 'PROBE', 'PROBE', 'PROBE', 'PROBE', 'PROBE', 'PROBE', 'PROBE', 'PROBE', 'PROBE', 'PROBE', 'PROBE', 'PROBE', 'PROBE', 'PROBE', 'PROBE', 'PROBE', 'HOLD', 'HOLD', 'HOLD', 'HOLD', 'HOLD', 'HOLD', 'HOLD', 'HOLD', 'HOLD', 'PROBE', 'PROBE', 'PROBE', 'PROBE', 'PROBE', 'PROBE', 'PROBE', 'PROBE', 'PROBE', 'PROBE', 'PROBE', 'PROBE', 'PROBE', 'PROBE', 'PROBE', 'PROBE', 'PROBE', 'PROBE', 'PROBE', 'PROBE', 'PROBE', 'PROBE', 'PROBE', 'PROBE', 'PROBE', 'PROBE', 'PROBE', 'PROBE', 'PROBE', 'PROBE', 'PROBE', 'PROBE', 'PROBE', 'PROBE', 'PROBE', 'PROBE', 'PROBE', 'PROBE', 'PROBE', 'PROBE', 'PROBE', 'PROBE', 'PROBE', 'PROBE', 'PROBE', 'PROBE', 'PROBE', 'PROBE', 'PROBE', 'HOLD', 'HOLD', 'HOLD', 'HOLD', 'HOLD', 'HOLD', 'HOLD', 'HOLD', 'HOLD', 'PROBE', 'PROBE', 'PROBE', 'PROBE']"
occluded_intersection,rain,18,0.6,0.0,0.0,0.0,0.0,0,0,"['CRUISE', 'CRUISE', 'CRUISE', 'CRUISE', 'CRUISE', 'CRUISE', 'CRUISE', 'CRUISE', 'CRUISE', 'PROBE', 'PROBE', 'PROBE', 'PROBE', 'PROBE', 'PROBE', 'PROBE', 'HOLD', 'HOLD', 'HOLD', 'HOLD', 'HOLD', 'HOLD', 'HOLD', 'HOLD', 'HOLD', 'HOLD', 'HOLD', 'HOLD', 'HOLD', 'HOLD', 'HOLD', 'HOLD', 'HOLD', 'HOLD', 'HOLD', 'HOLD', 'HOLD', 'HOLD', 'HOLD', 'HOLD', 'HOLD', 'HOLD', 'HOLD', 'HOLD', 'HOLD', 'HOLD', 'HOLD', 'HOLD', 'HOLD', 'HOLD', 'HOLD', 'HOLD', 'HOLD', 'HOLD', 'HOLD', 'HOLD', 'HOLD', 'HOLD', 'HOLD', 'HOLD', 'HOLD', 'HOLD', 'HOLD', 'HOLD', 'HOLD', 'HOLD', 'HOLD', 'HOLD', 'HOLD', 'HOLD', 'HOLD', 'HOLD', 'HOLD', 'HOLD', 'HOLD', 'HOLD', 'HOLD', 'HOLD', 'HOLD', 'HOLD', 'HOLD', 'HOLD', 'HOLD', 'HOLD', 'HOLD', 'HOLD', 'HOLD', 'HOLD', 'HOLD', 'HOLD', 'HOLD', 'HOLD', 'HOLD', 'HOLD', 'HOLD', 'HOLD', 'HOLD', 'HOLD', 'HOLD', 'HOLD', 'HOLD', 'HOLD', 'PROBE', 'PROBE', 'PROBE', 'PROBE', 'PROBE', 'PROBE', 'PROBE', 'HOLD', 'HOLD', 'HOLD', 'HOLD', 'HOLD', 'HOLD', 'HOLD', 'HOLD', 'HOLD', 'HOLD', 'HOLD', 'HOLD', 'HOLD', 'HOLD', 'HOLD', 'HOLD', 'HOLD', 'HOLD', 'HOLD', 'HOLD']"
occluded_intersection,rain,19,0.6,0.0,0.0,0.0,0.0,0,0,"['CRUISE', 'CRUISE', 'CRUISE', 'CRUISE', 'CRUISE', 'CRUISE', 'CRUISE', 'CRUISE', 'CRUISE', 'PROBE', 'PROBE', 'PROBE', 'PROBE', 'PROBE', 'PROBE', 'PROBE', 'PROBE', 'PROBE', 'PROBE', 'PROBE', 'PROBE', 'PROBE', 'PROBE', 'PROBE', 'PROBE', 'PROBE', 'PROBE', 'PROBE', 'PROBE', 'PROBE', 'PROBE', 'PROBE', 'PROBE', 'PROBE', 'PROBE', 'PROBE', 'PROBE', 'PROBE', 'PROBE', 'PROBE', 'PROBE', 'PROBE', 'PROBE', 'PROBE', 'PROBE', 'PROBE', 'PROBE', 'PROBE', 'PROBE', 'PROBE', 'PROBE', 'PROBE', 'PROBE', 'PROBE', 'PROBE', 'PROBE', 'PROBE', 'PROBE', 'HOLD', 'HOLD', 'HOLD', 'HOLD', 'HOLD', 'HOLD', 'HOLD', 'HOLD', 'HOLD', 'HOLD', 'HOLD', 'HOLD', 'HOLD', 'HOLD', 'HOLD', 'HOLD', 'HOLD', 'HOLD', 'HOLD', 'PROBE', 'PROBE', 'PROBE', 'PROBE', 'PROBE', 'PROBE', 'PROBE', 'PROBE', 'PROBE', 'PROBE', 'PROBE', 'PROBE', 'PROBE', 'PROBE', 'PROBE', 'PROBE', 'PROBE', 'PROBE', 'PROBE', 'PROBE', 'PROBE', 'PROBE', 'PROBE', 'PROBE', 'PROBE', 'PROBE', 'PROBE', 'PROBE', 'PROBE', 'PROBE', 'PROBE', 'PROBE', 'PROBE', 'PROBE', 'PROBE', 'PROBE', 'PROBE', 'PROBE', 'PROBE', 'PROBE', 'PROBE', 'PROBE', 'PROBE', 'PROBE', 'PROBE', 'PROBE', 'PROBE', 'PROBE', 'PROBE', 'HOLD', 'HOLD', 'HOLD']"
occluded_intersection,fog,0,0.2034,-0.0,0.0,0.6422,0.5,0,0,"['CRUISE', 'CRUISE', 'CRUISE', 'CRUISE', 'CRUISE', 'CRUISE', 'CRUISE', 'CRUISE', 'CRUISE', 'PROBE', 'PROBE', 'PROBE', 'PROBE', 'PROBE', 'PROBE', 'PROBE', 'HOLD', 'HOLD', 'HOLD', 'HOLD', 'HOLD', 'HOLD', 'HOLD', 'HOLD', 'HOLD', 'HOLD', 'HOLD', 'HOLD', 'HOLD', 'HOLD', 'HOLD', 'HOLD', 'HOLD', 'HOLD', 'HOLD', 'HOLD', 'HOLD', 'HOLD', 'HOLD', 'HOLD', 'HOLD', 'HOLD', 'HOLD', 'HOLD', 'HOLD', 'HOLD', 'HOLD', 'HOLD', 'HOLD', 'HOLD', 'HOLD', 'HOLD', 'HOLD', 'HOLD', 'HOLD', 'HOLD', 'HOLD', 'HOLD', 'HOLD', 'HOLD', 'HOLD', 'HOLD', 'HOLD', 'HOLD', 'HOLD', 'HOLD', 'HOLD', 'HOLD', 'HOLD', 'HOLD', 'HOLD', 'HOLD', 'HOLD', 'HOLD', 'HOLD', 'HOLD', 'HOLD', 'HOLD', 'HOLD', 'HOLD', 'HOLD', 'HOLD', 'HOLD', 'HOLD', 'HOLD', 'HOLD', 'HOLD', 'HOLD', 'HOLD', 'HOLD', 'HOLD', 'HOLD', 'HOLD', 'HOLD', 'HOLD', 'HOLD', 'HOLD', 'HOLD', 'HOLD', 'HOLD', 'HOLD', 'HOLD', 'HOLD', 'HOLD', 'HOLD', 'HOLD', 'HOLD', 'HOLD', 'HOLD', 'HOLD', 'HOLD', 'HOLD', 'HOLD', 'ABORT', 'ABORT', 'ABORT', 'ABORT', 'ABORT', 'ABORT', 'ABORT', 'ABORT', 'ABORT', 'ABORT', 'ABORT', 'ABORT', 'ABORT', 'ABORT', 'ABORT', 'ABORT']"
occluded_intersection,fog,1,0.6,0.0,0.0,0.0,0.0,0,0,"['CRUISE', 'CRUISE', 'CRUISE', 'CRUISE', 'CRUISE', 'CRUISE', 'CRUISE', 'CRUISE', 'CRUISE', 'PROBE', 'PROBE', 'PROBE', 'PROBE', 'PROBE', 'PROBE', 'PROBE', 'PROBE', 'PROBE', 'PROBE', 'PROBE', 'PROBE', 'PROBE', 'PROBE', 'PROBE', 'PROBE', 'PROBE', 'PROBE', 'PROBE', 'PROBE', 'PROBE', 'PROBE', 'PROBE', 'PROBE', 'PROBE', 'PROBE', 'PROBE', 'PROBE', 'PROBE', 'PROBE', 'PROBE', 'PROBE', 'PROBE', 'PROBE', 'PROBE', 'PROBE', 'PROBE', 'PROBE', 'PROBE', 'PROBE', 'PROBE', 'PROBE', 'PROBE', 'PROBE', 'PROBE', 'PROBE', 'PROBE', 'PROBE', 'PROBE', 'HOLD', 'HOLD', 'HOLD', 'HOLD', 'HOLD', 'HOLD', 'HOLD', 'HOLD', 'HOLD', 'HOLD', 'HOLD', 'HOLD', 'HOLD', 'HOLD', 'HOLD', 'HOLD', 'HOLD', 'HOLD', 'HOLD', 'HOLD', 'HOLD', 'PROBE', 'PROBE', 'PROBE', 'PROBE', 'PROBE', 'PROBE', 'PROBE', 'PROBE', 'PROBE', 'PROBE', 'PROBE', 'PROBE', 'PROBE', 'PROBE', 'PROBE', 'PROBE', 'PROBE', 'PROBE', 'PROBE', 'PROBE', 'PROBE', 'PROBE', 'PROBE', 'PROBE', 'PROBE', 'PROBE', 'PROBE', 'PROBE', 'PROBE', 'PROBE', 'PROBE', 'PROBE', 'PROBE', 'PROBE', 'PROBE', 'PROBE', 'PROBE', 'PROBE', 'PROBE', 'PROBE', 'PROBE', 'PROBE', 'PROBE', 'PROBE', 'PROBE', 'PROBE', 'PROBE', 'PROBE', 'PROBE', 'HOLD']"
occluded_intersection,fog,2,0.6,0.0,0.0,0.0,0.0,0,0,"['CRUISE', 'CRUISE', 'CRUISE', 'CRUISE', 'CRUISE', 'CRUISE', 'CRUISE', 'CRUISE', 'CRUISE', 'PROBE', 'PROBE', 'PROBE', 'PROBE', 'PROBE', 'PROBE', 'PROBE', 'PROBE', 'PROBE', 'PROBE', 'PROBE', 'PROBE', 'PROBE', 'PROBE', 'PROBE', 'PROBE', 'PROBE', 'PROBE', 'PROBE', 'PROBE', 'PROBE', 'PROBE', 'PROBE', 'PROBE', 'PROBE', 'PROBE', 'PROBE', 'PROBE', 'PROBE', 'PROBE', 'PROBE', 'PROBE', 'PROBE', 'PROBE', 'PROBE', 'PROBE', 'PROBE', 'PROBE', 'PROBE', 'PROBE', 'PROBE', 'PROBE', 'PROBE', 'PROBE', 'PROBE', 'PROBE', 'PROBE', 'PROBE', 'PROBE', 'HOLD', 'HOLD', 'HOLD', 'HOLD', 'HOLD', 'HOLD', 'HOLD', 'HOLD', 'HOLD', 'PROBE', 'PROBE', 'PROBE', 'PROBE', 'PROBE', 'PROBE', 'PROBE', 'PROBE', 'PROBE', 'PROBE', 'PROBE', 'PROBE', 'PROBE', 'PROBE', 'PROBE', 'PROBE', 'PROBE', 'PROBE', 'PROBE', 'PROBE', 'PROBE', 'PROBE', 'PROBE', 'PROBE', 'PROBE', 'PROBE', 'PROBE', 'PROBE', 'PROBE', 'PROBE', 'PROBE', 'PROBE', 'PROBE', 'PROBE', 'PROBE', 'PROBE', 'PROBE', 'PROBE', 'PROBE', 'PROBE', 'PROBE', 'PROBE', 'PROBE', 'PROBE', 'PROBE', 'PROBE', 'PROBE', 'PROBE', 'PROBE', 'HOLD', 'HOLD', 'HOLD', 'HOLD', 'HOLD', 'HOLD', 'HOLD', 'HOLD', 'HOLD', 'PROBE', 'PROBE', 'PROBE', 'PROBE']"
occluded_intersection,fog,3,0.2034,-0.0,0.0,0.6419,0.5,0,0,"['CRUISE', 'CRUISE', 'CRUISE', 'CRUISE', 'CRUISE', 'CRUISE', 'CRUISE', 'CRUISE', 'PROBE', 'PROBE', 'PROBE', 'PROBE', 'PROBE', 'PROBE', 'PROBE', 'HOLD', 'HOLD', 'HOLD', 'HOLD', 'HOLD', 'HOLD', 'HOLD', 'HOLD', 'HOLD', 'HOLD', 'HOLD', 'HOLD', 'HOLD', 'HOLD', 'HOLD', 'HOLD', 'HOLD', 'HOLD', 'HOLD', 'HOLD', 'HOLD', 'HOLD', 'HOLD', 'HOLD', 'HOLD', 'HOLD', 'HOLD', 'HOLD', 'HOLD', 'HOLD', 'HOLD', 'HOLD', 'HOLD', 'HOLD', 'HOLD', 'HOLD', 'HOLD', 'HOLD', 'HOLD', 'HOLD', 'HOLD', 'HOLD', 'HOLD', 'HOLD', 'HOLD', 'HOLD', 'HOLD', 'HOLD', 'HOLD', 'HOLD', 'HOLD', 'HOLD', 'HOLD', 'HOLD', 'HOLD', 'HOLD', 'HOLD', 'HOLD', 'HOLD', 'HOLD', 'HOLD', 'HOLD', 'HOLD', 'HOLD', 'HOLD', 'HOLD', 'HOLD', 'HOLD', 'HOLD', 'HOLD', 'HOLD', 'HOLD', 'HOLD', 'HOLD', 'HOLD', 'HOLD', 'HOLD', 'HOLD', 'HOLD', 'HOLD', 'HOLD', 'HOLD', 'HOLD', 'HOLD', 'HOLD', 'HOLD', 'HOLD', 'HOLD', 'HOLD', 'HOLD', 'HOLD', 'HOLD', 'HOLD', 'HOLD', 'HOLD', 'HOLD', 'HOLD', 'ABORT', 'ABORT', 'ABORT', 'ABORT', 'ABORT', 'ABORT', 'ABORT', 'ABORT', 'ABORT', 'ABORT', 'ABORT', 'ABORT', 'ABORT', 'ABORT', 'ABORT', 'ABORT', 'ABORT']"
occluded_intersection,fog,4,0.6,0.0,0.0,0.0,0.0,0,0,"['CRUISE', 'CRUISE', 'CRUISE', 'CRUISE', 'CRUISE', 'CRUISE', 'CRUISE', 'CRUISE', 'CRUISE', 'PROBE', 'PROBE', 'PROBE', 'PROBE', 'PROBE', 'PROBE', 'PROBE', 'PROBE', 'PROBE', 'PROBE', 'PROBE', 'PROBE', 'PROBE', 'PROBE', 'PROBE', 'PROBE', 'PROBE', 'PROBE', 'PROBE', 'PROBE', 'PROBE', 'PROBE', 'PROBE', 'PROBE', 'PROBE', 'PROBE', 'PROBE', 'PROBE', 'PROBE', 'PROBE', 'PROBE', 'PROBE', 'PROBE', 'PROBE', 'PROBE', 'PROBE', 'PROBE', 'PROBE', 'PROBE', 'PROBE', 'PROBE', 'PROBE', 'PROBE', 'PROBE', 'PROBE', 'PROBE', 'PROBE', 'PROBE', 'PROBE', 'HOLD', 'HOLD', 'HOLD', 'HOLD', 'HOLD', 'HOLD', 'HOLD', 'HOLD', 'HOLD', 'HOLD', 'HOLD', 'HOLD', 'HOLD', 'HOLD', 'PROBE', 'PROBE', 'PROBE', 'PROBE', 'PROBE', 'PROBE', 'PROBE', 'PROBE', 'PROBE', 'PROBE', 'PROBE', 'PROBE', 'PROBE', 'PROBE', 'PROBE', 'PROBE', 'PROBE', 'PROBE', 'PROBE', 'PROBE', 'PROBE', 'PROBE', 'PROBE', 'PROBE', 'PROBE', 'PROBE', 'PROBE', 'PROBE', 'PROBE', 'PROBE', 'PROBE', 'PROBE', 'PROBE', 'PROBE', 'PROBE', 'PROBE', 'PROBE', 'PROBE', 'PROBE', 'PROBE', 'PROBE', 'PROBE', 'PROBE', 'PROBE', 'PROBE', 'PROBE', 'PROBE', 'PROBE', 'PROBE', 'HOLD', 'HOLD', 'HOLD', 'HOLD', 'HOLD', 'HOLD', 'HOLD', 'HOLD']"
occluded_intersection,fog,5,0.2033,-0.0,0.0,0.6416,0.5,0,0,"['CRUISE', 'CRUISE', 'CRUISE', 'CRUISE', 'CRUISE', 'CRUISE', 'CRUISE', 'CRUISE', 'CRUISE', 'PROBE', 'PROBE', 'PROBE', 'PROBE', 'PROBE', 'PROBE', 'PROBE', 'HOLD', 'HOLD', 'HOLD', 'HOLD', 'HOLD', 'HOLD', 'HOLD', 'HOLD', 'HOLD', 'HOLD', 'HOLD', 'HOLD', 'HOLD', 'HOLD', 'HOLD', 'HOLD', 'HOLD', 'HOLD', 'HOLD', 'HOLD', 'HOLD', 'HOLD', 'HOLD', 'HOLD', 'HOLD', 'HOLD', 'HOLD', 'HOLD', 'HOLD', 'HOLD', 'HOLD', 'HOLD', 'HOLD', 'HOLD', 'HOLD', 'HOLD', 'HOLD', 'HOLD', 'HOLD', 'HOLD', 'HOLD', 'HOLD', 'HOLD', 'HOLD', 'HOLD', 'HOLD', 'HOLD', 'HOLD', 'HOLD', 'HOLD', 'HOLD', 'HOLD', 'HOLD', 'HOLD', 'HOLD', 'HOLD', 'HOLD', 'HOLD', 'HOLD', 'HOLD', 'HOLD', 'HOLD', 'HOLD', 'HOLD', 'HOLD', 'HOLD', 'HOLD', 'HOLD', 'HOLD', 'HOLD', 'HOLD', 'HOLD', 'HOLD', 'HOLD', 'HOLD', 'HOLD', 'HOLD', 'HOLD', 'HOLD', 'HOLD', 'HOLD', 'HOLD', 'HOLD', 'HOLD', 'HOLD', 'HOLD', 'HOLD', 'HOLD', 'HOLD', 'HOLD', 'HOLD', 'HOLD', 'HOLD', 'HOLD', 'HOLD', 'HOLD', 'HOLD', 'ABORT', 'ABORT', 'ABORT', 'ABORT', 'ABORT', 'ABORT', 'ABORT', 'ABORT', 'ABORT', 'ABORT', 'ABORT', 'ABORT', 'ABORT', 'ABORT', 'ABORT', 'ABORT']"
occluded_intersection,fog,6,0.2034,-0.0,0.0,0.6422,0.5,0,0,"['CRUISE', 'CRUISE', 'CRUISE', 'CRUISE', 'CRUISE', 'CRUISE', 'CRUISE', 'CRUISE', 'CRUISE', 'PROBE', 'PROBE', 'PROBE', 'PROBE', 'PROBE', 'PROBE', 'PROBE', 'HOLD', 'HOLD', 'HOLD', 'HOLD', 'HOLD', 'HOLD', 'HOLD', 'HOLD', 'HOLD', 'HOLD', 'HOLD', 'HOLD', 'HOLD', 'HOLD', 'HOLD', 'HOLD', 'HOLD', 'HOLD', 'HOLD', 'HOLD', 'HOLD', 'HOLD', 'HOLD', 'HOLD', 'HOLD', 'HOLD', 'HOLD', 'HOLD', 'HOLD', 'HOLD', 'HOLD', 'HOLD', 'HOLD', 'HOLD', 'HOLD', 'HOLD', 'HOLD', 'HOLD', 'HOLD', 'HOLD', 'HOLD', 'HOLD', 'HOLD', 'HOLD', 'HOLD', 'HOLD', 'HOLD', 'HOLD', 'HOLD', 'HOLD', 'HOLD', 'HOLD', 'HOLD', 'HOLD', 'HOLD', 'HOLD', 'HOLD', 'HOLD', 'HOLD', 'HOLD', 'HOLD', 'HOLD', 'HOLD', 'HOLD', 'HOLD', 'HOLD', 'HOLD', 'HOLD', 'HOLD', 'HOLD', 'HOLD', 'HOLD', 'HOLD', 'HOLD', 'HOLD', 'HOLD', 'HOLD', 'HOLD', 'HOLD', 'HOLD', 'HOLD', 'HOLD', 'HOLD', 'HOLD', 'HOLD', 'HOLD', 'HOLD', 'HOLD', 'HOLD', 'HOLD', 'HOLD', 'HOLD', 'HOLD', 'HOLD', 'HOLD', 'HOLD', 'HOLD', 'ABORT', 'ABORT', 'ABORT', 'ABORT', 'ABORT', 'ABORT', 'ABORT', 'ABORT', 'ABORT', 'ABORT', 'ABORT', 'ABORT', 'ABORT', 'ABORT', 'ABORT', 'ABORT']"
occluded_intersection,fog,7,0.2034,-0.0,0.0,0.642,0.5,0,0,"['CRUISE', 'CRUISE', 'CRUISE', 'CRUISE', 'CRUISE', 'CRUISE', 'CRUISE', 'CRUISE', 'PROBE', 'PROBE', 'PROBE', 'PROBE', 'PROBE', 'PROBE', 'PROBE', 'HOLD', 'HOLD', 'HOLD', 'HOLD', 'HOLD', 'HOLD', 'HOLD', 'HOLD', 'HOLD', 'HOLD', 'HOLD', 'HOLD', 'HOLD', 'HOLD', 'HOLD', 'HOLD', 'HOLD', 'HOLD', 'HOLD', 'HOLD', 'HOLD', 'HOLD', 'HOLD', 'HOLD', 'HOLD', 'HOLD', 'HOLD', 'HOLD', 'HOLD', 'HOLD', 'HOLD', 'HOLD', 'HOLD', 'HOLD', 'HOLD', 'HOLD', 'HOLD', 'HOLD', 'HOLD', 'HOLD', 'HOLD', 'HOLD', 'HOLD', 'HOLD', 'HOLD', 'HOLD', 'HOLD', 'HOLD', 'HOLD', 'HOLD', 'HOLD', 'HOLD', 'HOLD', 'HOLD', 'HOLD', 'HOLD', 'HOLD', 'HOLD', 'HOLD', 'HOLD', 'HOLD', 'HOLD', 'HOLD', 'HOLD', 'HOLD', 'HOLD', 'HOLD', 'HOLD', 'HOLD', 'HOLD', 'HOLD', 'HOLD', 'HOLD', 'HOLD', 'HOLD', 'HOLD', 'HOLD', 'HOLD', 'HOLD', 'HOLD', 'HOLD', 'HOLD', 'HOLD', 'HOLD', 'HOLD', 'HOLD', 'HOLD', 'HOLD', 'HOLD', 'HOLD', 'HOLD', 'HOLD', 'HOLD', 'HOLD', 'HOLD', 'HOLD', 'HOLD', 'ABORT', 'ABORT', 'ABORT', 'ABORT', 'ABORT', 'ABORT', 'ABORT', 'ABORT', 'ABORT', 'ABORT', 'ABORT', 'ABORT', 'ABORT', 'ABORT', 'ABORT', 'ABORT', 'ABORT']"
occluded_intersection,fog,8,0.6,0.0,0.0,0.0,0.0,0,0,"['CRUISE', 'CRUISE', 'CRUISE', 'CRUISE', 'CRUISE', 'CRUISE', 'CRUISE', 'CRUISE', 'CRUISE', 'PROBE', 'PROBE', 'PROBE', 'PROBE', 'PROBE', 'PROBE', 'PROBE', 'PROBE', 'PROBE', 'PROBE', 'PROBE', 'PROBE', 'PROBE', 'PROBE', 'PROBE', 'PROBE', 'PROBE', 'PROBE', 'PROBE', 'PROBE', 'PROBE', 'PROBE', 'PROBE', 'PROBE', 'PROBE', 'PROBE', 'PROBE', 'PROBE', 'PROBE', 'PROBE', 'PROBE', 'PROBE', 'PROBE', 'PROBE', 'PROBE', 'PROBE', 'PROBE', 'PROBE', 'PROBE', 'PROBE', 'PROBE', 'PROBE', 'PROBE', 'PROBE', 'PROBE', 'PROBE', 'PROBE', 'PROBE', 'PROBE', 'HOLD', 'HOLD', 'HOLD', 'HOLD', 'HOLD', 'HOLD', 'HOLD', 'HOLD', 'HOLD', 'PROBE', 'PROBE', 'PROBE', 'PROBE', 'PROBE', 'PROBE', 'PROBE', 'PROBE', 'PROBE', 'PROBE', 'PROBE', 'PROBE', 'PROBE', 'PROBE', 'PROBE', 'PROBE', 'PROBE', 'PROBE', 'PROBE', 'PROBE', 'PROBE', 'PROBE', 'PROBE', 'PROBE', 'PROBE', 'PROBE', 'PROBE', 'PROBE', 'PROBE', 'PROBE', 'PROBE', 'PROBE', 'PROBE', 'PROBE', 'PROBE', 'PROBE', 'PROBE', 'PROBE', 'PROBE', 'PROBE', 'PROBE', 'PROBE', 'PROBE', 'PROBE', 'PROBE', 'PROBE', 'PROBE', 'PROBE', 'PROBE', 'HOLD', 'HOLD', 'HOLD', 'HOLD', 'HOLD', 'HOLD', 'HOLD', 'HOLD', 'HOLD', 'PROBE', 'PROBE', 'PROBE', 'PROBE']"
occluded_intersection,fog,9,0.2034,-0.0,0.0,0.6419,0.5,0,0,"['CRUISE', 'CRUISE', 'CRUISE', 'CRUISE', 'CRUISE', 'CRUISE', 'CRUISE', 'CRUISE', 'CRUISE', 'PROBE', 'PROBE', 'PROBE', 'PROBE', 'PROBE', 'PROBE', 'PROBE', 'HOLD', 'HOLD', 'HOLD', 'HOLD', 'HOLD', 'HOLD', 'HOLD', 'HOLD', 'HOLD', 'HOLD', 'HOLD', 'HOLD', 'HOLD', 'HOLD', 'HOLD', 'HOLD', 'HOLD', 'HOLD', 'HOLD', 'HOLD', 'HOLD', 'HOLD', 'HOLD', 'HOLD', 'HOLD', 'HOLD', 'HOLD', 'HOLD', 'HOLD', 'HOLD', 'HOLD', 'HOLD', 'HOLD', 'HOLD', 'HOLD', 'HOLD', 'HOLD', 'HOLD', 'HOLD', 'HOLD', 'HOLD', 'HOLD', 'HOLD', 'HOLD', 'HOLD', 'HOLD', 'HOLD', 'HOLD', 'HOLD', 'HOLD', 'HOLD', 'HOLD', 'HOLD', 'HOLD', 'HOLD', 'HOLD', 'HOLD', 'HOLD', 'HOLD', 'HOLD', 'HOLD', 'HOLD', 'HOLD', 'HOLD', 'HOLD', 'HOLD', 'HOLD', 'HOLD', 'HOLD', 'HOLD', 'HOLD', 'HOLD', 'HOLD', 'HOLD', 'HOLD', 'HOLD', 'HOLD', 'HOLD', 'HOLD', 'HOLD', 'HOLD', 'HOLD', 'HOLD', 'HOLD', 'HOLD', 'HOLD', 'HOLD', 'HOLD', 'HOLD', 'HOLD', 'HOLD', 'HOLD', 'HOLD', 'HOLD', 'HOLD', 'HOLD', 'HOLD', 'ABORT', 'ABORT', 'ABORT', 'ABORT', 'ABORT', 'ABORT', 'ABORT', 'ABORT', 'ABORT', 'ABORT', 'ABORT', 'ABORT', 'ABORT', 'ABORT', 'ABORT', 'ABORT']"
occluded_intersection,fog,10,0.6,0.0,0.0,0.0,0.0,0,0,"['CRUISE', 'CRUISE', 'CRUISE', 'CRUISE', 'CRUISE', 'CRUISE', 'CRUISE', 'CRUISE', 'CRUISE', 'PROBE', 'PROBE', 'PROBE', 'PROBE', 'PROBE', 'PROBE', 'PROBE', 'PROBE', 'PROBE', 'PROBE', 'PROBE', 'PROBE', 'PROBE', 'PROBE', 'PROBE', 'PROBE', 'PROBE', 'PROBE', 'PROBE', 'PROBE', 'PROBE', 'PROBE', 'PROBE', 'PROBE', 'PROBE', 'PROBE', 'PROBE', 'PROBE', 'PROBE', 'PROBE', 'PROBE', 'PROBE', 'PROBE', 'PROBE', 'PROBE', 'PROBE', 'PROBE', 'PROBE', 'PROBE', 'PROBE', 'PROBE', 'PROBE', 'PROBE', 'PROBE', 'PROBE', 'PROBE', 'PROBE', 'PROBE', 'PROBE', 'HOLD', 'HOLD', 'HOLD', 'HOLD', 'HOLD', 'HOLD', 'HOLD', 'HOLD', 'HOLD', 'HOLD', 'HOLD', 'PROBE', 'PROBE', 'PROBE', 'PROBE', 'PROBE', 'PROBE', 'PROBE', 'PROBE', 'PROBE', 'PROBE', 'PROBE', 'PROBE', 'PROBE', 'PROBE', 'PROBE', 'PROBE', 'PROBE', 'PROBE', 'PROBE', 'PROBE', 'PROBE', 'PROBE', 'PROBE', 'PROBE', 'PROBE', 'PROBE', 'PROBE', 'PROBE', 'PROBE', 'PROBE', 'PROBE', 'PROBE', 'PROBE', 'PROBE', 'PROBE', 'PROBE', 'PROBE', 'PROBE', 'PROBE', 'PROBE', 'PROBE', 'PROBE', 'PROBE', 'PROBE', 'PROBE', 'PROBE', 'PROBE', 'PROBE', 'PROBE', 'HOLD', 'HOLD', 'HOLD', 'HOLD', 'HOLD', 'HOLD', 'HOLD', 'HOLD', 'HOLD', 'PROBE', 'PROBE']"
occluded_intersection,fog,11,0.2033,-0.0,0.0,0.6417,0.5,0,0,"['CRUISE', 'CRUISE', 'CRUISE', 'CRUISE', 'CRUISE', 'CRUISE', 'CRUISE', 'CRUISE', 'CRUISE', 'PROBE', 'PROBE', 'PROBE', 'PROBE', 'PROBE', 'PROBE', 'PROBE', 'HOLD', 'HOLD', 'HOLD', 'HOLD', 'HOLD', 'HOLD', 'HOLD', 'HOLD', 'HOLD', 'HOLD', 'HOLD', 'HOLD', 'HOLD', 'HOLD', 'HOLD', 'HOLD', 'HOLD', 'HOLD', 'HOLD', 'HOLD', 'HOLD', 'HOLD', 'HOLD', 'HOLD', 'HOLD', 'HOLD', 'HOLD', 'HOLD', 'HOLD', 'HOLD', 'HOLD', 'HOLD', 'HOLD', 'HOLD', 'HOLD', 'HOLD', 'HOLD', 'HOLD', 'HOLD', 'HOLD', 'HOLD', 'HOLD', 'HOLD', 'HOLD', 'HOLD', 'HOLD', 'HOLD', 'HOLD', 'HOLD', 'HOLD', 'HOLD', 'HOLD', 'HOLD', 'HOLD', 'HOLD', 'HOLD', 'HOLD', 'HOLD', 'HOLD', 'HOLD', 'HOLD', 'HOLD', 'HOLD', 'HOLD', 'HOLD', 'HOLD', 'HOLD', 'HOLD', 'HOLD', 'HOLD', 'HOLD', 'HOLD', 'HOLD', 'HOLD', 'HOLD', 'HOLD', 'HOLD', 'HOLD', 'HOLD', 'HOLD', 'HOLD', 'HOLD', 'HOLD', 'HOLD', 'HOLD', 'HOLD', 'HOLD', 'HOLD', 'HOLD', 'HOLD', 'HOLD', 'HOLD', 'HOLD', 'HOLD', 'HOLD', 'HOLD', 'HOLD', 'ABORT', 'ABORT', 'ABORT', 'ABORT', 'ABORT', 'ABORT', 'ABORT', 'ABORT', 'ABORT', 'ABORT', 'ABORT', 'ABORT', 'ABORT', 'ABORT', 'ABORT', 'ABORT']"
occluded_intersection,fog,12,0.2034,-0.0,0.0,0.6419,0.5,0,0,"['CRUISE', 'CRUISE', 'CRUISE', 'CRUISE', 'CRUISE', 'CRUISE', 'CRUISE', 'CRUISE', 'CRUISE', 'PROBE', 'PROBE', 'PROBE', 'PROBE', 'PROBE', 'PROBE', 'PROBE', 'HOLD', 'HOLD', 'HOLD', 'HOLD', 'HOLD', 'HOLD', 'HOLD', 'HOLD', 'HOLD', 'HOLD', 'HOLD', 'HOLD', 'HOLD', 'HOLD', 'HOLD', 'HOLD', 'HOLD', 'HOLD', 'HOLD', 'HOLD', 'HOLD', 'HOLD', 'HOLD', 'HOLD', 'HOLD', 'HOLD', 'HOLD', 'HOLD', 'HOLD', 'HOLD', 'HOLD', 'HOLD', 'HOLD', 'HOLD', 'HOLD', 'HOLD', 'HOLD', 'HOLD', 'HOLD', 'HOLD', 'HOLD', 'HOLD', 'HOLD', 'HOLD', 'HOLD', 'HOLD', 'HOLD', 'HOLD', 'HOLD', 'HOLD', 'HOLD', 'HOLD', 'HOLD', 'HOLD', 'HOLD', 'HOLD', 'HOLD', 'HOLD', 'HOLD', 'HOLD', 'HOLD', 'HOLD', 'HOLD', 'HOLD', 'HOLD', 'HOLD', 'HOLD', 'HOLD', 'HOLD', 'HOLD', 'HOLD', 'HOLD', 'HOLD', 'HOLD', 'HOLD', 'HOLD', 'HOLD', 'HOLD', 'HOLD', 'HOLD', 'HOLD', 'HOLD', 'HOLD', 'HOLD', 'HOLD', 'HOLD', 'HOLD', 'HOLD', 'HOLD', 'HOLD', 'HOLD', 'HOLD', 'HOLD', 'HOLD', 'HOLD', 'HOLD', 'HOLD', 'ABORT', 'ABORT', 'ABORT', 'ABORT', 'ABORT', 'ABORT', 'ABORT', 'ABORT', 'ABORT', 'ABORT', 'ABORT', 'ABORT', 'ABORT', 'ABORT', 'ABORT', 'ABORT']"
occluded_intersection,fog,13,0.6,0.0,0.0,0.0,0.0,0,0,"['CRUISE', 'CRUISE', 'CRUISE', 'CRUISE', 'CRUISE', 'CRUISE', 'CRUISE', 'CRUISE', 'CRUISE', 'PROBE', 'PROBE', 'PROBE', 'PROBE', 'PROBE', 'PROBE', 'PROBE', 'PROBE', 'PROBE', 'PROBE', 'PROBE', 'PROBE', 'PROBE', 'PROBE', 'PROBE', 'PROBE', 'PROBE', 'PROBE', 'PROBE', 'PROBE', 'PROBE', 'PROBE', 'PROBE', 'PROBE', 'PROBE', 'PROBE', 'PROBE', 'PROBE', 'PROBE', 'PROBE', 'PROBE', 'PROBE', 'PROBE', 'PROBE', 'PROBE', 'PROBE', 'PROBE', 'PROBE', 'PROBE', 'PROBE', 'PROBE', 'PROBE', 'PROBE', 'PROBE', 'PROBE', 'PROBE', 'PROBE', 'PROBE', 'PROBE', 'HOLD', 'HOLD', 'HOLD', 'HOLD', 'HOLD', 'HOLD', 'HOLD', 'HOLD', 'PROBE', 'PROBE', 'PROBE', 'PROBE', 'PROBE', 'PROBE', 'PROBE', 'PROBE', 'PROBE', 'PROBE', 'PROBE', 'PROBE', 'PROBE', 'PROBE', 'PROBE', 'PROBE', 'PROBE', 'PROBE', 'PROBE', 'PROBE', 'PROBE', 'PROBE', 'PROBE', 'PROBE', 'PROBE', 'PROBE', 'PROBE', 'PROBE', 'PROBE', 'PROBE', 'PROBE', 'PROBE', 'PROBE', 'PROBE', 'PROBE', 'PROBE', 'PROBE', 'PROBE', 'PROBE', 'PROBE', 'PROBE', 'PROBE', 'PROBE', 'PROBE', 'PROBE', 'PROBE', 'PROBE', 'PROBE', 'PROBE', 'HOLD', 'HOLD', 'HOLD', 'HOLD', 'HOLD', 'HOLD', 'HOLD', 'HOLD', 'HOLD', 'HOLD', 'HOLD', 'HOLD', 'HOLD', 'HOLD']"
occluded_intersection,fog,14,0.6,0.0,0.0,0.0,0.0,0,0,"['CRUISE', 'CRUISE', 'CRUISE', 'CRUISE', 'CRUISE', 'CRUISE', 'CRUISE', 'CRUISE', 'CRUISE', 'PROBE', 'PROBE', 'PROBE', 'PROBE', 'PROBE', 'PROBE', 'PROBE', 'PROBE', 'PROBE', 'PROBE', 'PROBE', 'PROBE', 'PROBE', 'PROBE', 'PROBE', 'PROBE', 'PROBE', 'PROBE', 'PROBE', 'PROBE', 'PROBE', 'PROBE', 'PROBE', 'PROBE', 'PROBE', 'PROBE', 'PROBE', 'PROBE', 'PROBE', 'PROBE', 'PROBE', 'PROBE', 'PROBE', 'PROBE', 'PROBE', 'PROBE', 'PROBE', 'PROBE', 'PROBE', 'PROBE', 'PROBE', 'PROBE', 'PROBE', 'PROBE', 'PROBE', 'PROBE', 'PROBE', 'PROBE', 'PROBE', 'HOLD', 'HOLD', 'HOLD', 'HOLD', 'HOLD', 'HOLD', 'HOLD', 'HOLD', 'PROBE', 'PROBE', 'PROBE', 'PROBE', 'PROBE', 'PROBE', 'PROBE', 'PROBE', 'PROBE', 'PROBE', 'PROBE', 'PROBE', 'PROBE', 'PROBE', 'PROBE', 'PROBE', 'PROBE', 'PROBE', 'PROBE', 'PROBE', 'PROBE', 'PROBE', 'PROBE', 'PROBE', 'PROBE', 'PROBE', 'PROBE', 'PROBE', 'PROBE', 'PROBE', 'PROBE', 'PROBE', 'PROBE', 'PROBE', 'PROBE', 'PROBE', 'PROBE', 'PROBE', 'PROBE', 'PROBE', 'PROBE', 'PROBE', 'PROBE', 'PROBE', 'PROBE', 'PROBE', 'PROBE', 'PROBE', 'PROBE', 'HOLD', 'HOLD', 'HOLD', 'HOLD', 'HOLD', 'HOLD', 'HOLD', 'HOLD', 'HOLD', 'PROBE', 'PROBE', 'PROBE', 'PROBE', 'PROBE']"
occluded_intersection,fog,15,0.6,0.0,0.0,0.0,0.0,0,0,"['CRUISE', 'CRUISE', 'CRUISE', 'CRUISE', 'CRUISE', 'CRUISE', 'CRUISE', 'CRUISE', 'CRUISE', 'PROBE', 'PROBE', 'PROBE', 'PROBE', 'PROBE', 'PROBE', 'PROBE', 'PROBE', 'PROBE', 'PROBE', 'PROBE', 'PROBE', 'PROBE', 'PROBE', 'PROBE', 'PROBE', 'PROBE', 'PROBE', 'PROBE', 'PROBE', 'PROBE', 'PROBE', 'PROBE', 'PROBE', 'PROBE', 'PROBE', 'PROBE', 'PROBE', 'PROBE', 'PROBE', 'PROBE', 'PROBE', 'PROBE', 'PROBE', 'PROBE', 'PROBE', 'PROBE', 'PROBE', 'PROBE', 'PROBE', 'PROBE', 'PROBE', 'PROBE', 'PROBE', 'PROBE', 'PROBE', 'PROBE', 'PROBE', 'PROBE', 'HOLD', 'HOLD', 'HOLD', 'HOLD', 'HOLD', 'HOLD', 'HOLD', 'HOLD', 'HOLD', 'PROBE', 'PROBE', 'PROBE', 'PROBE', 'PROBE', 'PROBE', 'PROBE', 'PROBE', 'PROBE', 'PROBE', 'PROBE', 'PROBE', 'PROBE', 'PROBE', 'PROBE', 'PROBE', 'PROBE', 'PROBE', 'PROBE', 'PROBE', 'PROBE', 'PROBE', 'PROBE', 'PROBE', 'PROBE', 'PROBE', 'PROBE', 'PROBE', 'PROBE', 'PROBE', 'PROBE', 'PROBE', 'PROBE', 'PROBE', 'PROBE', 'PROBE', 'PROBE', 'PROBE', 'PROBE', 'PROBE', 'PROBE', 'PROBE', 'PROBE', 'PROBE', 'PROBE', 'PROBE', 'PROBE', 'PROBE', 'PROBE', 'HOLD', 'HOLD', 'HOLD', 'HOLD', 'HOLD', 'HOLD', 'HOLD', 'HOLD', 'PROBE', 'PROBE', 'PROBE', 'PROBE', 'PROBE']"
occluded_intersection,fog,16,0.6,0.0,0.0,0.0,0.0,0,0,"['CRUISE', 'CRUISE', 'CRUISE', 'CRUISE', 'CRUISE', 'CRUISE', 'CRUISE', 'CRUISE', 'CRUISE', 'PROBE', 'PROBE', 'PROBE', 'PROBE', 'PROBE', 'PROBE', 'PROBE', 'PROBE', 'PROBE', 'PROBE', 'HOLD', 'HOLD', 'HOLD', 'HOLD', 'HOLD', 'HOLD', 'HOLD', 'HOLD', 'HOLD', 'HOLD', 'HOLD', 'PROBE', 'PROBE', 'PROBE', 'PROBE', 'PROBE', 'PROBE', 'PROBE', 'PROBE', 'PROBE', 'PROBE', 'HOLD', 'HOLD', 'HOLD', 'HOLD', 'HOLD', 'HOLD', 'HOLD', 'HOLD', 'HOLD', 'HOLD', 'HOLD', 'HOLD', 'HOLD', 'HOLD', 'HOLD', 'HOLD', 'HOLD', 'HOLD', 'HOLD', 'HOLD', 'HOLD', 'HOLD', 'HOLD', 'HOLD', 'HOLD', 'HOLD', 'PROBE', 'PROBE', 'PROBE', 'PROBE', 'PROBE', 'PROBE', 'PROBE', 'PROBE', 'PROBE', 'PROBE', 'HOLD', 'HOLD', 'HOLD', 'HOLD', 'HOLD', 'HOLD', 'HOLD', 'HOLD', 'HOLD', 'HOLD', 'HOLD', 'HOLD', 'HOLD', 'HOLD', 'HOLD', 'HOLD', 'HOLD', 'HOLD', 'HOLD', 'HOLD', 'HOLD', 'HOLD', 'HOLD', 'HOLD', 'HOLD', 'HOLD', 'HOLD', 'HOLD', 'HOLD', 'HOLD', 'HOLD', 'HOLD', 'HOLD', 'HOLD', 'HOLD', 'HOLD', 'HOLD', 'HOLD', 'HOLD', 'HOLD', 'HOLD', 'HOLD', 'HOLD', 'HOLD', 'HOLD', 'HOLD', 'HOLD', 'HOLD', 'HOLD', 'HOLD', 'HOLD', 'HOLD', 'HOLD']"
occluded_intersection,fog,17,0.6,0.0,0.0,0.0,0.0,0,0,"['CRUISE', 'CRUISE', 'CRUISE', 'CRUISE', 'CRUISE', 'CRUISE', 'CRUISE', 'CRUISE', 'PROBE', 'PROBE', 'PROBE', 'PROBE', 'PROBE', 'PROBE', 'PROBE', 'PROBE', 'PROBE', 'PROBE', 'PROBE', 'PROBE', 'PROBE', 'PROBE', 'PROBE', 'PROBE', 'PROBE', 'PROBE', 'PROBE', 'PROBE', 'PROBE', 'PROBE', 'PROBE', 'PROBE', 'PROBE', 'PROBE', 'PROBE', 'PROBE', 'PROBE', 'PROBE', 'PROBE', 'PROBE', 'PROBE', 'PROBE', 'PROBE', 'PROBE', 'PROBE', 'PROBE', 'PROBE', 'PROBE', 'PROBE', 'PROBE', 'PROBE', 'PROBE', 'PROBE', 'PROBE', 'PROBE', 'PROBE', 'PROBE', 'HOLD', 'HOLD', 'HOLD', 'HOLD', 'HOLD', 'HOLD', 'HOLD', 'HOLD', 'HOLD', 'PROBE', 'PROBE', 'PROBE', 'PROBE', 'PROBE', 'PROBE', 'PROBE', 'PROBE', 'PROBE', 'PROBE', 'PROBE', 'PROBE', 'PROBE', 'PROBE', 'PROBE', 'PROBE', 'PROBE', 'PROBE', 'PROBE', 'PROBE', 'PROBE', 'PROBE', 'PROBE', 'PROBE', 'PROBE', 'PROBE', 'PROBE', 'PROBE', 'PROBE', 'PROBE', 'PROBE', 'PROBE', 'PROBE', 'PROBE', 'PROBE', 'PROBE', 'PROBE', 'PROBE', 'PROBE', 'PROBE', 'PROBE', 'PROBE', 'PROBE', 'PROBE', 'PROBE', 'PROBE', 'PROBE', 'PROBE', 'PROBE', 'HOLD', 'HOLD', 'HOLD', 'HOLD', 'HOLD', 'HOLD', 'HOLD', 'HOLD', 'PROBE', 'PROBE', 'PROBE', 'PROBE', 'PROBE', 'PROBE']"
occluded_intersection,fog,18,0.6,0.0,0.0,0.0,0.0,0,0,"['CRUISE', 'CRUISE', 'CRUISE', 'CRUISE', 'CRUISE', 'CRUISE', 'CRUISE', 'CRUISE', 'CRUISE', 'PROBE', 'PROBE', 'PROBE', 'PROBE', 'PROBE', 'PROBE', 'PROBE', 'PROBE', 'PROBE', 'PROBE', 'PROBE', 'PROBE', 'PROBE', 'PROBE', 'PROBE', 'PROBE', 'PROBE', 'PROBE', 'PROBE', 'PROBE', 'PROBE', 'PROBE', 'PROBE', 'PROBE', 'PROBE', 'PROBE', 'PROBE', 'PROBE', 'PROBE', 'PROBE', 'PROBE', 'PROBE', 'PROBE', 'PROBE', 'PROBE', 'PROBE', 'PROBE', 'PROBE', 'PROBE', 'PROBE', 'PROBE', 'PROBE', 'PROBE', 'PROBE', 'PROBE', 'PROBE', 'PROBE', 'PROBE', 'PROBE', 'HOLD', 'HOLD', 'HOLD', 'HOLD', 'HOLD', 'HOLD', 'HOLD', 'HOLD', 'HOLD', 'PROBE', 'PROBE', 'PROBE', 'PROBE', 'PROBE', 'PROBE', 'PROBE', 'PROBE', 'PROBE', 'PROBE', 'PROBE', 'PROBE', 'PROBE', 'PROBE', 'PROBE', 'PROBE', 'PROBE', 'PROBE', 'PROBE', 'PROBE', 'PROBE', 'PROBE', 'PROBE', 'PROBE', 'PROBE', 'PROBE', 'PROBE', 'PROBE', 'PROBE', 'PROBE', 'PROBE', 'PROBE', 'PROBE', 'PROBE', 'PROBE', 'PROBE', 'PROBE', 'PROBE', 'PROBE', 'PROBE', 'PROBE', 'PROBE', 'PROBE', 'PROBE', 'PROBE', 'PROBE', 'PROBE', 'PROBE', 'PROBE', 'HOLD', 'HOLD', 'HOLD', 'HOLD', 'HOLD', 'HOLD', 'HOLD', 'HOLD', 'HOLD', 'PROBE', 'PROBE', 'PROBE', 'PROBE']"
occluded_intersection,fog,19,0.2034,-0.0,0.0,0.6418,0.5,0,0,"['CRUISE', 'CRUISE', 'CRUISE', 'CRUISE', 'CRUISE', 'CRUISE', 'CRUISE', 'CRUISE', 'CRUISE', 'PROBE', 'PROBE', 'PROBE', 'PROBE', 'PROBE', 'PROBE', 'PROBE', 'HOLD', 'HOLD', 'HOLD', 'HOLD', 'HOLD', 'HOLD', 'HOLD', 'HOLD', 'HOLD', 'HOLD', 'HOLD', 'HOLD', 'HOLD', 'HOLD', 'HOLD', 'HOLD', 'HOLD', 'HOLD', 'HOLD', 'HOLD', 'HOLD', 'HOLD', 'HOLD', 'HOLD', 'HOLD', 'HOLD', 'HOLD', 'HOLD', 'HOLD', 'HOLD', 'HOLD', 'HOLD', 'HOLD', 'HOLD', 'HOLD', 'HOLD', 'HOLD', 'HOLD', 'HOLD', 'HOLD', 'HOLD', 'HOLD', 'HOLD', 'HOLD', 'HOLD', 'HOLD', 'HOLD', 'HOLD', 'HOLD', 'HOLD', 'HOLD', 'HOLD', 'HOLD', 'HOLD', 'HOLD', 'HOLD', 'HOLD', 'HOLD', 'HOLD', 'HOLD', 'HOLD', 'HOLD', 'HOLD', 'HOLD', 'HOLD', 'HOLD', 'HOLD', 'HOLD', 'HOLD', 'HOLD', 'HOLD', 'HOLD', 'HOLD', 'HOLD', 'HOLD', 'HOLD', 'HOLD', 'HOLD', 'HOLD', 'HOLD', 'HOLD', 'HOLD', 'HOLD', 'HOLD', 'HOLD', 'HOLD', 'HOLD', 'HOLD', 'HOLD', 'HOLD', 'HOLD', 'HOLD', 'HOLD', 'HOLD', 'HOLD', 'HOLD', 'HOLD', 'ABORT', 'ABORT', 'ABORT', 'ABORT', 'ABORT', 'ABORT', 'ABORT', 'ABORT', 'ABORT', 'ABORT', 'ABORT', 'ABORT', 'ABORT', 'ABORT', 'ABORT', 'ABORT']"
occluded_intersection,night,0,0.6,0.0,0.0,0.0,0.0,0,0,"['CRUISE', 'CRUISE', 'CRUISE', 'CRUISE', 'CRUISE', 'CRUISE', 'CRUISE', 'CRUISE', 'CRUISE', 'PROBE', 'PROBE', 'PROBE', 'PROBE', 'PROBE', 'PROBE', 'PROBE', 'PROBE', 'PROBE', 'PROBE', 'PROBE', 'PROBE', 'PROBE', 'PROBE', 'PROBE', 'PROBE', 'PROBE', 'PROBE', 'PROBE', 'PROBE', 'PROBE', 'PROBE', 'PROBE', 'PROBE', 'PROBE', 'PROBE', 'PROBE', 'PROBE', 'PROBE', 'PROBE', 'PROBE', 'PROBE', 'PROBE', 'PROBE', 'PROBE', 'PROBE', 'PROBE', 'PROBE', 'PROBE', 'PROBE', 'PROBE', 'PROBE', 'PROBE', 'PROBE', 'PROBE', 'PROBE', 'PROBE', 'PROBE', 'PROBE', 'HOLD', 'HOLD', 'HOLD', 'HOLD', 'HOLD', 'HOLD', 'HOLD', 'HOLD', 'HOLD', 'PROBE', 'PROBE', 'PROBE', 'PROBE', 'PROBE', 'PROBE', 'PROBE', 'PROBE', 'PROBE', 'PROBE', 'PROBE', 'PROBE', 'PROBE', 'PROBE', 'PROBE', 'PROBE', 'PROBE', 'PROBE', 'PROBE', 'PROBE', 'PROBE', 'PROBE', 'PROBE', 'PROBE', 'PROBE', 'PROBE', 'PROBE', 'PROBE', 'PROBE', 'PROBE', 'PROBE', 'PROBE', 'PROBE', 'PROBE', 'PROBE', 'PROBE', 'PROBE', 'PROBE', 'PROBE', 'PROBE', 'PROBE', 'PROBE', 'PROBE', 'PROBE', 'PROBE', 'PROBE', 'PROBE', 'PROBE', 'PROBE', 'HOLD', 'HOLD', 'HOLD', 'HOLD', 'HOLD', 'HOLD', 'HOLD', 'HOLD', 'HOLD', 'HOLD', 'HOLD', 'HOLD', 'HOLD']"
occluded_intersection,night,1,0.2033,0.0,0.0,0.6417,0.5,0,0,"['CRUISE', 'CRUISE', 'CRUISE', 'CRUISE', 'CRUISE', 'CRUISE', 'CRUISE', 'CRUISE', 'CRUISE', 'PROBE', 'PROBE', 'PROBE', 'PROBE', 'PROBE', 'PROBE', 'PROBE', 'HOLD', 'HOLD', 'HOLD', 'HOLD', 'HOLD', 'HOLD', 'HOLD', 'HOLD', 'HOLD', 'HOLD', 'HOLD', 'HOLD', 'HOLD', 'HOLD', 'HOLD', 'HOLD', 'HOLD', 'HOLD', 'HOLD', 'HOLD', 'HOLD', 'HOLD', 'HOLD', 'HOLD', 'HOLD', 'HOLD', 'HOLD', 'HOLD', 'HOLD', 'HOLD', 'HOLD', 'HOLD', 'HOLD', 'HOLD', 'HOLD', 'HOLD', 'HOLD', 'HOLD', 'HOLD', 'HOLD', 'HOLD', 'HOLD', 'HOLD', 'HOLD', 'HOLD', 'HOLD', 'HOLD', 'HOLD', 'HOLD', 'HOLD', 'HOLD', 'HOLD', 'HOLD', 'HOLD', 'HOLD', 'HOLD', 'HOLD', 'HOLD', 'HOLD', 'HOLD', 'HOLD', 'HOLD', 'HOLD', 'HOLD', 'HOLD', 'HOLD', 'HOLD', 'HOLD', 'HOLD', 'HOLD', 'HOLD', 'HOLD', 'HOLD', 'HOLD', 'HOLD', 'HOLD', 'HOLD', 'HOLD', 'HOLD', 'HOLD', 'HOLD', 'HOLD', 'HOLD', 'HOLD', 'HOLD', 'HOLD', 'HOLD', 'HOLD', 'HOLD', 'HOLD', 'HOLD', 'HOLD', 'HOLD', 'HOLD', 'HOLD', 'HOLD', 'HOLD', 'ABORT', 'ABORT', 'ABORT', 'ABORT', 'ABORT', 'ABORT', 'ABORT', 'ABORT', 'ABORT', 'ABORT', 'ABORT', 'ABORT', 'ABORT', 'ABORT', 'ABORT', 'ABORT']"
occluded_intersection,night,2,0.2034,-0.0,0.0,0.6422,0.5,0,0,"['CRUISE', 'CRUISE', 'CRUISE', 'CRUISE', 'CRUISE', 'CRUISE', 'CRUISE', 'CRUISE', 'CRUISE', 'PROBE', 'PROBE', 'PROBE', 'PROBE', 'PROBE', 'PROBE', 'PROBE', 'HOLD', 'HOLD', 'HOLD', 'HOLD', 'HOLD', 'HOLD', 'HOLD', 'HOLD', 'HOLD', 'HOLD', 'HOLD', 'HOLD', 'HOLD', 'HOLD', 'HOLD', 'HOLD', 'HOLD', 'HOLD', 'HOLD', 'HOLD', 'HOLD', 'HOLD', 'HOLD', 'HOLD', 'HOLD', 'HOLD', 'HOLD', 'HOLD', 'HOLD', 'HOLD', 'HOLD', 'HOLD', 'HOLD', 'HOLD', 'HOLD', 'HOLD', 'HOLD', 'HOLD', 'HOLD', 'HOLD', 'HOLD', 'HOLD', 'HOLD', 'HOLD', 'HOLD', 'HOLD', 'HOLD', 'HOLD', 'HOLD', 'HOLD', 'HOLD', 'HOLD', 'HOLD', 'HOLD', 'HOLD', 'HOLD', 'HOLD', 'HOLD', 'HOLD', 'HOLD', 'HOLD', 'HOLD', 'HOLD', 'HOLD', 'HOLD', 'HOLD', 'HOLD', 'HOLD', 'HOLD', 'HOLD', 'HOLD', 'HOLD', 'HOLD', 'HOLD', 'HOLD', 'HOLD', 'HOLD', 'HOLD', 'HOLD', 'HOLD', 'HOLD', 'HOLD', 'HOLD', 'HOLD', 'HOLD', 'HOLD', 'HOLD', 'HOLD', 'HOLD', 'HOLD', 'HOLD', 'HOLD', 'HOLD', 'HOLD', 'HOLD', 'HOLD', 'HOLD', 'ABORT', 'ABORT', 'ABORT', 'ABORT', 'ABORT', 'ABORT', 'ABORT', 'ABORT', 'ABORT', 'ABORT', 'ABORT', 'ABORT', 'ABORT', 'ABORT', 'ABORT', 'ABORT']"
occluded_intersection,night,3,0.2035,-0.0,0.0,0.6424,0.5,0,0,"['CRUISE', 'CRUISE', 'CRUISE', 'CRUISE', 'CRUISE', 'CRUISE', 'CRUISE', 'CRUISE', 'CRUISE', 'PROBE', 'PROBE', 'PROBE', 'PROBE', 'PROBE', 'PROBE', 'PROBE', 'PROBE', 'PROBE', 'PROBE', 'PROBE', 'HOLD', 'HOLD', 'HOLD', 'HOLD', 'HOLD', 'HOLD', 'HOLD', 'HOLD', 'HOLD', 'HOLD', 'HOLD', 'HOLD', 'HOLD', 'HOLD', 'HOLD', 'HOLD', 'HOLD', 'HOLD', 'HOLD', 'HOLD', 'HOLD', 'HOLD', 'HOLD', 'HOLD', 'HOLD', 'HOLD', 'HOLD', 'HOLD', 'HOLD', 'HOLD', 'HOLD', 'HOLD', 'HOLD', 'HOLD', 'HOLD', 'HOLD', 'HOLD', 'HOLD', 'HOLD', 'HOLD', 'HOLD', 'HOLD', 'HOLD', 'HOLD', 'HOLD', 'HOLD', 'HOLD', 'HOLD', 'HOLD', 'HOLD', 'HOLD', 'HOLD', 'HOLD', 'HOLD', 'HOLD', 'HOLD', 'HOLD', 'HOLD', 'HOLD', 'HOLD', 'HOLD', 'HOLD', 'HOLD', 'HOLD', 'HOLD', 'HOLD', 'HOLD', 'HOLD', 'HOLD', 'HOLD', 'HOLD', 'HOLD', 'HOLD', 'HOLD', 'HOLD', 'HOLD', 'HOLD', 'HOLD', 'HOLD', 'HOLD', 'HOLD', 'HOLD', 'HOLD', 'HOLD', 'HOLD', 'HOLD', 'HOLD', 'HOLD', 'HOLD', 'HOLD', 'HOLD', 'HOLD', 'HOLD', 'HOLD', 'HOLD', 'HOLD', 'HOLD', 'ABORT', 'ABORT', 'ABORT', 'ABORT', 'ABORT', 'ABORT', 'ABORT', 'ABORT', 'ABORT', 'ABORT', 'ABORT', 'ABORT']"
occluded_intersection,night,4,0.6,0.0,0.0,0.0,0.0,0,0,"['CRUISE', 'CRUISE', 'CRUISE', 'CRUISE', 'CRUISE', 'CRUISE', 'CRUISE', 'CRUISE', 'CRUISE', 'PROBE', 'PROBE', 'PROBE', 'PROBE', 'PROBE', 'PROBE', 'PROBE', 'PROBE', 'PROBE', 'PROBE', 'PROBE', 'PROBE', 'PROBE', 'PROBE', 'PROBE', 'PROBE', 'PROBE', 'PROBE', 'PROBE', 'PROBE', 'PROBE', 'PROBE', 'PROBE', 'PROBE', 'PROBE', 'PROBE', 'PROBE', 'PROBE', 'PROBE', 'PROBE', 'PROBE', 'PROBE', 'PROBE', 'PROBE', 'PROBE', 'PROBE', 'PROBE', 'PROBE', 'PROBE', 'PROBE', 'PROBE', 'PROBE', 'PROBE', 'PROBE', 'PROBE', 'PROBE', 'PROBE', 'PROBE', 'PROBE', 'HOLD', 'HOLD', 'HOLD', 'HOLD', 'HOLD', 'HOLD', 'HOLD', 'HOLD', 'HOLD', 'PROBE', 'PROBE', 'PROBE', 'PROBE', 'PROBE', 'PROBE', 'PROBE', 'PROBE', 'PROBE', 'PROBE', 'PROBE', 'PROBE', 'PROBE', 'PROBE', 'PROBE', 'PROBE', 'PROBE', 'PROBE', 'PROBE', 'PROBE', 'PROBE', 'PROBE', 'PROBE', 'PROBE', 'PROBE', 'PROBE', 'PROBE', 'PROBE', 'PROBE', 'PROBE', 'PROBE', 'PROBE', 'PROBE', 'PROBE', 'PROBE', 'PROBE', 'PROBE', 'PROBE', 'PROBE', 'PROBE', 'PROBE', 'PROBE', 'PROBE', 'PROBE', 'PROBE', 'PROBE', 'PROBE', 'PROBE', 'HOLD', 'HOLD', 'HOLD', 'HOLD', 'HOLD', 'HOLD', 'HOLD', 'HOLD', 'PROBE', 'PROBE', 'PROBE', 'PROBE', 'PROBE', 'PROBE']"
occluded_intersection,night,5,0.6,0.0,0.0,0.0,0.0,0,0,"['CRUISE', 'CRUISE', 'CRUISE', 'CRUISE', 'CRUISE', 'CRUISE', 'CRUISE', 'CRUISE', 'CRUISE', 'PROBE', 'PROBE', 'PROBE', 'PROBE', 'PROBE', 'PROBE', 'PROBE', 'PROBE', 'PROBE', 'PROBE', 'PROBE', 'PROBE', 'PROBE', 'PROBE', 'PROBE', 'PROBE', 'PROBE', 'PROBE', 'PROBE', 'PROBE', 'PROBE', 'PROBE', 'PROBE', 'PROBE', 'PROBE', 'PROBE', 'PROBE', 'PROBE', 'PROBE', 'PROBE', 'PROBE', 'PROBE', 'PROBE', 'PROBE', 'PROBE', 'PROBE', 'PROBE', 'PROBE', 'PROBE', 'PROBE', 'PROBE', 'PROBE', 'PROBE', 'PROBE', 'PROBE', 'PROBE', 'PROBE', 'PROBE', 'PROBE', 'HOLD', 'HOLD', 'HOLD', 'HOLD', 'HOLD', 'HOLD', 'HOLD', 'HOLD', 'HOLD', 'PROBE', 'PROBE', 'PROBE', 'PROBE', 'PROBE', 'PROBE', 'PROBE', 'PROBE', 'PROBE', 'PROBE', 'PROBE', 'PROBE', 'PROBE', 'PROBE', 'PROBE', 'PROBE', 'PROBE', 'PROBE', 'PROBE', 'PROBE', 'PROBE', 'PROBE', 'PROBE', 'PROBE', 'PROBE', 'PROBE', 'PROBE', 'PROBE', 'PROBE', 'PROBE', 'PROBE', 'PROBE', 'PROBE', 'PROBE', 'PROBE', 'PROBE', 'PROBE', 'PROBE', 'PROBE', 'PROBE', 'PROBE', 'PROBE', 'PROBE', 'PROBE', 'PROBE', 'PROBE', 'PROBE', 'PROBE', 'PROBE', 'HOLD', 'HOLD', 'HOLD', 'HOLD', 'HOLD', 'HOLD', 'HOLD', 'HOLD', 'HOLD', 'PROBE', 'PROBE', 'PROBE', 'PROBE']"
occluded_intersection,night,6,0.6,0.0,0.0,0.0,0.0,0,0,"['CRUISE', 'CRUISE', 'CRUISE', 'CRUISE', 'CRUISE', 'CRUISE', 'CRUISE', 'CRUISE', 'CRUISE', 'PROBE', 'PROBE', 'PROBE', 'PROBE', 'PROBE', 'PROBE', 'PROBE', 'PROBE', 'PROBE', 'PROBE', 'PROBE', 'PROBE', 'PROBE', 'PROBE', 'PROBE', 'PROBE', 'PROBE', 'PROBE', 'PROBE', 'PROBE', 'PROBE', 'PROBE', 'PROBE', 'PROBE', 'PROBE', 'PROBE', 'PROBE', 'PROBE', 'PROBE', 'PROBE', 'PROBE', 'PROBE', 'PROBE', 'PROBE', 'PROBE', 'PROBE', 'PROBE', 'PROBE', 'PROBE', 'PROBE', 'PROBE', 'PROBE', 'PROBE', 'PROBE', 'PROBE', 'PROBE', 'PROBE', 'HOLD', 'HOLD', 'HOLD', 'HOLD', 'HOLD', 'HOLD', 'HOLD', 'HOLD', 'HOLD', 'HOLD', 'HOLD', 'PROBE', 'PROBE', 'PROBE', 'PROBE', 'PROBE', 'PROBE', 'PROBE', 'PROBE', 'PROBE', 'PROBE', 'PROBE', 'PROBE', 'PROBE', 'PROBE', 'PROBE', 'PROBE', 'PROBE', 'PROBE', 'PROBE', 'PROBE', 'PROBE', 'PROBE', 'PROBE', 'PROBE', 'PROBE', 'PROBE', 'PROBE', 'PROBE', 'PROBE', 'PROBE', 'PROBE', 'PROBE', 'PROBE', 'PROBE', 'PROBE', 'PROBE', 'PROBE', 'PROBE', 'PROBE', 'PROBE', 'PROBE', 'PROBE', 'PROBE', 'PROBE', 'PROBE', 'PROBE', 'PROBE', 'PROBE', 'PROBE', 'HOLD', 'HOLD', 'HOLD', 'HOLD', 'HOLD', 'HOLD', 'HOLD', 'HOLD', 'PROBE', 'PROBE', 'PROBE', 'PROBE']"
occluded_intersection,night,7,0.2034,-0.0,0.0,0.6418,0.5,0,0,"['CRUISE', 'CRUISE', 'CRUISE', 'CRUISE', 'CRUISE', 'CRUISE', 'CRUISE', 'CRUISE', 'PROBE', 'PROBE', 'PROBE', 'PROBE', 'PROBE', 'PROBE', 'PROBE', 'HOLD', 'HOLD', 'HOLD', 'HOLD', 'HOLD', 'HOLD', 'HOLD', 'HOLD', 'HOLD', 'HOLD', 'HOLD', 'HOLD', 'HOLD', 'HOLD', 'HOLD', 'HOLD', 'HOLD', 'HOLD', 'HOLD', 'HOLD', 'HOLD', 'HOLD', 'HOLD', 'HOLD', 'HOLD', 'HOLD', 'HOLD', 'HOLD', 'HOLD', 'HOLD', 'HOLD', 'HOLD', 'HOLD', 'HOLD', 'HOLD', 'HOLD', 'HOLD', 'HOLD', 'HOLD', 'HOLD', 'HOLD', 'HOLD', 'HOLD', 'HOLD', 'HOLD', 'HOLD', 'HOLD', 'HOLD', 'HOLD', 'HOLD', 'HOLD', 'HOLD', 'HOLD', 'HOLD', 'HOLD', 'HOLD', 'HOLD', 'HOLD', 'HOLD', 'HOLD', 'HOLD', 'HOLD', 'HOLD', 'HOLD', 'HOLD', 'HOLD', 'HOLD', 'HOLD', 'HOLD', 'HOLD', 'HOLD', 'HOLD', 'HOLD', 'HOLD', 'HOLD', 'HOLD', 'HOLD', 'HOLD', 'HOLD', 'HOLD', 'HOLD', 'HOLD', 'HOLD', 'HOLD', 'HOLD', 'HOLD', 'HOLD', 'HOLD', 'HOLD', 'HOLD', 'HOLD', 'HOLD', 'HOLD', 'HOLD', 'HOLD', 'HOLD', 'HOLD', 'ABORT', 'ABORT', 'ABORT', 'ABORT', 'ABORT', 'ABORT', 'ABORT', 'ABORT', 'ABORT', 'ABORT', 'ABORT', 'ABORT', 'ABORT', 'ABORT', 'ABORT', 'ABORT', 'ABORT']"
occluded_intersection,night,8,0.2033,-0.0,0.0,0.6417,0.5,0,0,"['CRUISE', 'CRUISE', 'CRUISE', 'CRUISE', 'CRUISE', 'CRUISE', 'CRUISE', 'CRUISE', 'CRUISE', 'PROBE', 'PROBE', 'PROBE', 'PROBE', 'PROBE', 'PROBE', 'PROBE', 'HOLD', 'HOLD', 'HOLD', 'HOLD', 'HOLD', 'HOLD', 'HOLD', 'HOLD', 'HOLD', 'HOLD', 'HOLD', 'HOLD', 'HOLD', 'HOLD', 'HOLD', 'HOLD', 'HOLD', 'HOLD', 'HOLD', 'HOLD', 'HOLD', 'HOLD', 'HOLD', 'HOLD', 'HOLD', 'HOLD', 'HOLD', 'HOLD', 'HOLD', 'HOLD', 'HOLD', 'HOLD', 'HOLD', 'HOLD', 'HOLD', 'HOLD', 'HOLD', 'HOLD', 'HOLD', 'HOLD', 'HOLD', 'HOLD', 'HOLD', 'HOLD', 'HOLD', 'HOLD', 'HOLD', 'HOLD', 'HOLD', 'HOLD', 'HOLD', 'HOLD', 'HOLD', 'HOLD', 'HOLD', 'HOLD', 'HOLD', 'HOLD', 'HOLD', 'HOLD', 'HOLD', 'HOLD', 'HOLD', 'HOLD', 'HOLD', 'HOLD', 'HOLD', 'HOLD', 'HOLD', 'HOLD', 'HOLD', 'HOLD', 'HOLD', 'HOLD', 'HOLD', 'HOLD', 'HOLD', 'HOLD', 'HOLD', 'HOLD', 'HOLD', 'HOLD', 'HOLD', 'HOLD', 'HOLD', 'HOLD', 'HOLD', 'HOLD', 'HOLD', 'HOLD', 'HOLD', 'HOLD', 'HOLD', 'HOLD', 'HOLD', 'HOLD', 'HOLD', 'ABORT', 'ABORT', 'ABORT', 'ABORT', 'ABORT', 'ABORT', 'ABORT', 'ABORT', 'ABORT', 'ABORT', 'ABORT', 'ABORT', 'ABORT', 'ABORT', 'ABORT', 'ABORT']"
occluded_intersection,night,9,0.6,0.0,0.0,0.0,0.0,0,0,"['CRUISE', 'CRUISE', 'CRUISE', 'CRUISE', 'CRUISE', 'CRUISE', 'CRUISE', 'CRUISE', 'CRUISE', 'PROBE', 'PROBE', 'PROBE', 'PROBE', 'PROBE', 'PROBE', 'PROBE', 'PROBE', 'PROBE', 'PROBE', 'PROBE', 'PROBE', 'PROBE', 'PROBE', 'PROBE', 'PROBE', 'PROBE', 'PROBE', 'PROBE', 'PROBE', 'PROBE', 'PROBE', 'PROBE', 'PROBE', 'PROBE', 'PROBE', 'PROBE', 'PROBE', 'PROBE', 'PROBE', 'PROBE', 'PROBE', 'PROBE', 'PROBE', 'PROBE', 'PROBE', 'PROBE', 'PROBE', 'PROBE', 'PROBE', 'PROBE', 'PROBE', 'PROBE', 'PROBE', 'PROBE', 'PROBE', 'PROBE', 'PROBE', 'PROBE', 'HOLD', 'HOLD', 'HOLD', 'HOLD', 'HOLD', 'HOLD', 'HOLD', 'HOLD', 'HOLD', 'HOLD', 'HOLD', 'HOLD', 'PROBE', 'PROBE', 'PROBE', 'PROBE', 'PROBE', 'PROBE', 'PROBE', 'PROBE', 'PROBE', 'PROBE', 'PROBE', 'PROBE', 'PROBE', 'PROBE', 'PROBE', 'PROBE', 'PROBE', 'PROBE', 'PROBE', 'PROBE', 'PROBE', 'PROBE', 'PROBE', 'PROBE', 'PROBE', 'PROBE', 'PROBE', 'PROBE', 'PROBE', 'PROBE', 'PROBE', 'PROBE', 'PROBE', 'PROBE', 'PROBE', 'PROBE', 'PROBE', 'PROBE', 'PROBE', 'PROBE', 'PROBE', 'PROBE', 'PROBE', 'PROBE', 'PROBE', 'PROBE', 'PROBE', 'PROBE', 'PROBE', 'HOLD', 'HOLD', 'HOLD', 'HOLD', 'HOLD', 'HOLD', 'HOLD', 'HOLD', 'HOLD', 'HOLD']"
occluded_intersection,night,10,0.6,0.0,0.0,0.0,0.0,0,0,"['CRUISE', 'CRUISE', 'CRUISE', 'CRUISE', 'CRUISE', 'CRUISE', 'CRUISE', 'CRUISE', 'CRUISE', 'PROBE', 'PROBE', 'PROBE', 'PROBE', 'PROBE', 'PROBE', 'PROBE', 'PROBE', 'PROBE', 'PROBE', 'PROBE', 'PROBE', 'PROBE', 'PROBE', 'PROBE', 'PROBE', 'PROBE', 'PROBE', 'PROBE', 'PROBE', 'PROBE', 'PROBE', 'PROBE', 'PROBE', 'PROBE', 'PROBE', 'PROBE', 'PROBE', 'PROBE', 'PROBE', 'HOLD', 'HOLD', 'HOLD', 'HOLD', 'HOLD', 'HOLD', 'HOLD', 'HOLD', 'HOLD', 'HOLD', 'HOLD', 'HOLD', 'HOLD', 'HOLD', 'HOLD', 'HOLD', 'HOLD', 'HOLD', 'PROBE', 'PROBE', 'PROBE', 'PROBE', 'PROBE', 'PROBE', 'PROBE', 'PROBE', 'PROBE', 'PROBE', 'PROBE', 'PROBE', 'PROBE', 'PROBE', 'PROBE', 'PROBE', 'PROBE', 'PROBE', 'PROBE', 'PROBE', 'PROBE', 'PROBE', 'PROBE', 'PROBE', 'PROBE', 'PROBE', 'PROBE', 'PROBE', 'PROBE', 'PROBE', 'PROBE', 'PROBE', 'PROBE', 'PROBE', 'PROBE', 'PROBE', 'PROBE', 'PROBE', 'PROBE', 'PROBE', 'PROBE', 'PROBE', 'PROBE', 'PROBE', 'PROBE', 'PROBE', 'PROBE', 'PROBE', 'PROBE', 'HOLD', 'HOLD', 'HOLD', 'HOLD', 'HOLD', 'HOLD', 'HOLD', 'HOLD', 'HOLD', 'PROBE', 'PROBE', 'PROBE', 'PROBE', 'PROBE', 'PROBE', 'PROBE', 'PROBE', 'PROBE', 'PROBE', 'PROBE', 'PROBE', 'PROBE', 'PROBE']"
occluded_intersection,night,11,0.6,0.0,0.0,0.0,0.0,0,0,"['CRUISE', 'CRUISE', 'CRUISE', 'CRUISE', 'CRUISE', 'CRUISE', 'CRUISE', 'CRUISE', 'CRUISE', 'PROBE', 'PROBE', 'PROBE', 'PROBE', 'PROBE', 'PROBE', 'PROBE', 'PROBE', 'PROBE', 'PROBE', 'PROBE', 'PROBE', 'PROBE', 'PROBE', 'PROBE', 'PROBE', 'PROBE', 'PROBE', 'PROBE', 'PROBE', 'PROBE', 'PROBE', 'PROBE', 'PROBE', 'PROBE', 'PROBE', 'PROBE', 'PROBE', 'PROBE', 'PROBE', 'PROBE', 'PROBE', 'PROBE', 'PROBE', 'PROBE', 'PROBE', 'PROBE', 'PROBE', 'PROBE', 'PROBE', 'PROBE', 'PROBE', 'PROBE', 'PROBE', 'PROBE', 'PROBE', 'PROBE', 'PROBE', 'HOLD', 'HOLD', 'HOLD', 'HOLD', 'HOLD', 'HOLD', 'HOLD', 'HOLD', 'HOLD', 'PROBE', 'PROBE', 'PROBE', 'PROBE', 'PROBE', 'PROBE', 'PROBE', 'PROBE', 'PROBE', 'PROBE', 'PROBE', 'PROBE', 'PROBE', 'PROBE', 'PROBE', 'PROBE', 'PROBE', 'PROBE', 'PROBE', 'PROBE', 'PROBE', 'PROBE', 'PROBE', 'PROBE', 'PROBE', 'PROBE', 'PROBE', 'PROBE', 'PROBE', 'PROBE', 'PROBE', 'PROBE', 'PROBE', 'PROBE', 'PROBE', 'PROBE', 'PROBE', 'PROBE', 'PROBE', 'PROBE', 'PROBE', 'PROBE', 'PROBE', 'PROBE', 'PROBE', 'PROBE', 'PROBE', 'PROBE', 'PROBE', 'HOLD', 'HOLD', 'HOLD', 'HOLD', 'HOLD', 'HOLD', 'HOLD', 'HOLD', 'HOLD', 'PROBE', 'PROBE', 'PROBE', 'PROBE', 'PROBE']"
occluded_intersection,night,12,0.2034,-0.0,0.0,0.6421,0.5,0,0,"['CRUISE', 'CRUISE', 'CRUISE', 'CRUISE', 'CRUISE', 'CRUISE', 'CRUISE', 'CRUISE', 'CRUISE', 'PROBE', 'PROBE', 'PROBE', 'PROBE', 'PROBE', 'PROBE', 'PROBE', 'HOLD', 'HOLD', 'HOLD', 'HOLD', 'HOLD', 'HOLD', 'HOLD', 'HOLD', 'HOLD', 'HOLD', 'HOLD', 'HOLD', 'HOLD', 'HOLD', 'HOLD', 'HOLD', 'HOLD', 'HOLD', 'HOLD', 'HOLD', 'HOLD', 'HOLD', 'HOLD', 'HOLD', 'HOLD', 'HOLD', 'HOLD', 'HOLD', 'HOLD', 'HOLD', 'HOLD', 'HOLD', 'HOLD', 'HOLD', 'HOLD', 'HOLD', 'HOLD', 'HOLD', 'HOLD', 'HOLD', 'HOLD', 'HOLD', 'HOLD', 'HOLD', 'HOLD', 'HOLD', 'HOLD', 'HOLD', 'HOLD', 'HOLD', 'HOLD', 'HOLD', 'HOLD', 'HOLD', 'HOLD', 'HOLD', 'HOLD', 'HOLD', 'HOLD', 'HOLD', 'HOLD', 'HOLD', 'HOLD', 'HOLD', 'HOLD', 'HOLD', 'HOLD', 'HOLD', 'HOLD', 'HOLD', 'HOLD', 'HOLD', 'HOLD', 'HOLD', 'HOLD', 'HOLD', 'HOLD', 'HOLD', 'HOLD', 'HOLD', 'HOLD', 'HOLD', 'HOLD', 'HOLD', 'HOLD', 'HOLD', 'HOLD', 'HOLD', 'HOLD', 'HOLD', 'HOLD', 'HOLD', 'HOLD', 'HOLD', 'HOLD', 'HOLD', 'HOLD', 'ABORT', 'ABORT', 'ABORT', 'ABORT', 'ABORT', 'ABORT', 'ABORT', 'ABORT', 'ABORT', 'ABORT', 'ABORT', 'ABORT', 'ABORT', 'ABORT', 'ABORT', 'ABORT']"
occluded_intersection,night,13,0.6,0.0,0.0,0.0,0.0,0,0,"['CRUISE', 'CRUISE', 'CRUISE', 'CRUISE', 'CRUISE', 'CRUISE', 'CRUISE', 'CRUISE', 'CRUISE', 'PROBE', 'PROBE', 'PROBE', 'PROBE', 'PROBE', 'PROBE', 'PROBE', 'PROBE', 'PROBE', 'PROBE', 'PROBE', 'PROBE', 'PROBE', 'PROBE', 'PROBE', 'PROBE', 'PROBE', 'PROBE', 'PROBE', 'PROBE', 'PROBE', 'PROBE', 'PROBE', 'PROBE', 'PROBE', 'PROBE', 'PROBE', 'PROBE', 'PROBE', 'PROBE', 'PROBE', 'PROBE', 'PROBE', 'PROBE', 'PROBE', 'PROBE', 'PROBE', 'PROBE', 'PROBE', 'PROBE', 'PROBE', 'PROBE', 'PROBE', 'PROBE', 'PROBE', 'PROBE', 'PROBE', 'PROBE', 'PROBE', 'HOLD', 'HOLD', 'HOLD', 'HOLD', 'HOLD', 'HOLD', 'HOLD', 'HOLD', 'HOLD', 'HOLD', 'HOLD', 'HOLD', 'HOLD', 'HOLD', 'HOLD', 'HOLD', 'HOLD', 'HOLD', 'HOLD', 'PROBE', 'PROBE', 'PROBE', 'PROBE', 'PROBE', 'PROBE', 'PROBE', 'PROBE', 'PROBE', 'PROBE', 'PROBE', 'PROBE', 'PROBE', 'PROBE', 'PROBE', 'PROBE', 'PROBE', 'PROBE', 'PROBE', 'PROBE', 'PROBE', 'PROBE', 'PROBE', 'PROBE', 'PROBE', 'PROBE', 'PROBE', 'PROBE', 'PROBE', 'PROBE', 'PROBE', 'PROBE', 'PROBE', 'PROBE', 'PROBE', 'PROBE', 'PROBE', 'PROBE', 'PROBE', 'PROBE', 'PROBE', 'PROBE', 'PROBE', 'PROBE', 'PROBE', 'PROBE', 'PROBE', 'PROBE', 'PROBE', 'HOLD', 'HOLD', 'HOLD']"
occluded_intersection,night,14,0.2034,-0.0,0.0,0.6419,0.5,0,0,"['CRUISE', 'CRUISE', 'CRUISE', 'CRUISE', 'CRUISE', 'CRUISE', 'CRUISE', 'CRUISE', 'CRUISE', 'PROBE', 'PROBE', 'PROBE', 'PROBE', 'PROBE', 'PROBE', 'PROBE', 'HOLD', 'HOLD', 'HOLD', 'HOLD', 'HOLD', 'HOLD', 'HOLD', 'HOLD', 'HOLD', 'HOLD', 'HOLD', 'HOLD', 'HOLD', 'HOLD', 'HOLD', 'HOLD', 'HOLD', 'HOLD', 'HOLD', 'HOLD', 'HOLD', 'HOLD', 'HOLD', 'HOLD', 'HOLD', 'HOLD', 'HOLD', 'HOLD', 'HOLD', 'HOLD', 'HOLD', 'HOLD', 'HOLD', 'HOLD', 'HOLD', 'HOLD', 'HOLD', 'HOLD', 'HOLD', 'HOLD', 'HOLD', 'HOLD', 'HOLD', 'HOLD', 'HOLD', 'HOLD', 'HOLD', 'HOLD', 'HOLD', 'HOLD', 'HOLD', 'HOLD', 'HOLD', 'HOLD', 'HOLD', 'HOLD', 'HOLD', 'HOLD', 'HOLD', 'HOLD', 'HOLD', 'HOLD', 'HOLD', 'HOLD', 'HOLD', 'HOLD', 'HOLD', 'HOLD', 'HOLD', 'HOLD', 'HOLD', 'HOLD', 'HOLD', 'HOLD', 'HOLD', 'HOLD', 'HOLD', 'HOLD', 'HOLD', 'HOLD', 'HOLD', 'HOLD', 'HOLD', 'HOLD', 'HOLD', 'HOLD', 'HOLD', 'HOLD', 'HOLD', 'HOLD', 'HOLD', 'HOLD', 'HOLD', 'HOLD', 'HOLD', 'HOLD', 'HOLD', 'ABORT', 'ABORT', 'ABORT', 'ABORT', 'ABORT', 'ABORT', 'ABORT', 'ABORT', 'ABORT', 'ABORT', 'ABORT', 'ABORT', 'ABORT', 'ABORT', 'ABORT', 'ABORT']"
occluded_intersection,night,15,0.2034,-0.0,0.0,0.6422,0.5,0,0,"['CRUISE', 'CRUISE', 'CRUISE', 'CRUISE', 'CRUISE', 'CRUISE', 'CRUISE', 'CRUISE', 'PROBE', 'PROBE', 'PROBE', 'PROBE', 'PROBE', 'PROBE', 'PROBE', 'HOLD', 'HOLD', 'HOLD', 'HOLD', 'HOLD', 'HOLD', 'HOLD', 'HOLD', 'HOLD', 'HOLD', 'HOLD', 'HOLD', 'HOLD', 'HOLD', 'HOLD', 'HOLD', 'HOLD', 'HOLD', 'HOLD', 'HOLD', 'HOLD', 'HOLD', 'HOLD', 'HOLD', 'HOLD', 'HOLD', 'HOLD', 'HOLD', 'HOLD', 'HOLD', 'HOLD', 'HOLD', 'HOLD', 'HOLD', 'HOLD', 'HOLD', 'HOLD', 'HOLD', 'HOLD', 'HOLD', 'HOLD', 'HOLD', 'HOLD', 'HOLD', 'HOLD', 'HOLD', 'HOLD', 'HOLD', 'HOLD', 'HOLD', 'HOLD', 'HOLD', 'HOLD', 'HOLD', 'HOLD', 'HOLD', 'HOLD', 'HOLD', 'HOLD', 'HOLD', 'HOLD', 'HOLD', 'HOLD', 'HOLD', 'HOLD', 'HOLD', 'HOLD', 'HOLD', 'HOLD', 'HOLD', 'HOLD', 'HOLD', 'HOLD', 'HOLD', 'HOLD', 'HOLD', 'HOLD', 'HOLD', 'HOLD', 'HOLD', 'HOLD', 'HOLD', 'HOLD', 'HOLD', 'HOLD', 'HOLD', 'HOLD', 'HOLD', 'HOLD', 'HOLD', 'HOLD', 'HOLD', 'HOLD', 'HOLD', 'HOLD', 'HOLD', 'HOLD', 'ABORT', 'ABORT', 'ABORT', 'ABORT', 'ABORT', 'ABORT', 'ABORT', 'ABORT', 'ABORT', 'ABORT', 'ABORT', 'ABORT', 'ABORT', 'ABORT', 'ABORT', 'ABORT', 'ABORT']"
occluded_intersection,night,16,0.6,0.0,0.0,0.0,0.0,0,0,"['CRUISE', 'CRUISE', 'CRUISE', 'CRUISE', 'CRUISE', 'CRUISE', 'CRUISE', 'CRUISE', 'CRUISE', 'PROBE', 'PROBE', 'PROBE', 'PROBE', 'PROBE', 'PROBE', 'PROBE', 'PROBE', 'PROBE', 'PROBE', 'PROBE', 'PROBE', 'PROBE', 'PROBE', 'PROBE', 'PROBE', 'PROBE', 'PROBE', 'PROBE', 'PROBE', 'PROBE', 'PROBE', 'PROBE', 'PROBE', 'PROBE', 'PROBE', 'PROBE', 'PROBE', 'PROBE', 'PROBE', 'PROBE', 'PROBE', 'PROBE', 'PROBE', 'PROBE', 'PROBE', 'PROBE', 'PROBE', 'PROBE', 'PROBE', 'PROBE', 'PROBE', 'PROBE', 'PROBE', 'PROBE', 'PROBE', 'PROBE', 'PROBE', 'PROBE', 'HOLD', 'HOLD', 'HOLD', 'HOLD', 'HOLD', 'HOLD', 'HOLD', 'HOLD', 'HOLD', 'PROBE', 'PROBE', 'PROBE', 'PROBE', 'PROBE', 'PROBE', 'PROBE', 'PROBE', 'PROBE', 'PROBE', 'PROBE', 'PROBE', 'PROBE', 'PROBE', 'PROBE', 'PROBE', 'PROBE', 'PROBE', 'PROBE', 'PROBE', 'PROBE', 'PROBE', 'PROBE', 'PROBE', 'PROBE', 'PROBE', 'PROBE', 'PROBE', 'PROBE', 'PROBE', 'PROBE', 'PROBE', 'PROBE', 'PROBE', 'PROBE', 'PROBE', 'PROBE', 'PROBE', 'PROBE', 'PROBE', 'PROBE', 'PROBE', 'PROBE', 'PROBE', 'PROBE', 'PROBE', 'PROBE', 'PROBE', 'PROBE', 'HOLD', 'HOLD', 'HOLD', 'HOLD', 'HOLD', 'HOLD', 'HOLD', 'HOLD', 'HOLD', 'PROBE', 'PROBE', 'PROBE', 'PROBE']"
occluded_intersection,night,17,0.2034,-0.0,0.0,0.6419,0.5,0,0,"['CRUISE', 'CRUISE', 'CRUISE', 'CRUISE', 'CRUISE', 'CRUISE', 'CRUISE', 'CRUISE', 'CRUISE', 'PROBE', 'PROBE', 'PROBE', 'PROBE', 'PROBE', 'PROBE', 'PROBE', 'HOLD', 'HOLD', 'HOLD', 'HOLD', 'HOLD', 'HOLD', 'HOLD', 'HOLD', 'HOLD', 'HOLD', 'HOLD', 'HOLD', 'HOLD', 'HOLD', 'HOLD', 'HOLD', 'HOLD', 'HOLD', 'HOLD', 'HOLD', 'HOLD', 'HOLD', 'HOLD', 'HOLD', 'HOLD', 'HOLD', 'HOLD', 'HOLD', 'HOLD', 'HOLD', 'HOLD', 'HOLD', 'HOLD', 'HOLD', 'HOLD', 'HOLD', 'HOLD', 'HOLD', 'HOLD', 'HOLD', 'HOLD', 'HOLD', 'HOLD', 'HOLD', 'HOLD', 'HOLD', 'HOLD', 'HOLD', 'HOLD', 'HOLD', 'HOLD', 'HOLD', 'HOLD', 'HOLD', 'HOLD', 'HOLD', 'HOLD', 'HOLD', 'HOLD', 'HOLD', 'HOLD', 'HOLD', 'HOLD', 'HOLD', 'HOLD', 'HOLD', 'HOLD', 'HOLD', 'HOLD', 'HOLD', 'HOLD', 'HOLD', 'HOLD', 'HOLD', 'HOLD', 'HOLD', 'HOLD', 'HOLD', 'HOLD', 'HOLD', 'HOLD', 'HOLD', 'HOLD', 'HOLD', 'HOLD', 'HOLD', 'HOLD', 'HOLD', 'HOLD', 'HOLD', 'HOLD', 'HOLD', 'HOLD', 'HOLD', 'HOLD', 'HOLD', 'HOLD', 'ABORT', 'ABORT', 'ABORT', 'ABORT', 'ABORT', 'ABORT', 'ABORT', 'ABORT', 'ABORT', 'ABORT', 'ABORT', 'ABORT', 'ABORT', 'ABORT', 'ABORT', 'ABORT']"
occluded_intersection,night,18,0.6,0.0,0.0,0.0,0.0,0,0,"['CRUISE', 'CRUISE', 'CRUISE', 'CRUISE', 'CRUISE', 'CRUISE', 'CRUISE', 'CRUISE', 'CRUISE', 'PROBE', 'PROBE', 'PROBE', 'PROBE', 'PROBE', 'PROBE', 'PROBE', 'PROBE', 'PROBE', 'PROBE', 'PROBE', 'PROBE', 'PROBE', 'HOLD', 'HOLD', 'HOLD', 'HOLD', 'HOLD', 'HOLD', 'HOLD', 'HOLD', 'HOLD', 'HOLD', 'HOLD', 'HOLD', 'HOLD', 'HOLD', 'HOLD', 'HOLD', 'HOLD', 'HOLD', 'HOLD', 'HOLD', 'PROBE', 'PROBE', 'PROBE', 'PROBE', 'PROBE', 'PROBE', 'PROBE', 'PROBE', 'HOLD', 'HOLD', 'HOLD', 'HOLD', 'HOLD', 'HOLD', 'HOLD', 'HOLD', 'HOLD', 'HOLD', 'HOLD', 'HOLD', 'HOLD', 'HOLD', 'HOLD', 'HOLD', 'HOLD', 'HOLD', 'HOLD', 'HOLD', 'HOLD', 'HOLD', 'HOLD', 'HOLD', 'HOLD', 'HOLD', 'HOLD', 'HOLD', 'HOLD', 'HOLD', 'HOLD', 'HOLD', 'HOLD', 'HOLD', 'HOLD', 'HOLD', 'HOLD', 'HOLD', 'HOLD', 'HOLD', 'HOLD', 'HOLD', 'HOLD', 'HOLD', 'HOLD', 'HOLD', 'HOLD', 'HOLD', 'HOLD', 'HOLD', 'HOLD', 'HOLD', 'HOLD', 'HOLD', 'HOLD', 'HOLD', 'HOLD', 'HOLD', 'HOLD', 'HOLD', 'HOLD', 'HOLD', 'HOLD', 'HOLD', 'HOLD', 'HOLD', 'HOLD', 'HOLD', 'HOLD', 'HOLD', 'HOLD', 'HOLD', 'HOLD', 'HOLD', 'HOLD', 'HOLD', 'HOLD', 'PROBE', 'PROBE']"
occluded_intersection,night,19,0.2034,-0.0,0.0,0.6419,0.5,0,0,"['CRUISE', 'CRUISE', 'CRUISE', 'CRUISE', 'CRUISE', 'CRUISE', 'CRUISE', 'CRUISE', 'PROBE', 'PROBE', 'PROBE', 'PROBE', 'PROBE', 'PROBE', 'PROBE', 'HOLD', 'HOLD', 'HOLD', 'HOLD', 'HOLD', 'HOLD', 'HOLD', 'HOLD', 'HOLD', 'HOLD', 'HOLD', 'HOLD', 'HOLD', 'HOLD', 'HOLD', 'HOLD', 'HOLD', 'HOLD', 'HOLD', 'HOLD', 'HOLD', 'HOLD', 'HOLD', 'HOLD', 'HOLD', 'HOLD', 'HOLD', 'HOLD', 'HOLD', 'HOLD', 'HOLD', 'HOLD', 'HOLD', 'HOLD', 'HOLD', 'HOLD', 'HOLD', 'HOLD', 'HOLD', 'HOLD', 'HOLD', 'HOLD', 'HOLD', 'HOLD', 'HOLD', 'HOLD', 'HOLD', 'HOLD', 'HOLD', 'HOLD', 'HOLD', 'HOLD', 'HOLD', 'HOLD', 'HOLD', 'HOLD', 'HOLD', 'HOLD', 'HOLD', 'HOLD', 'HOLD', 'HOLD', 'HOLD', 'HOLD', 'HOLD', 'HOLD', 'HOLD', 'HOLD', 'HOLD', 'HOLD', 'HOLD', 'HOLD', 'HOLD', 'HOLD', 'HOLD', 'HOLD', 'HOLD', 'HOLD', 'HOLD', 'HOLD', 'HOLD', 'HOLD', 'HOLD', 'HOLD', 'HOLD', 'HOLD', 'HOLD', 'HOLD', 'HOLD', 'HOLD', 'HOLD', 'HOLD', 'HOLD', 'HOLD', 'HOLD', 'HOLD', 'HOLD', 'ABORT', 'ABORT', 'ABORT', 'ABORT', 'ABORT', 'ABORT', 'ABORT', 'ABORT', 'ABORT', 'ABORT', 'ABORT', 'ABORT', 'ABORT', 'ABORT', 'ABORT', 'ABORT', 'ABORT']"
